filename,F_May_22_VUS-PR,F_May_22_VUS-ROC,F_May_22_F_May_22_vs_Avg_VUS-PR_Diff,F_May_22_F_May_22_vs_Max_VUS-PR_Diff,F_May_22_Benchmark_Avg_VUS-PR,F_May_22_Benchmark_Max_VUS-PR,F_May_22_AUC-PR,F_May_22_AUC-ROC,F_May_22_Affiliation-F,F_May_22_R-based-F1,F_May_22_Event-based-F1,F_May_22_PA-F1,F_May_22_Standard-F1,F_May_22_runtime,F_May_22_per_feature_artifacts_path
001_NAB_id_1_Facility_tr_1007_1st_2014.csv,0.7392602237088071,0.8573243512908086,0.5628112603383373,0.1656482593610188,0.1764489633704697,0.5736119643477883,0.76527104444925,0.8717201166180758,0.9956956363260572,0.8829527098122323,0.9999999999999996,1.0,0.8528379176688,127.96989250183104,MAD/F_May_22_Feature_Plots/001_NAB_id_1_Facility_tr_1007_1st_2014/F_May_22_per_feature_artifacts_details.json
002_NAB_id_2_WebService_tr_1500_1st_4106.csv,0.4845826879021394,0.7102461022356967,0.2738760641135208,-0.1413671270844943,0.2107066237886185,0.6259498149866337,0.501866823652538,0.7213500784929356,0.9953245263442752,0.5476516187870497,0.9999999999999996,1.0,0.613706301078196,104.42338514328004,MAD/F_May_22_Feature_Plots/002_NAB_id_2_WebService_tr_1500_1st_4106/F_May_22_per_feature_artifacts_details.json
005_NAB_id_5_Traffic_tr_594_1st_1645.csv,0.535708388555372,0.7418227032778614,0.427167679557712,0.2461047897925277,0.1085407089976599,0.2896035987628442,0.5575836892133901,0.7542016806722689,0.9939185773469,0.7552301255230126,0.9999999999999996,1.0,0.6740902386218163,79.42793774604797,MAD/F_May_22_Feature_Plots/005_NAB_id_5_Traffic_tr_594_1st_1645/F_May_22_per_feature_artifacts_details.json
006_NAB_id_6_Traffic_tr_2579_1st_5839.csv,0.1988095651667128,0.561467269639466,-0.0831898667218584,-0.6417885622829318,0.2819994318885712,0.8405981274496447,0.2957684273305561,0.6498017803707693,0.5465618918908621,0.4415584415584416,0.5333333333333329,0.571032571032571,0.4371987811785668,147.90952801704407,MAD/F_May_22_Feature_Plots/006_NAB_id_6_Traffic_tr_2579_1st_5839/F_May_22_per_feature_artifacts_details.json
008_NAB_id_8_Synthetic_tr_1007_1st_2734.csv,0.4695624199471451,0.7191900959166327,-0.0129112876166721,-0.3619736254232749,0.4824737075638172,0.83153604537042,0.4711368740798932,0.7228654193896871,0.9879379806330464,0.3722261989978525,0.9999999999999996,1.0,0.5866166447593808,361.3929979801178,MAD/F_May_22_Feature_Plots/008_NAB_id_8_Synthetic_tr_1007_1st_2734/F_May_22_per_feature_artifacts_details.json
009_NAB_id_9_Traffic_tr_500_1st_438.csv,0.3078846858286888,0.6119536035550127,0.1138089927846685,-0.4432291045043137,0.1940756930440202,0.7511137903330025,0.3054833652094919,0.6073740835951633,0.8702579592117606,0.3326406136482673,0.8076923076923072,0.935064935064935,0.4077627825865431,427.36478328704834,MAD/F_May_22_Feature_Plots/009_NAB_id_9_Traffic_tr_500_1st_438/F_May_22_per_feature_artifacts_details.json
010_NAB_id_10_WebService_tr_500_1st_271.csv,0.9980431763591568,0.9997136271483058,0.613635967421839,0.0167244298081185,0.3844072089373178,0.9813187465510383,0.9963481578414916,0.9993814236771984,0.9988385466392504,0.9759700510952598,0.9999999999999996,1.0,0.976583629291486,92.80102968215942,MAD/F_May_22_Feature_Plots/010_NAB_id_10_WebService_tr_500_1st_271/F_May_22_per_feature_artifacts_details.json
011_NAB_id_11_Facility_tr_1007_1st_1526.csv,0.5406616984091307,0.7395886048405685,0.213593125328159,-0.3893742193759049,0.3270685730809717,0.9300359177850356,0.5457629531468671,0.7426160337552743,0.9953335470760426,0.5653753026634383,0.9999999999999996,1.0,0.6534046915650028,366.99631524086,MAD/F_May_22_Feature_Plots/011_NAB_id_11_Facility_tr_1007_1st_1526/F_May_22_per_feature_artifacts_details.json
013_NAB_id_13_Traffic_tr_623_1st_2084.csv,0.978284808957206,0.9879234264061224,0.6443398142255845,0.1012509074269585,0.3339449947316215,0.8770339015302475,0.9782122254701606,0.9879032258064516,0.9999502533746816,0.990228013029316,0.9999999999999996,1.0,0.987750102815806,96.59412622451782,MAD/F_May_22_Feature_Plots/013_NAB_id_13_Traffic_tr_623_1st_2084/F_May_22_per_feature_artifacts_details.json
014_NAB_id_14_WebService_tr_500_1st_1045.csv,0.2802838782720785,0.8740034164617382,0.0913111953186218,-0.2987913258201903,0.1889726829534567,0.5790752040922689,0.2848667256694503,0.8771636899106974,0.8821789078209789,0.499339498018494,0.5345132743362827,0.9806451612903224,0.5335649759931658,109.76656794548036,MAD/F_May_22_Feature_Plots/014_NAB_id_14_WebService_tr_500_1st_1045/F_May_22_per_feature_artifacts_details.json
015_NAB_id_15_Synthetic_tr_1007_1st_2787.csv,0.2947360566663364,0.5957318128213589,-0.0780311943561922,-0.7052631623263348,0.3727672510225287,0.9999992189926712,0.3161013838656842,0.6081871345029239,0.9800689817424766,0.5434412265758092,0.9999999999999996,1.0,0.3557663059596961,88.20930743217468,MAD/F_May_22_Feature_Plots/015_NAB_id_15_Synthetic_tr_1007_1st_2787/F_May_22_per_feature_artifacts_details.json
016_NAB_id_16_Environment_tr_1816_1st_3540.csv,0.1754456649601461,0.6542330432581385,0.0238714389254285,-0.199332002844964,0.1515742260347175,0.3747776678051102,0.1926748367355455,0.6578740682812798,0.973761203358436,0.6365941184778825,0.9999999999999996,1.0,0.2884700268005873,108.0509068965912,MAD/F_May_22_Feature_Plots/016_NAB_id_16_Environment_tr_1816_1st_3540/F_May_22_per_feature_artifacts_details.json
017_NAB_id_17_Synthetic_tr_1007_1st_1805.csv,0.3556932838818468,0.6419758286754578,0.0408736120823294,-0.5228030616697995,0.3148196717995174,0.8784963455516464,0.3819021982619771,0.6567164179104478,0.9880852913296134,0.6213991769547326,0.9999999999999996,1.0,0.4772690935194016,375.4075314998626,MAD/F_May_22_Feature_Plots/017_NAB_id_17_Synthetic_tr_1007_1st_1805/F_May_22_per_feature_artifacts_details.json
018_NAB_id_18_Facility_tr_500_1st_669.csv,0.1565435405608822,0.5164193791016897,-0.0388662597310942,-0.2640621316384762,0.1954098002919765,0.4206056721993585,0.099946836788942,0.5,,0.0,0.0,0.0,0.1817286523364183,78.85248255729675,MAD/F_May_22_Feature_Plots/018_NAB_id_18_Facility_tr_500_1st_669/F_May_22_per_feature_artifacts_details.json
019_NAB_id_19_Facility_tr_1007_1st_1171.csv,0.158988628352284,0.6212236810391878,-0.0106253641303379,-0.2792679375319584,0.169613992482622,0.4382565658842425,0.1765540628756038,0.6326111952630129,0.9751848933644824,0.6121265878924192,0.9999999999999996,1.0,0.2945793960635472,100.56530690193176,MAD/F_May_22_Feature_Plots/019_NAB_id_19_Facility_tr_1007_1st_1171/F_May_22_per_feature_artifacts_details.json
020_NAB_id_20_Synthetic_tr_1007_1st_2679.csv,0.7945291595282378,0.8784886480403972,0.3548563574463736,-0.2046430806101662,0.4396728020818641,0.999172240138404,0.801114630534453,0.8824476650563606,0.9978180807838568,0.8961962317810167,0.9999999999999996,1.0,0.8667834099224675,124.91656684875488,MAD/F_May_22_Feature_Plots/020_NAB_id_20_Synthetic_tr_1007_1st_2679/F_May_22_per_feature_artifacts_details.json
022_NAB_id_22_Facility_tr_1007_1st_2980.csv,0.5216552497261129,0.9173863725220603,0.1577050865214774,-0.2149480592328966,0.3639501632046354,0.7366033089590095,0.437415427524105,0.8809182130885349,0.8631861602596306,0.3802896942647101,0.6666666666666662,0.7619047619047619,0.6279328525294844,131.26031684875488,MAD/F_May_22_Feature_Plots/022_NAB_id_22_Facility_tr_1007_1st_2980/F_May_22_per_feature_artifacts_details.json
023_NAB_id_23_Facility_tr_4512_1st_16551.csv,0.2404052128007629,0.5858044506496726,-0.0679206860036868,-0.4496667363502737,0.3083258988044498,0.6900719491510368,0.2403193546480538,0.585781041388518,0.9706845127935666,0.5043929712460065,0.9999999999999996,1.0,0.2928749930100311,115.86278867721558,MAD/F_May_22_Feature_Plots/023_NAB_id_23_Facility_tr_4512_1st_16551/F_May_22_per_feature_artifacts_details.json
024_NAB_id_24_Synthetic_tr_1007_1st_2787.csv,0.3219269556864295,0.6113180561824633,-0.0954285392261675,-0.6780721811925141,0.417355494912597,0.9999991368789436,0.33311378725211,0.6179337231968811,0.9818411617402464,0.4548192771084338,0.9999999999999996,1.0,0.3817003815095313,102.48477864265442,MAD/F_May_22_Feature_Plots/024_NAB_id_24_Synthetic_tr_1007_1st_2787/F_May_22_per_feature_artifacts_details.json
025_NAB_id_25_WebService_tr_3958_1st_4614.csv,0.2218324304448775,0.5761432472559305,0.105583952499672,-0.0361835805531952,0.1162484779452055,0.2580160109980728,0.2214743412585238,0.5760320559051005,0.9751116458828614,0.4347380993004607,0.9999999999999996,1.0,0.2636141579193315,123.5650908946991,MAD/F_May_22_Feature_Plots/025_NAB_id_25_WebService_tr_3958_1st_4614/F_May_22_per_feature_artifacts_details.json
026_NAB_id_26_Traffic_tr_624_1st_2261.csv,0.2464874605071015,0.711666171538197,0.1233576407303138,-0.1384241097503584,0.1231298197767876,0.3849115702574599,0.2501425281463201,0.7165816791112729,0.9122635415875816,0.436046511627907,0.7199999999999995,0.9937369519832986,0.4203564864741068,362.6793529987335,MAD/F_May_22_Feature_Plots/026_NAB_id_26_Traffic_tr_624_1st_2261/F_May_22_per_feature_artifacts_details.json
027_NAB_id_27_Facility_tr_757_1st_2582.csv,0.3347359907390206,0.7827654157501509,0.1641654219625739,-0.3437443633676686,0.1705705687764466,0.6784803541066893,0.3278561789522005,0.7808839632638643,0.79394144981792,0.5192307692307693,0.6666666666666662,0.9975062344139652,0.545040094193173,358.19107484817505,MAD/F_May_22_Feature_Plots/027_NAB_id_27_Facility_tr_757_1st_2582/F_May_22_per_feature_artifacts_details.json
028_NAB_id_28_Facility_tr_1007_1st_3447.csv,0.3109852484124717,0.6141541821056125,-0.0673109629195578,-0.6889913736316202,0.3782962113320296,0.999976622044092,0.316501185579203,0.6174418604651163,0.9773345432275616,0.5589812332439679,0.9999999999999996,1.0,0.3804112320747684,354.32060050964355,MAD/F_May_22_Feature_Plots/028_NAB_id_28_Facility_tr_1007_1st_3447/F_May_22_per_feature_artifacts_details.json
032_WSD_id_4_WebService_tr_4559_1st_11822.csv,0.4698643594253575,0.9981624167541776,0.3459061542771801,-0.3248482141216048,0.1239582051481774,0.7947125735469623,0.4930204946449942,0.9980553078655904,0.9087585192871116,0.5315203955500618,0.6896551724137926,0.9552238805970148,0.5882305993454282,130.3670516014099,MAD/F_May_22_Feature_Plots/032_WSD_id_4_WebService_tr_4559_1st_11822/F_May_22_per_feature_artifacts_details.json
039_WSD_id_11_WebService_tr_1746_1st_1846.csv,0.6647974930615144,0.8584455663676852,0.3659658740315298,-0.1388062784379715,0.2988316190299845,0.8036037714994859,0.3481960866133832,0.8325067309351601,0.8188176695757421,0.5821664183868908,0.8333333333333327,0.8108108108108109,0.3987089406208646,117.6605281829834,MAD/F_May_22_Feature_Plots/039_WSD_id_11_WebService_tr_1746_1st_1846/F_May_22_per_feature_artifacts_details.json
040_WSD_id_12_WebService_tr_4559_1st_9714.csv,0.919707881229144,0.9998057827653788,0.8454026956569983,-0.0084023745990819,0.0743051855721456,0.928110255828226,0.796169426748209,0.9990958384439574,0.96573113576815,0.6031347962382446,0.6666666666666662,0.8285714285714286,0.7323894862455683,133.2214388847351,MAD/F_May_22_Feature_Plots/040_WSD_id_12_WebService_tr_4559_1st_9714/F_May_22_per_feature_artifacts_details.json
043_WSD_id_15_WebService_tr_4521_1st_6828.csv,0.0406996389476458,0.9935915387827357,-0.0533705940510792,-0.5673970406612989,0.0940702329987251,0.6080966796089448,0.0323143392842585,0.9935929347124656,0.8308576544922817,0.8,0.0794701986754966,0.0794701986754966,0.0794694355584002,236.8718430995941,MAD/F_May_22_Feature_Plots/043_WSD_id_15_WebService_tr_4521_1st_6828/F_May_22_per_feature_artifacts_details.json
049_WSD_id_21_WebService_tr_4297_1st_7097.csv,0.3475981153803651,0.8677023779523201,0.2774765481432064,-0.0094856435635544,0.0701215672371587,0.3570837589439196,0.6290794643713351,0.9630051250427712,0.799704972292018,0.6033519553072626,0.7999999999999995,0.9491525423728814,0.6376762109184686,136.83253860473633,MAD/F_May_22_Feature_Plots/049_WSD_id_21_WebService_tr_4297_1st_7097/F_May_22_per_feature_artifacts_details.json
054_WSD_id_26_WebService_tr_2409_1st_2509.csv,0.7842258091509351,0.8980222687432927,0.649822253428678,0.050862314297237,0.134403555722257,0.733363494853698,0.809280399214892,0.930077721278267,0.8887038049676367,0.7789196641183105,0.8888888888888884,0.926829268292683,0.7936458050200194,126.05998229980467,MAD/F_May_22_Feature_Plots/054_WSD_id_26_WebService_tr_2409_1st_2509/F_May_22_per_feature_artifacts_details.json
058_WSD_id_30_WebService_tr_1136_1st_1236.csv,0.2638311238986084,0.998505543281113,0.1556050905101879,-0.4727021877626366,0.1082260333884205,0.7365333116612451,0.9415178571428572,0.9999759984639016,0.9999691534683492,0.8421052631578948,0.9999999999999996,1.0,0.8888839506447186,109.08630895614624,MAD/F_May_22_Feature_Plots/058_WSD_id_30_WebService_tr_1136_1st_1236/F_May_22_per_feature_artifacts_details.json
060_WSD_id_32_WebService_tr_4576_1st_4766.csv,0.713218725826448,0.907762437057178,0.6069814089769565,-0.0600779997575382,0.1062373168494914,0.7732967255839862,0.7426224637452681,0.912646913404707,0.93278431541871,0.8035267217485127,0.9333333333333328,0.9090909090909092,0.7325533126332113,121.39423441886902,MAD/F_May_22_Feature_Plots/060_WSD_id_32_WebService_tr_4576_1st_4766/F_May_22_per_feature_artifacts_details.json
068_WSD_id_40_WebService_tr_4549_1st_13322.csv,0.5049806973410587,0.9990109882502672,0.4531563446326619,0.2569147767567805,0.0518243527083967,0.2480659205842781,0.7643930524898948,0.9996953719309434,0.9191598245878582,0.7186155846754028,0.9032258064516124,0.9830508474576272,0.7868802580267797,184.60484051704407,MAD/F_May_22_Feature_Plots/068_WSD_id_40_WebService_tr_4549_1st_13322/F_May_22_per_feature_artifacts_details.json
074_WSD_id_46_WebService_tr_990_1st_1090.csv,0.7285636735474005,0.9354294350930192,0.4494402832192439,-0.1370005007930244,0.2791233903281565,0.8655641743404249,0.7136790097570236,0.9525860147492284,0.93389734807884,0.7407882540453411,0.8896321070234108,0.9535714285714286,0.7111863467878548,134.74358248710632,MAD/F_May_22_Feature_Plots/074_WSD_id_46_WebService_tr_990_1st_1090/F_May_22_per_feature_artifacts_details.json
089_WSD_id_61_WebService_tr_1010_1st_1110.csv,0.7686623566047425,0.92549328036055,0.3865200440684544,-0.1518931616047475,0.382142312536288,0.92055551820949,0.5144632469607636,0.8797857378060733,0.8586821102900897,0.6478323671447025,0.7499999999999994,0.7435897435897436,0.5790705750431496,155.92220258712769,MAD/F_May_22_Feature_Plots/089_WSD_id_61_WebService_tr_1010_1st_1110/F_May_22_per_feature_artifacts_details.json
094_WSD_id_66_WebService_tr_3309_1st_3914.csv,0.6279773107607706,0.8281430376064133,0.5220490543521394,-0.136516387614584,0.1059282564086311,0.7644936983753546,0.7013605673619273,0.8547741684160409,0.7999428705915181,0.7611940298507462,0.7999999999999995,0.8333333333333334,0.7936458554099156,134.8786633014679,MAD/F_May_22_Feature_Plots/094_WSD_id_66_WebService_tr_3309_1st_3914/F_May_22_per_feature_artifacts_details.json
099_WSD_id_71_WebService_tr_4559_1st_14411.csv,0.5548494939921267,0.9990157759798614,0.4692456793402486,-0.0394636331390666,0.085603814651878,0.5943131271311933,0.6513600755084759,0.9991662142507658,0.9384950078306245,0.6853766617429838,0.8484848484848478,0.9879518072289156,0.6551678433731435,149.3358919620514,MAD/F_May_22_Feature_Plots/099_WSD_id_71_WebService_tr_4559_1st_14411/F_May_22_per_feature_artifacts_details.json
106_WSD_id_78_WebService_tr_3363_1st_3463.csv,0.6365673239260017,0.8304610277371465,0.3796619684881203,-0.2515851482198867,0.2569053554378814,0.8881524721458884,0.7912130764850415,0.9571681718226264,0.7986821607048225,0.6411972387627127,0.7999999999999995,0.9575471698113208,0.7184067567341719,125.92980337142944,MAD/F_May_22_Feature_Plots/106_WSD_id_78_WebService_tr_3363_1st_3463/F_May_22_per_feature_artifacts_details.json
113_WSD_id_85_WebService_tr_500_1st_335.csv,0.9920569742085302,0.9999674984391432,0.8135594258930547,0.0765660086409828,0.1784975483154755,0.9154909655675474,0.946738563021039,0.9997015001144696,0.999556446119768,0.8894203618979798,0.9999999999999996,1.0,0.8755314852280822,111.21256136894226,MAD/F_May_22_Feature_Plots/113_WSD_id_85_WebService_tr_500_1st_335/F_May_22_per_feature_artifacts_details.json
117_WSD_id_89_WebService_tr_3251_1st_3351.csv,0.4014257220028517,0.9987934322055476,0.3020299851762897,-0.0098599214225483,0.0993957368265619,0.4112856434254001,1.0,1.0,0.9999999999999996,1.0,0.9999999999999996,1.0,0.999995000025,133.4755139350891,MAD/F_May_22_Feature_Plots/117_WSD_id_89_WebService_tr_3251_1st_3351/F_May_22_per_feature_artifacts_details.json
125_WSD_id_97_WebService_tr_2217_1st_2317.csv,0.4531309129223844,0.7640667049673557,0.3541734920078087,-0.2253905245317793,0.0989574209145757,0.6785214374541638,0.5705150035017614,0.8352753138292354,0.8225037509547265,0.6699888974166927,0.8235294117647053,0.8131868131868132,0.6006141951359875,106.95225739479064,MAD/F_May_22_Feature_Plots/125_WSD_id_97_WebService_tr_2217_1st_2317/F_May_22_per_feature_artifacts_details.json
130_WSD_id_102_WebService_tr_2362_1st_2462.csv,0.7762428318376787,0.9977532209067718,0.6433829027148021,0.0541599300816099,0.1328599291228765,0.7220829017560688,0.7190166088393908,0.9966026102936474,0.9967759376973764,0.7333789073697764,0.9999999999999996,1.0,0.6785666844152546,115.0386128425598,MAD/F_May_22_Feature_Plots/130_WSD_id_102_WebService_tr_2362_1st_2462/F_May_22_per_feature_artifacts_details.json
137_WSD_id_109_WebService_tr_4559_1st_14404.csv,0.8821322704363392,0.9997600460392304,0.785543989117035,0.2405616553141617,0.0965882813193041,0.6415706151221775,0.9838865714872548,0.9999557086017624,0.9998634142044004,0.9452684089635413,0.9999999999999996,1.0,0.9439950157063168,122.6747272014618,MAD/F_May_22_Feature_Plots/137_WSD_id_109_WebService_tr_4559_1st_14404/F_May_22_per_feature_artifacts_details.json
139_WSD_id_111_WebService_tr_1701_1st_1801.csv,0.591748694407197,0.929616834539652,0.3036511613376548,-0.1171920507459627,0.2880975330695421,0.7089407451531597,0.4414632536209416,0.9300973624918164,0.9080987348367258,0.6057523968320133,0.7777777777777771,0.9156626506024096,0.4976910489112791,126.5665090084076,MAD/F_May_22_Feature_Plots/139_WSD_id_111_WebService_tr_1701_1st_1801/F_May_22_per_feature_artifacts_details.json
140_MSL_id_1_Sensor_tr_530_1st_630.csv,0.9691230779036972,0.9835937731596948,0.4673735337831181,-0.0305179070293084,0.501749544120579,0.9996409849330056,0.9681037129032668,0.9834191754149234,0.9998911557221472,0.9728353140916808,0.9999999999999996,1.0,0.9707062978846772,72.50942587852478,MAD/F_May_22_Feature_Plots/140_MSL_id_1_Sensor_tr_530_1st_630/F_May_22_per_feature_artifacts_details.json
141_MSL_id_2_Sensor_tr_500_1st_550.csv,0.1548223502065244,0.5373767918737801,-0.2173667915896433,-0.77275903216002,0.3721891417961678,0.9275813823665444,0.1475798860533896,0.5605912082282472,0.6996809432706308,0.2594676830741547,0.3107344632768358,0.7657142857142857,0.2729490243073044,104.3109850883484,MAD/F_May_22_Feature_Plots/141_MSL_id_2_Sensor_tr_500_1st_550/F_May_22_per_feature_artifacts_details.json
143_MSL_id_4_Sensor_tr_980_1st_3550.csv,0.7522533503434164,0.8710321663199381,0.3294625152158809,-0.2475936235049847,0.4227908351275355,0.9998469738484012,0.7452982158717507,0.8665662137504587,0.9986473279654794,0.8814814814814815,0.9999999999999996,1.0,0.847323360846279,117.47529292106628,MAD/F_May_22_Feature_Plots/143_MSL_id_4_Sensor_tr_980_1st_3550/F_May_22_per_feature_artifacts_details.json
144_MSL_id_5_Sensor_tr_1525_1st_4590.csv,0.0220887125374233,0.5001567652420299,-0.1141463132861628,-0.965335318139876,0.1362350258235862,0.9874240306772992,0.0214754098360655,0.5,,0.0,0.0,0.0,0.0420474137550571,80.36191368103027,MAD/F_May_22_Feature_Plots/144_MSL_id_5_Sensor_tr_1525_1st_4590/F_May_22_per_feature_artifacts_details.json
145_MSL_id_6_Sensor_tr_530_1st_630.csv,0.1080942886445795,0.7793036026366686,-0.189762080628311,-0.8889790460464608,0.2978563692728906,0.9970733346910404,0.0849138063527982,0.744197158800096,0.6919474617601412,0.2636417068296697,0.2132796780684102,0.51931330472103,0.2112657022742645,139.7688341140747,MAD/F_May_22_Feature_Plots/145_MSL_id_6_Sensor_tr_530_1st_630/F_May_22_per_feature_artifacts_details.json
147_MSL_id_8_Sensor_tr_590_1st_690.csv,0.147513744771613,0.5126374162777673,-0.0996867243901936,-0.4969624486877844,0.2472004691618066,0.6444761934593974,0.1037037037037037,0.5,,0.0,0.0,0.0,0.1879177604766668,89.64969849586487,MAD/F_May_22_Feature_Plots/147_MSL_id_8_Sensor_tr_590_1st_690/F_May_22_per_feature_artifacts_details.json
148_MSL_id_9_Sensor_tr_883_1st_1238.csv,0.5897277855166044,0.9286729129413032,0.3168176780827114,-0.2229447067075032,0.272910107433893,0.8126724922241076,0.594108436081224,0.9340546899453048,0.8744128229481624,0.685466206216083,0.8421052631578942,0.9978118161925602,0.6794377200497758,100.4945764541626,MAD/F_May_22_Feature_Plots/148_MSL_id_9_Sensor_tr_883_1st_1238/F_May_22_per_feature_artifacts_details.json
149_Stock_id_1_Finance_tr_500_1st_7.csv,0.993797823287423,0.9998387344528672,0.1496379278356564,-0.0051742157333025,0.8441598954517666,0.9989720390207256,0.9919110212335692,0.9997896840002104,0.9994205514276604,0.997319034852547,0.9959390862944156,0.9959390862944164,0.9959340864019725,297.6149072647095,MAD/F_May_22_Feature_Plots/149_Stock_id_1_Finance_tr_500_1st_7/F_May_22_per_feature_artifacts_details.json
151_Stock_id_3_Finance_tr_500_1st_62.csv,0.9986267031171208,0.9999645575887904,0.1475371865159223,0.0010832758177754,0.8510895166011984,0.9975434272993452,0.9918533604887984,0.9997897613791652,0.9990769945770476,0.9967707212055976,0.9959100204498972,0.9959100204498976,0.9959050205586392,316.8484401702881,MAD/F_May_22_Feature_Plots/151_Stock_id_3_Finance_tr_500_1st_62/F_May_22_per_feature_artifacts_details.json
155_Stock_id_7_Finance_tr_500_1st_18.csv,0.990939564296269,0.9997659470077136,0.0653970658028474,-0.0085813647316298,0.9255424984934216,0.9995209290278988,0.989827060020346,0.9997372155358176,0.9985868808580324,0.9959557832299812,0.9948875255623716,0.994887525562372,0.994882525718186,542.6155080795288,MAD/F_May_22_Feature_Plots/155_Stock_id_7_Finance_tr_500_1st_18/F_May_22_per_feature_artifacts_details.json
156_Stock_id_8_Finance_tr_500_1st_24.csv,0.9388443658226762,0.966459263451529,0.6163534780793372,-0.0494136733758934,0.322490887743339,0.9882580391985696,0.9268399985066472,0.9632757826762952,0.9627680581664824,0.9591190546770004,0.9595995152344116,0.961783439490446,0.957351082604328,356.01769757270813,MAD/F_May_22_Feature_Plots/156_Stock_id_8_Finance_tr_500_1st_24/F_May_22_per_feature_artifacts_details.json
160_Stock_id_12_Finance_tr_500_1st_14.csv,0.9914062991836698,0.9997761011125652,0.3113056697796048,-0.0059172322981059,0.680100629404065,0.9973235314817758,0.989909182643794,0.9997371050002628,0.9988865289830482,0.995998933048813,0.994929006085192,0.9949290060851927,0.9949240062388937,365.4102025032044,MAD/F_May_22_Feature_Plots/160_Stock_id_12_Finance_tr_500_1st_14/F_May_22_per_feature_artifacts_details.json
162_Stock_id_14_Finance_tr_500_1st_4.csv,0.9932224627648124,0.9948823298395028,0.0396814262910172,-0.0060625203694276,0.9535410364737952,0.99928498313424,0.8652602780762635,0.916573565015636,0.9161550056312032,0.9063916622578968,0.9165091003450896,0.9259402869329196,0.9020957179479204,490.7913126945496,MAD/F_May_22_Feature_Plots/162_Stock_id_14_Finance_tr_500_1st_4/F_May_22_per_feature_artifacts_details.json
165_Stock_id_17_Finance_tr_500_1st_7.csv,0.9953464053277375,0.9996179236749108,0.0180101835362589,-0.0045848191570483,0.9773362217914788,0.999931224484786,0.9907932011331444,0.999244273921637,0.9988021006799253,0.9963340236189624,0.9953753112771252,0.9953753112771256,0.9953703114091792,321.023642539978,MAD/F_May_22_Feature_Plots/165_Stock_id_17_Finance_tr_500_1st_7/F_May_22_per_feature_artifacts_details.json
166_Stock_id_18_Finance_tr_500_1st_18.csv,0.989912130431134,0.9987822339817132,0.0968109777389215,-0.0097969216995841,0.8931011526922124,0.999709052130718,0.9845888633466552,0.9980341685712166,0.9973674687919546,0.993150101945282,0.992271352190277,0.9923637009412184,0.992000685064836,3030.1621317863464,MAD/F_May_22_Feature_Plots/166_Stock_id_18_Finance_tr_500_1st_18/F_May_22_per_feature_artifacts_details.json
169_Daphnet_id_1_HumanActivity_tr_9693_1st_20732.csv,0.0600517583656494,0.4609963349363404,-0.1491143292225282,-0.4595332883067894,0.2091660875881777,0.5195850466724389,0.0594728426265022,0.4608423823626192,0.2465118383369904,0.0,0.0,0.0,0.1122676842582304,187.19519901275635,MAD/F_May_22_Feature_Plots/169_Daphnet_id_1_HumanActivity_tr_9693_1st_20732/F_May_22_per_feature_artifacts_details.json
170_MITDB_id_1_Medical_tr_17675_1st_17775.csv,0.0605968478099845,0.5258476311612351,-0.082252741558389,-0.8175493775957363,0.1428495893683735,0.8781462254057208,0.0664815448849038,0.6285230696085224,0.6747246836490007,0.1931648358141323,0.1517731996932269,0.2365584160637164,0.1351077509274723,2356.909691810608,MAD/F_May_22_Feature_Plots/170_MITDB_id_1_Medical_tr_17675_1st_17775/F_May_22_per_feature_artifacts_details.json
171_MITDB_id_2_Medical_tr_50000_1st_88864.csv,0.036320529353282,0.4583378310375954,-0.2412304769544445,-0.8983290806977479,0.2775510063077266,0.93464961005103,0.0429361903798647,0.5792250060926595,0.6110439985931733,0.2603112730856294,0.1307805329531597,0.2513937199218564,0.1169380015154409,3507.380468606949,MAD/F_May_22_Feature_Plots/171_MITDB_id_2_Medical_tr_50000_1st_88864/F_May_22_per_feature_artifacts_details.json
172_MITDB_id_3_Medical_tr_27274_1st_27374.csv,0.0424257891430068,0.5272917467582912,-0.1013616040733289,-0.696675995648501,0.1437873932163357,0.7391017847915079,0.0497842343146005,0.6510808854738729,0.6270148843411112,0.1502547352366325,0.1152807146737945,0.1355315830704105,0.1111007085608326,2371.245288133621,MAD/F_May_22_Feature_Plots/172_MITDB_id_3_Medical_tr_27274_1st_27374/F_May_22_per_feature_artifacts_details.json
173_MITDB_id_4_Medical_tr_13620_1st_13720.csv,0.1253030417069434,0.4922579445987987,-0.0878215687578791,-0.4386987508400547,0.2131246104648225,0.5640017925469981,0.1312413308976926,0.6049166949704352,0.6537378575457613,0.0076670358171939,0.2349970805563757,0.2350860236300138,0.2350833527685014,2382.648252248764,MAD/F_May_22_Feature_Plots/173_MITDB_id_4_Medical_tr_13620_1st_13720/F_May_22_per_feature_artifacts_details.json
175_MITDB_id_6_Medical_tr_27274_1st_27374.csv,0.0280154014690978,0.5000399686064104,-0.1043028361006207,-0.6801996779957152,0.1323182375697186,0.7082150794648131,0.02786,0.5,,0.0,0.0,0.0,0.0542091898780974,12475.519331932068,MAD/F_May_22_Feature_Plots/175_MITDB_id_6_Medical_tr_27274_1st_27374/F_May_22_per_feature_artifacts_details.json
176_MITDB_id_7_Medical_tr_6232_1st_6332.csv,0.0815399808954459,0.5011469604524109,-0.2511093295417061,-0.8810806480038129,0.332649310437152,0.9626206288992588,0.1042848302548576,0.599303038422479,0.6506694988901206,0.275208889849049,0.3425414364640879,0.6369158299243833,0.2039868694292596,4163.211791992188,MAD/F_May_22_Feature_Plots/176_MITDB_id_7_Medical_tr_6232_1st_6332/F_May_22_per_feature_artifacts_details.json
177_MITDB_id_8_Medical_tr_17675_1st_17775.csv,0.041988006371563,0.370043940413784,-0.12943267481624118,-0.8960916374265434,0.17142068118780418,0.9380796437981064,0.03898943316208418,0.4836220204135038,0.6137450460905677,0.05205004292134871,0.0893418577787872,0.09400216207868423,0.08916871437296175,4085.3528468608856,MAD/F_May_22_Feature_Plots/177_MITDB_id_8_Medical_tr_17675_1st_17775/F_May_22_per_feature_artifacts_details.json
178_SMD_id_1_Facility_tr_6000_1st_10609.csv,0.04407947804790086,0.5264237687047718,-0.04278906416574076,-0.23583702622679015,0.08686854221364163,0.279916504274691,0.10720745511319282,0.6365531915358649,0.5871394559816749,0.18477629285299244,0.28571428571428525,0.8405405405405405,0.30632414681984715,130.77192521095276,MAD/F_May_22_Feature_Plots/178_SMD_id_1_Facility_tr_6000_1st_10609/F_May_22_per_feature_artifacts_details.json
179_SMD_id_2_Facility_tr_5925_1st_17580.csv,0.02442440362809404,0.7659774141271533,-0.22416163138127812,-0.9479626209870448,0.24858603500937215,0.9723870246151388,0.10618963824039832,0.7815647044980004,0.9981423467495132,0.5032602270799816,0.9999999999999996,1.0,0.17045298619711488,132.23814153671265,MAD/F_May_22_Feature_Plots/179_SMD_id_2_Facility_tr_5925_1st_17580/F_May_22_per_feature_artifacts_details.json
180_SMD_id_3_Facility_tr_5925_1st_17580.csv,0.5990792827600481,0.7981526873242523,0.11353500557624396,-0.34625322445653617,0.4855442771838041,0.9453325072165842,0.8140931266814281,0.9068040678982086,0.9998301679843056,0.9017735334242838,0.9999999999999996,1.0,0.8813509741157978,129.97478437423706,MAD/F_May_22_Feature_Plots/180_SMD_id_3_Facility_tr_5925_1st_17580/F_May_22_per_feature_artifacts_details.json
181_SMD_id_4_Facility_tr_5000_1st_15144.csv,0.1733749911785025,0.8577671132358545,-0.18289732470181466,-0.5936169969960442,0.35627231588031716,0.7669919881745467,0.1463951308049486,0.855490854162225,0.854057709047154,0.1715481171548117,0.3333333333333328,0.3779946761313221,0.24184099561537878,145.80595660209656,MAD/F_May_22_Feature_Plots/181_SMD_id_4_Facility_tr_5000_1st_15144/F_May_22_per_feature_artifacts_details.json
183_SMD_id_6_Facility_tr_5925_1st_17580.csv,0.6038733205265191,0.8004609184694795,0.10073704310436671,-0.3793399091425309,0.5031362774221524,0.98321322966905,0.668025238192191,0.835290541920321,0.9994289467370908,0.8071433522587638,0.9999999999999996,1.0,0.7659525474384106,168.68673944473267,MAD/F_May_22_Feature_Plots/183_SMD_id_6_Facility_tr_5925_1st_17580/F_May_22_per_feature_artifacts_details.json
184_SMD_id_7_Facility_tr_7119_1st_15849.csv,0.5648109562032851,0.7993272112534602,0.2678627846868945,-0.08862977454493015,0.29694817151639064,0.6534407307482153,0.5488584074488957,0.7975949470228011,0.9633684416164267,0.6481997939377212,0.9538461538461533,0.9977777777777778,0.6368665156201551,408.47637915611267,MAD/F_May_22_Feature_Plots/184_SMD_id_7_Facility_tr_7119_1st_15849/F_May_22_per_feature_artifacts_details.json
185_SMD_id_8_Facility_tr_5000_1st_15144.csv,0.1640334712420549,0.8323081405707626,-0.2086053065108809,-0.5856527568434886,0.3726387777529358,0.7496862280855435,0.17274768058456186,0.8263944074183804,0.8306848605777061,0.43482023172571593,0.6666666666666661,0.53728949478749,0.2134442616638591,135.41431045532227,MAD/F_May_22_Feature_Plots/185_SMD_id_8_Facility_tr_5000_1st_15144/F_May_22_per_feature_artifacts_details.json
187_SMD_id_10_Facility_tr_5000_1st_15849.csv,0.20401225080715066,0.5509972208889153,-0.044293709475589055,-0.2990882256101026,0.2483059602827397,0.5031004764172533,0.26361207736096937,0.6189800122551848,0.5622940313562006,0.3834044006450187,0.5941101152368753,0.6672732787382469,0.35008305996014005,122.98565721511841,MAD/F_May_22_Feature_Plots/187_SMD_id_10_Facility_tr_5000_1st_15849/F_May_22_per_feature_artifacts_details.json
188_SMD_id_11_Facility_tr_500_1st_392.csv,0.19323314806356165,0.6174485801199046,-0.03322302593578405,-0.2711196457346695,0.2264561739993457,0.4643527937982312,0.35778202283101534,0.7500594720401724,0.6401462818157582,0.490559285479191,0.6567164179104472,0.8805460750853242,0.4653529837284204,107.92279291152954,MAD/F_May_22_Feature_Plots/188_SMD_id_11_Facility_tr_500_1st_392/F_May_22_per_feature_artifacts_details.json
189_SMD_id_12_Facility_tr_5925_1st_17580.csv,0.013408518178075916,0.7155389658409137,-0.3116447629567966,-0.9129145275289787,0.32505328113487253,0.9263230457070546,0.01624173356665673,0.8061240885194745,0.8575533448733309,0.4838356486507193,0.05079665562391539,0.05124124761298536,0.05079616056368518,131.96466422080994,MAD/F_May_22_Feature_Plots/189_SMD_id_12_Facility_tr_5925_1st_17580/F_May_22_per_feature_artifacts_details.json
190_SMD_id_13_Facility_tr_7119_1st_15849.csv,0.31186565244935915,0.7187139526887607,0.013720997355614883,-0.3694114844349442,0.29814465509374427,0.6812771368843034,0.385193209244407,0.8523206073177505,0.683333345062801,0.35667267779369044,0.6930693069306926,0.9166164356037774,0.5647316346790339,413.1472783088684,MAD/F_May_22_Feature_Plots/190_SMD_id_13_Facility_tr_7119_1st_15849/F_May_22_per_feature_artifacts_details.json
191_SMD_id_14_Facility_tr_4596_1st_4696.csv,0.8306204973596042,0.9741157290399142,0.46698886256860767,-0.11470132532695221,0.3636316347909965,0.9453218226865564,0.5196702688569836,0.9013149263684965,0.9978506590552798,0.7040520461971848,0.9999999999999996,1.0,0.5285668930094406,104.28741312026978,MAD/F_May_22_Feature_Plots/191_SMD_id_14_Facility_tr_4596_1st_4696/F_May_22_per_feature_artifacts_details.json
192_SMD_id_15_Facility_tr_5925_1st_17580.csv,0.023092644797220764,0.7622330918514187,-0.4349480720209516,-0.9169644722337544,0.4580407168181724,0.9400571170309752,0.08722164321715571,0.8471931491807163,0.997042784744322,0.5021080611401935,0.9999999999999996,1.0,0.12790577948659898,155.91860055923462,MAD/F_May_22_Feature_Plots/192_SMD_id_15_Facility_tr_5925_1st_17580/F_May_22_per_feature_artifacts_details.json
194_SMD_id_17_Facility_tr_5925_1st_17580.csv,0.12579233466012568,0.5624759657572861,-0.24279806423629663,-0.7713637806820672,0.3685903988964223,0.897156115342193,0.12565998912675683,0.5613206949809803,0.9544194936035474,0.21553250695674173,0.8524590163934421,0.972809667673716,0.2653031888079495,403.2953085899353,MAD/F_May_22_Feature_Plots/194_SMD_id_17_Facility_tr_5925_1st_17580/F_May_22_per_feature_artifacts_details.json
195_SMD_id_18_Facility_tr_5925_1st_17580.csv,0.59430503217642,0.7926344278080566,0.22276547033732713,-0.354078071543225,0.3715395618390928,0.948383103719645,0.6513539909221231,0.8167077895934372,0.9994289467370908,0.8061979648473637,0.9999999999999996,1.0,0.7608647041373372,166.0817747116089,MAD/F_May_22_Feature_Plots/195_SMD_id_18_Facility_tr_5925_1st_17580/F_May_22_per_feature_artifacts_details.json
196_SMD_id_19_Facility_tr_7174_1st_21230.csv,0.5739042177566632,0.789754973808397,0.3742764863798753,-0.2008062468305052,0.19962773137678794,0.7747104645871684,0.8113358421043766,0.9345102880297501,0.9993507255741922,0.8719346049046321,0.9999999999999996,1.0,0.8477107392909643,411.0654618740082,MAD/F_May_22_Feature_Plots/196_SMD_id_19_Facility_tr_7174_1st_21230/F_May_22_per_feature_artifacts_details.json
197_SMD_id_20_Facility_tr_5000_1st_15144.csv,0.053384379984626446,0.46630254374716196,-0.31799549731839216,-0.7045043875729211,0.3713798773030186,0.7578887675575475,0.0454,0.4632568615126755,0.42091344667574365,0.0,0.0,0.0,0.08685587472857538,164.8310821056366,MAD/F_May_22_Feature_Plots/197_SMD_id_20_Facility_tr_5000_1st_15144/F_May_22_per_feature_artifacts_details.json
198_SMD_id_21_Facility_tr_5925_1st_17580.csv,0.10138631934981154,0.843554109495993,-0.3276177648473556,-0.839979558095403,0.4290040841971672,0.9413658774452146,0.10945327928942424,0.8573101279014484,0.8521934703473764,0.185031185031185,0.29411764705882326,0.9757575757575757,0.2275602737844238,179.25370001792908,MAD/F_May_22_Feature_Plots/198_SMD_id_21_Facility_tr_5925_1st_17580/F_May_22_per_feature_artifacts_details.json
199_SMD_id_22_Facility_tr_5925_1st_17580.csv,0.030844535178794562,0.855462895699825,-0.3662392259290507,-0.9125230955053132,0.39708376110784527,0.9433676306841078,0.10391973874660175,0.878094179241435,0.9972710052585563,0.5469353393350171,0.9999999999999996,1.0,0.1494239047558238,144.45661687850952,MAD/F_May_22_Feature_Plots/199_SMD_id_22_Facility_tr_5925_1st_17580/F_May_22_per_feature_artifacts_details.json
201_SMD_id_24_Facility_tr_7174_1st_21230.csv,0.49367343344195236,0.747751253144154,0.3277041259911743,-0.20907087580405948,0.16596930745077804,0.7027443092460118,0.7869853959171483,0.9213246224615443,0.7994275199876295,0.7045004091281026,0.7999999999999995,0.9846153846153847,0.8349950005299339,126.80848240852356,MAD/F_May_22_Feature_Plots/201_SMD_id_24_Facility_tr_7174_1st_21230/F_May_22_per_feature_artifacts_details.json
202_SMD_id_25_Facility_tr_6250_1st_21230.csv,0.8737070737131618,0.9997441444554072,0.7380724873976201,0.29424822854931665,0.13563458631554176,0.5794588451638452,0.8709537828205205,0.9996211209714859,0.9996286500291769,0.7904191616766467,0.9999999999999996,1.0,0.7904143813261967,148.42934823036194,MAD/F_May_22_Feature_Plots/202_SMD_id_25_Facility_tr_6250_1st_21230/F_May_22_per_feature_artifacts_details.json
203_SMD_id_26_Facility_tr_7174_1st_21230.csv,0.2659439710234774,0.6295342148220815,0.015055305449437173,-0.5741873394406622,0.2508886655740402,0.8401313104641397,0.6137944119195863,0.8055555555555556,0.49997819608983174,0.48800000000000004,0.4999999999999996,0.7777777777777778,0.7586159810042559,123.44478011131287,MAD/F_May_22_Feature_Plots/203_SMD_id_26_Facility_tr_7174_1st_21230/F_May_22_per_feature_artifacts_details.json
204_SMD_id_27_Facility_tr_5000_1st_15144.csv,0.08668822845887571,0.5731534495421186,-0.2639064409088854,-0.6969118873731837,0.35059466936776107,0.7836001158320594,0.13605460738757197,0.6329527105478596,0.7501148259036811,0.3398512584628874,0.48780487804878,0.37967914438502676,0.2182368766596371,133.89046907424927,MAD/F_May_22_Feature_Plots/204_SMD_id_27_Facility_tr_5000_1st_15144/F_May_22_per_feature_artifacts_details.json
205_SMD_id_28_Facility_tr_5925_1st_17580.csv,0.9917948210437261,0.999970197354407,0.49819989723008357,0.014326750356741247,0.4935949238136425,0.9774680706869848,0.9462424176382987,0.9998047628369754,0.9997890117309473,0.9698795180722891,0.9999999999999996,1.0,0.9698745226342358,140.0485188961029,MAD/F_May_22_Feature_Plots/205_SMD_id_28_Facility_tr_5925_1st_17580/F_May_22_per_feature_artifacts_details.json
206_SMD_id_29_Facility_tr_6250_1st_21230.csv,0.8796880276317065,0.9997562582024119,0.7785343239882179,0.3054457676337,0.10115370364348866,0.5742422599980065,0.8848352798374634,0.999662746013111,0.9996698910640506,0.8,0.9999999999999996,1.0,0.7999952000287999,118.08644270896912,MAD/F_May_22_Feature_Plots/206_SMD_id_29_Facility_tr_6250_1st_21230/F_May_22_per_feature_artifacts_details.json
207_SMD_id_30_Facility_tr_7174_1st_21230.csv,0.1802467740758923,0.6005109826782056,-0.10601429603842749,-0.7279013853989065,0.2862610701143198,0.9081481594747988,0.2848246911558985,0.6658863531801984,0.4998130963958372,0.43564356435643564,0.4999999999999996,0.5,0.43563903543577026,318.13957118988037,MAD/F_May_22_Feature_Plots/207_SMD_id_30_Facility_tr_7174_1st_21230/F_May_22_per_feature_artifacts_details.json
208_SMD_id_31_Facility_tr_5000_1st_15144.csv,0.22616137736496772,0.6857277870685623,-0.15562063404026044,-0.5118153374953371,0.38178201140522816,0.7379767148603048,0.21033168599804636,0.6735346400595863,0.9108928713924499,0.5293009322764278,0.6666666666666662,0.9983507421660253,0.4075838013808936,138.14623475074768,MAD/F_May_22_Feature_Plots/208_SMD_id_31_Facility_tr_5000_1st_15144/F_May_22_per_feature_artifacts_details.json
209_SMD_id_32_Facility_tr_5925_1st_17580.csv,0.0069502234518112604,0.5000397332185322,-0.22074557061010427,-0.9092828731901279,0.22769579406191554,0.9162330966419392,0.006792389149052862,0.5,,0.0,0.0,0.0,0.013492993704144413,114.79548645019531,MAD/F_May_22_Feature_Plots/209_SMD_id_32_Facility_tr_5925_1st_17580/F_May_22_per_feature_artifacts_details.json
211_SMD_id_34_Facility_tr_5925_1st_17580.csv,0.46743245845987524,0.761821973142062,0.07892136517446813,-0.40928227804561446,0.3885110932854071,0.8767147365054897,0.574627871716692,0.7947434768361659,0.9989376026492249,0.729762733042725,0.9999999999999996,1.0,0.6785665411066311,137.0094711780548,MAD/F_May_22_Feature_Plots/211_SMD_id_34_Facility_tr_5925_1st_17580/F_May_22_per_feature_artifacts_details.json
212_SMD_id_35_Facility_tr_5925_1st_17580.csv,0.012789468711923168,0.729860054044756,-0.3773801203067095,-0.9205273085591655,0.39016958901863263,0.9333167772710887,0.012499029578448877,0.7292498513295387,0.8427568498377247,0.00831611570247934,0.02468946480601132,0.02468946480601135,0.02468922096161999,131.16745805740356,MAD/F_May_22_Feature_Plots/212_SMD_id_35_Facility_tr_5925_1st_17580/F_May_22_per_feature_artifacts_details.json
213_SMD_id_36_Facility_tr_5925_1st_17580.csv,0.5637235450146206,0.784863263744663,0.05902757919910395,-0.41636976904840417,0.5046959658155167,0.9800933140630248,0.5950418258110959,0.8040845197508775,0.9990300289706052,0.7433866244178788,0.9999999999999996,1.0,0.6950305616260056,132.29766654968262,MAD/F_May_22_Feature_Plots/213_SMD_id_36_Facility_tr_5925_1st_17580/F_May_22_per_feature_artifacts_details.json
214_SMD_id_37_Facility_tr_5925_1st_17580.csv,0.02441462765410323,0.7645268565563123,-0.23322656986548773,-0.9484773738407944,0.25764119751959097,0.9728920014948976,0.09271523341134567,0.7552773396667566,0.9981031557712104,0.5032602270799816,0.9999999999999996,1.0,0.1494239047558238,149.7575135231018,MAD/F_May_22_Feature_Plots/214_SMD_id_37_Facility_tr_5925_1st_17580/F_May_22_per_feature_artifacts_details.json
215_SMD_id_38_Facility_tr_5925_1st_17580.csv,0.018300193262354096,0.6672527528865559,-0.3331521612510595,-0.7816415961230467,0.3514523545134136,0.7999417893854008,0.01969189114200296,0.6818222592527904,0.7940519285032247,0.31443061318579996,0.11764705882352929,0.9498525073746312,0.07281728963328209,135.00671100616455,MAD/F_May_22_Feature_Plots/215_SMD_id_38_Facility_tr_5925_1st_17580/F_May_22_per_feature_artifacts_details.json
216_LTDB_id_1_Medical_tr_500_1st_266.csv,0.15369537067524677,0.501511840826523,-0.1520310916202137,-0.7799660591212221,0.30572646229546047,0.9336614297964688,0.14857,0.5,,0.0,0.0,0.0,0.2587020494871929,217.58144640922546,MAD/F_May_22_Feature_Plots/216_LTDB_id_1_Medical_tr_500_1st_266/F_May_22_per_feature_artifacts_details.json
218_LTDB_id_3_Medical_tr_500_1st_266.csv,0.15545242965534814,0.39503474938684363,-0.15847729287121579,-0.7531936965036943,0.3139297225265639,0.9086461261590424,0.15941250137173302,0.516501736728365,0.45028358652741884,0.4367848689820273,0.22502463388103885,0.22795079325966222,0.2587020494871929,247.7182514667511,MAD/F_May_22_Feature_Plots/218_LTDB_id_3_Medical_tr_500_1st_266/F_May_22_per_feature_artifacts_details.json
219_LTDB_id_4_Medical_tr_3618_1st_3718.csv,0.17089189292933052,0.5124794710236509,-0.371359824562456,-0.8244437941175005,0.5422517174917865,0.995335687046831,0.2164215327914665,0.5931694237369565,0.3905673689501697,0.3212966817043169,0.34506176832028934,0.3802964652223489,0.31280085835229904,598.8336551189423,MAD/F_May_22_Feature_Plots/219_LTDB_id_4_Medical_tr_3618_1st_3718/F_May_22_per_feature_artifacts_details.json
220_LTDB_id_5_Medical_tr_500_1st_26.csv,0.34247066013350747,0.4506114872611464,-0.11821131314526573,-0.44386030728776205,0.4606819732787732,0.7863309674212695,0.34072927839340966,0.5372023138060814,0.7670126338971153,0.44441630387455433,0.490887455376714,0.520979395810553,0.49021980074841914,1573.9546957015991,MAD/F_May_22_Feature_Plots/220_LTDB_id_5_Medical_tr_500_1st_26/F_May_22_per_feature_artifacts_details.json
221_LTDB_id_6_Medical_tr_500_1st_26.csv,0.3242793861381655,0.5022437673487515,-0.14399211382314375,-0.4569329391832098,0.46827149996130923,0.7812123253213753,0.34680748432154324,0.52809524025007,0.15414790126585906,0.10558137544996672,0.16304768013561516,0.22154002140483298,0.47983521578523325,495.21709060668945,MAD/F_May_22_Feature_Plots/221_LTDB_id_6_Medical_tr_500_1st_26/F_May_22_per_feature_artifacts_details.json
222_LTDB_id_7_Medical_tr_3618_1st_3718.csv,0.41383550532032154,0.8084524772454565,-0.13849955683496917,-0.5796369150031525,0.5523350621552907,0.993472420323474,0.5243458461490751,0.8620710982177409,0.7957370447999293,0.8693133223196461,0.5653275711739157,0.5715678792504028,0.5633795654344169,1333.9844379425049,MAD/F_May_22_Feature_Plots/222_LTDB_id_7_Medical_tr_3618_1st_3718/F_May_22_per_feature_artifacts_details.json
223_LTDB_id_8_Medical_tr_4456_1st_4556.csv,0.16819623969928973,0.5027948607681426,-0.23661696798882229,-0.821835286445175,0.404813207688112,0.9900315261444648,0.20369696090171652,0.5249629967770595,0.12851750375501975,0.10464175098174677,0.13084112149532698,0.13136744723908644,0.278219696969697,928.5760385990143,MAD/F_May_22_Feature_Plots/223_LTDB_id_8_Medical_tr_4456_1st_4556/F_May_22_per_feature_artifacts_details.json
224_LTDB_id_9_Medical_tr_4456_1st_4556.csv,0.16533114647828231,0.5011193401598872,-0.3193219722633315,-0.7793852451222725,0.48465311874161376,0.9447163916005548,0.16159,0.5,,0.0,0.0,0.0,0.278219696969697,7627.070621967316,MAD/F_May_22_Feature_Plots/224_LTDB_id_9_Medical_tr_4456_1st_4556/F_May_22_per_feature_artifacts_details.json
225_MGAB_id_1_Synthetic_tr_25000_1st_38478.csv,0.0023741146478282317,0.4820075704189252,-0.02517983671605592,-0.4842519048336043,0.027553951363884152,0.4866260194814325,0.002,0.4819138276553106,0.0569976001010481,0.0,0.0,0.0,0.003991976127982754,392.5159800052643,MAD/F_May_22_Feature_Plots/225_MGAB_id_1_Synthetic_tr_25000_1st_38478/F_May_22_per_feature_artifacts_details.json
226_MGAB_id_2_Synthetic_tr_20000_1st_45134.csv,0.002077350316849703,0.4959560310055257,-0.025689780867330016,-0.38649427349446663,0.02776713118417972,0.3885716238113163,0.00175,0.4958740295517155,0.0030643965022165826,0.0,0.0,0.0,0.003493850822552308,326.20032691955566,MAD/F_May_22_Feature_Plots/226_MGAB_id_2_Synthetic_tr_20000_1st_45134/F_May_22_per_feature_artifacts_details.json
227_MGAB_id_3_Synthetic_tr_25000_1st_44340.csv,0.0027602005164197125,0.48245995819986615,-0.02841658625144913,-0.34640568331418375,0.031176786767868843,0.3491658838306035,0.0025698587127158555,0.5909318637274549,0.5391306646735576,0.0012543116964565699,0.0062402496099843874,0.0062402496099844,0.0062401255862715,366.512136220932,MAD/F_May_22_Feature_Plots/227_MGAB_id_3_Synthetic_tr_25000_1st_44340/F_May_22_per_feature_artifacts_details.json
228_MGAB_id_4_Synthetic_tr_25000_1st_38948.csv,0.003545888780333513,0.5979850885885201,-0.02851808505399624,-0.3922579272264245,0.032063973834329754,0.395803816006758,0.0032411592388179008,0.6779478957915832,0.6859410285250139,0.001254495274734465,0.007487832272557083,0.007487832272557095,0.007487708256123709,635.9932165145874,MAD/F_May_22_Feature_Plots/228_MGAB_id_4_Synthetic_tr_25000_1st_38948/F_May_22_per_feature_artifacts_details.json
229_MGAB_id_5_Synthetic_tr_25000_1st_33098.csv,0.0024861337692507037,0.43228780059547917,-0.028683702033133637,-0.42562792461570076,0.03116983580238434,0.4281140583849515,0.0022046149499262233,0.5408166332665331,0.46013512983727206,0.0012538005830172712,0.004991732443141035,0.004991732443141048,0.004991608431579438,374.6547968387604,MAD/F_May_22_Feature_Plots/229_MGAB_id_5_Synthetic_tr_25000_1st_33098/F_May_22_per_feature_artifacts_details.json
231_MGAB_id_7_Synthetic_tr_25000_1st_35544.csv,0.002782776555325645,0.48239524961011687,-0.030576936639972078,-0.49188725897361624,0.03335971319529772,0.4946700355289419,0.0026031807105296907,0.5912274549098195,0.5067417587976932,0.0004273595589649352,0.0063698324734059375,0.00636983247340595,0.006371735235326546,457.58036851882935,MAD/F_May_22_Feature_Plots/231_MGAB_id_7_Synthetic_tr_25000_1st_35544/F_May_22_per_feature_artifacts_details.json
232_MGAB_id_8_Synthetic_tr_25000_1st_32708.csv,0.0026515441173299566,0.4591636844589701,-0.03685833282760209,-0.39667189524899615,0.03950987694493205,0.3993234393663261,0.0024094830016350003,0.5636898797595191,0.5127231200522908,0.0011263163822717802,0.0056063239333968605,0.005606323933396872,0.005606212437752976,392.06025195121765,MAD/F_May_22_Feature_Plots/232_MGAB_id_8_Synthetic_tr_25000_1st_32708/F_May_22_per_feature_artifacts_details.json
233_MGAB_id_9_Synthetic_tr_25000_1st_41300.csv,0.0023741146478282317,0.5000937427636148,-0.06433903679061738,-0.6741990076257707,0.06671315143844561,0.6765731222735989,0.002,0.5,,0.0,0.0,0.0,0.003991976127982754,524.7654328346252,MAD/F_May_22_Feature_Plots/233_MGAB_id_9_Synthetic_tr_25000_1st_41300/F_May_22_per_feature_artifacts_details.json
234_SED_id_1_Medical_tr_3740_1st_3840.csv,0.7685695968364408,0.9150002316284086,0.5039443870419663,-0.14712196904223207,0.26462520979447446,0.9156915658786728,0.544889911258288,0.8954599495334139,0.8898130787745302,0.6352558324261828,0.8873720136518765,0.927536231884058,0.6349882231004259,148.47103452682495,MAD/F_May_22_Feature_Plots/234_SED_id_1_Medical_tr_3740_1st_3840/F_May_22_per_feature_artifacts_details.json
236_SED_id_3_Medical_tr_3740_1st_3840.csv,0.22483411059744396,0.5959000160083431,-0.025546712006085492,-0.65256767201602,0.25038082260352945,0.8774017826134639,0.2723529976552124,0.64049971730723,0.7491577021596165,0.4495153473344103,0.7163591635916353,0.7374485596707819,0.42666296589140273,191.87258505821228,MAD/F_May_22_Feature_Plots/236_SED_id_3_Medical_tr_3740_1st_3840/F_May_22_per_feature_artifacts_details.json
237_SVDB_id_1_Medical_tr_11587_1st_11687.csv,0.08016392393145058,0.3963576916339702,-0.2731726612175578,-0.9088094514443976,0.3533365851490084,0.9889733753758482,0.10523662125194874,0.539951462233012,0.4287428313002204,0.1350565994287612,0.26315789473684176,0.5398918438402844,0.14533202463084904,668.9333600997925,MAD/F_May_22_Feature_Plots/237_SVDB_id_1_Medical_tr_11587_1st_11687/F_May_22_per_feature_artifacts_details.json
238_SVDB_id_2_Medical_tr_25000_1st_71963.csv,0.010363329518962698,0.6732185507603322,-0.2038784000293611,-0.9177768085664417,0.21424172954832382,0.9281401380854044,0.010306292021771279,0.6725967540574282,0.8651645628290552,0.020650048875855326,0.020402311859598267,0.02040231185959829,0.020402109919750135,687.1436486244202,MAD/F_May_22_Feature_Plots/238_SVDB_id_2_Medical_tr_25000_1st_71963/F_May_22_per_feature_artifacts_details.json
239_SVDB_id_3_Medical_tr_50000_1st_106634.csv,0.01897809667277065,0.4297292845552004,-0.15410985040457945,-0.7565006770491705,0.1730879470773501,0.7754787737219411,0.041107461878307335,0.5014902427157892,0.7316672973671623,0.3141610962703365,0.45323741007194196,0.4941126097195461,0.15769215739178125,1568.9272246360779,MAD/F_May_22_Feature_Plots/239_SVDB_id_3_Medical_tr_50000_1st_106634/F_May_22_per_feature_artifacts_details.json
240_SVDB_id_4_Medical_tr_18462_1st_18562.csv,0.045772841342968225,0.20817672377141427,-0.20434698163524756,-0.7762434884768965,0.2501198229782158,0.8220163298198647,0.060348964085443185,0.36547316553640496,0.44129162910061226,0.42127895960487055,0.21052631578947348,0.20883054892601433,0.08803176744505477,419.6844673156738,MAD/F_May_22_Feature_Plots/240_SVDB_id_4_Medical_tr_18462_1st_18562/F_May_22_per_feature_artifacts_details.json
241_SVDB_id_5_Medical_tr_11587_1st_11687.csv,0.0758964245225413,0.5000931298112427,-0.22520178337048635,-0.9220373266436487,0.30109820789302766,0.99793375116619,0.0755521472392638,0.5,,0.0,0.0,0.0,0.14048866898707785,8399.961719751358,MAD/F_May_22_Feature_Plots/241_SVDB_id_5_Medical_tr_11587_1st_11687/F_May_22_per_feature_artifacts_details.json
243_SVDB_id_7_Medical_tr_11393_1st_11493.csv,0.032361842900180474,0.3800314577351073,-0.17987103392829068,-0.9032954972471553,0.21223287682847114,0.9356573401473358,0.030802945508734438,0.5059937385442351,0.5177413699850926,0.007706907045337502,0.066039747021342,0.0661578717836895,0.06615673540306012,407.2114894390106,MAD/F_May_22_Feature_Plots/243_SVDB_id_7_Medical_tr_11393_1st_11493/F_May_22_per_feature_artifacts_details.json
244_SVDB_id_8_Medical_tr_17803_1st_17903.csv,0.05826738061004515,0.520186318950583,-0.28434410626098156,-0.8915579142100537,0.3426114868710267,0.9498252948200988,0.15253447975462728,0.5937928951035355,0.4173493038697784,0.31693914378156907,0.3555555555555552,0.3678874405131388,0.2943213246167355,716.9541623592377,MAD/F_May_22_Feature_Plots/244_SVDB_id_8_Medical_tr_17803_1st_17903/F_May_22_per_feature_artifacts_details.json
245_SVDB_id_9_Medical_tr_12607_1st_12707.csv,0.09367142070420754,0.5009275060019369,-0.31040249673395126,-0.8549873893122849,0.4040739174381588,0.9486588100164924,0.1388103982551588,0.5617675592582944,0.2792575315766493,0.2485982011789778,0.22328580784926147,0.20801491146318732,0.20677637441746033,1623.5829627513885,MAD/F_May_22_Feature_Plots/245_SVDB_id_9_Medical_tr_12607_1st_12707/F_May_22_per_feature_artifacts_details.json
246_SVDB_id_10_Medical_tr_20100_1st_68460.csv,0.00862891356924979,0.5278129719151046,-0.10396663865434565,-0.4992886752712081,0.11259555222359544,0.5079175888404579,0.010401702563534421,0.6325487226985255,0.7633801091432085,0.22550855666774297,0.051920246219724214,0.08113744075829384,0.0516305599214323,364.85824251174927,MAD/F_May_22_Feature_Plots/246_SVDB_id_10_Medical_tr_20100_1st_68460/F_May_22_per_feature_artifacts_details.json
247_SVDB_id_11_Medical_tr_20100_1st_23611.csv,0.03290514847476713,0.6945539677385583,-0.19866756610143257,-0.8414652487232714,0.2315727145761997,0.8743703971980386,0.044482930264763625,0.7921977799153558,0.6595626805076552,0.3570843939540809,0.1666666666666662,0.22803738317757008,0.11529672603252106,335.737092256546,MAD/F_May_22_Feature_Plots/247_SVDB_id_11_Medical_tr_20100_1st_23611/F_May_22_per_feature_artifacts_details.json
248_SVDB_id_12_Medical_tr_18462_1st_18562.csv,0.04868331561165428,0.4920876266440876,-0.2480776261353349,-0.8843803920308981,0.2967609417469892,0.9330637076425524,0.0853770507194118,0.5594505040092568,0.8128914381189126,0.6459554784998843,0.7250945775535934,0.8279223944623184,0.13880964181019045,1225.8188343048096,MAD/F_May_22_Feature_Plots/248_SVDB_id_12_Medical_tr_18462_1st_18562/F_May_22_per_feature_artifacts_details.json
249_SVDB_id_13_Medical_tr_50000_1st_54982.csv,0.06252527586661953,0.5138196641220809,-0.1281442312317646,-0.6083210903574894,0.19066950709838412,0.6708463662241089,0.08155997842417233,0.668070159383863,0.6304106501668542,0.2559357799964579,0.29011168052801944,0.44221698113207547,0.18589296406347736,2608.2435264587402,MAD/F_May_22_Feature_Plots/249_SVDB_id_13_Medical_tr_50000_1st_54982/F_May_22_per_feature_artifacts_details.json
250_SVDB_id_14_Medical_tr_50000_1st_107354.csv,0.0720282865830564,0.5412527708610777,-0.1328236861734222,-0.5840687241089032,0.2048519727564786,0.6560970106919596,0.1594368470696285,0.877969058578106,0.6303252567950787,0.03706323383788372,0.22708012326656352,0.2896521226415094,0.2896992698879223,1932.356929063797,MAD/F_May_22_Feature_Plots/250_SVDB_id_14_Medical_tr_50000_1st_107354/F_May_22_per_feature_artifacts_details.json
251_SVDB_id_15_Medical_tr_5421_1st_5521.csv,0.059460624101337095,0.3874139744274083,-0.32643037573199485,-0.9267725348488023,0.3858909998333319,0.9862331589501394,0.05963431655903324,0.5256766500597494,0.5107868250940361,0.13356129740427486,0.11821300879944793,0.1202556470778247,0.11810661000088812,838.7004427909851,MAD/F_May_22_Feature_Plots/251_SVDB_id_15_Medical_tr_5421_1st_5521/F_May_22_per_feature_artifacts_details.json
253_SVDB_id_17_Medical_tr_17803_1st_17903.csv,0.045990232416261205,0.5514504924897383,-0.26235766176166186,-0.9121367992185095,0.3083478941779231,0.9581270316347708,0.06329342411940911,0.6434488309392632,0.6854488402257959,0.4167019581271435,0.2581959386339037,0.6338336987687637,0.23315926242511642,2173.733595609665,MAD/F_May_22_Feature_Plots/253_SVDB_id_17_Medical_tr_17803_1st_17903/F_May_22_per_feature_artifacts_details.json
254_SVDB_id_18_Medical_tr_30824_1st_30924.csv,0.04040805366550225,0.44863088500564846,-0.1204264174770296,-0.7223758991681936,0.16083447114253185,0.7627839528336958,0.04004838718389229,0.5649658947992984,0.611019169792752,0.00763555176801596,0.08630242530842015,0.08631911823401185,0.0863193112983307,751.75412774086,MAD/F_May_22_Feature_Plots/254_SVDB_id_18_Medical_tr_30824_1st_30924/F_May_22_per_feature_artifacts_details.json
255_SVDB_id_19_Medical_tr_50000_1st_54982.csv,0.06538559683431028,0.5764590984741607,-0.07294281525531113,-0.3333544506306802,0.1383284120896214,0.3987400474649905,0.07717172550340487,0.6991568050360868,0.5866978671767149,0.29069560831343555,0.18608087851237184,0.19294614572333685,0.1850946085081156,1580.6541237831116,MAD/F_May_22_Feature_Plots/255_SVDB_id_19_Medical_tr_50000_1st_54982/F_May_22_per_feature_artifacts_details.json
256_SVDB_id_20_Medical_tr_6264_1st_6364.csv,0.03483814127233926,0.44199186252272843,-0.17569480801063592,-0.8555527252530325,0.21053294928297517,0.8903908665253718,0.03595429970540426,0.5445802727940108,0.49323060920818207,0.06225489715149187,0.07834671505362832,0.1606318347509113,0.07713974360847972,642.6310753822327,MAD/F_May_22_Feature_Plots/256_SVDB_id_20_Medical_tr_6264_1st_6364/F_May_22_per_feature_artifacts_details.json
257_TAO_id_1_Environment_tr_500_1st_3.csv,1.0,1.0,0.08078263296508048,0.00016493441505116557,0.9192173670349195,0.9998350655849488,1.0,1.0,0.9999999999999996,1.0,0.9999999999999996,1.0,0.9999950000249999,390.90626549720764,MAD/F_May_22_Feature_Plots/257_TAO_id_1_Environment_tr_500_1st_3/F_May_22_per_feature_artifacts_details.json
258_TAO_id_2_Environment_tr_500_1st_4.csv,0.45947351804721526,0.6270752419611925,-0.49616034563662714,-0.5404455059548156,0.9556338636838424,0.9999190240020308,0.138,0.5,,0.0,0.0,0.0,0.24252862452878274,335.238778591156,MAD/F_May_22_Feature_Plots/258_TAO_id_2_Environment_tr_500_1st_4/F_May_22_per_feature_artifacts_details.json
260_IOPS_id_1_WebService_tr_5000_1st_11804.csv,0.2748103211796033,0.9985303288769789,0.16150936586971842,-0.378899909281265,0.11330095530988488,0.6537102304608683,0.8338931901431901,0.9998677645780618,0.9998553362182738,0.7567567567567568,0.9999999999999996,1.0,0.7777730247204045,115.26988315582275,MAD/F_May_22_Feature_Plots/260_IOPS_id_1_WebService_tr_5000_1st_11804/F_May_22_per_feature_artifacts_details.json
261_IOPS_id_2_WebService_tr_2178_1st_2278.csv,0.5830054251215674,0.9991446169403382,0.4063631389371829,-0.02374470604391188,0.1766422861843845,0.6067501311654793,1.0,1.0,0.9999999999999996,1.0,0.9999999999999996,1.0,0.9999950000249999,90.05610775947571,MAD/F_May_22_Feature_Plots/261_IOPS_id_2_WebService_tr_2178_1st_2278/F_May_22_per_feature_artifacts_details.json
262_IOPS_id_3_WebService_tr_7028_1st_7128.csv,0.03480204290829411,0.5266528291475224,-0.07940775765310917,-0.27120337005581896,0.11420980056140329,0.3060054129641131,0.032245838177963095,0.6438506810308658,0.7286278301372189,0.5245174005001024,0.07142331881401871,0.07619809219169475,0.07159857450837982,1018.3097651004791,MAD/F_May_22_Feature_Plots/262_IOPS_id_3_WebService_tr_7028_1st_7128/F_May_22_per_feature_artifacts_details.json
263_IOPS_id_4_WebService_tr_3482_1st_3582.csv,0.36288106109897444,0.7010767284764007,0.11362411129134198,-0.4454508907292105,0.24925694980763247,0.808331951828185,0.23099548928396565,0.6549106453688234,0.6577076463669784,0.4293581745268459,0.5263157894736837,0.44793713163064836,0.31249602250142644,1770.6896557807922,MAD/F_May_22_Feature_Plots/263_IOPS_id_4_WebService_tr_3482_1st_3582/F_May_22_per_feature_artifacts_details.json
264_IOPS_id_5_WebService_tr_11665_1st_11765.csv,0.03685649449710026,0.7227680740262795,-0.060126500716701704,-0.7428436305334185,0.09698299521380196,0.7797001250305188,0.039865411667190015,0.7281903468697599,0.9566538037787011,0.3377725218263834,0.4999999999999995,0.9950138504155125,0.13800405180387512,1384.6664407253265,MAD/F_May_22_Feature_Plots/264_IOPS_id_5_WebService_tr_11665_1st_11765/F_May_22_per_feature_artifacts_details.json
266_IOPS_id_7_WebService_tr_4010_1st_4110.csv,0.10654161702937906,0.4475763372131663,0.03215753980840837,-0.5135095884412719,0.07438407722097069,0.620051205470651,0.14701825338407776,0.47259496815969815,0.7460284752523321,0.4982522330499729,0.6110882956878846,0.5265285497726124,0.22057719949567856,564.0220518112183,MAD/F_May_22_Feature_Plots/266_IOPS_id_7_WebService_tr_4010_1st_4110/F_May_22_per_feature_artifacts_details.json
267_IOPS_id_8_WebService_tr_1534_1st_1882.csv,0.17603582490376055,0.7040022997946431,-0.053183143174212494,-0.3577889812560413,0.22921896807797304,0.5338248061598019,0.21160631023744383,0.804130168524519,0.8129025286844016,0.45000000000000007,0.5624999999999994,0.7608695652173914,0.3114704959119778,97.32810521125793,MAD/F_May_22_Feature_Plots/267_IOPS_id_8_WebService_tr_1534_1st_1882/F_May_22_per_feature_artifacts_details.json
268_IOPS_id_9_WebService_tr_6216_1st_6316.csv,0.21257623774821421,0.6425052711947882,0.051370242776187486,-0.1559801076981977,0.16120599497202673,0.3685563454464119,0.29586033546731577,0.7411180273398909,0.7434313678550106,0.6630908211001775,0.7499999999999994,0.7862728062554301,0.48649996425238584,130.04242849349976,MAD/F_May_22_Feature_Plots/268_IOPS_id_9_WebService_tr_6216_1st_6316/F_May_22_per_feature_artifacts_details.json
269_IOPS_id_10_WebService_tr_1216_1st_1728.csv,0.37933162729222886,0.9882869213559026,0.17960941623479448,-0.34271165892042926,0.19972221105743437,0.7220432862126581,0.34158060567996845,0.9856312464782466,0.8408282234301478,0.5468451242829828,0.6666666666666662,0.98,0.411342982797343,354.7007825374603,MAD/F_May_22_Feature_Plots/269_IOPS_id_10_WebService_tr_1216_1st_1728/F_May_22_per_feature_artifacts_details.json
271_IOPS_id_12_WebService_tr_500_1st_341.csv,0.3292777716489806,0.8658603805156594,0.10749566536207236,-0.05228888308538149,0.22178210628690823,0.3815666547343621,0.27026950550842815,0.8454839838963766,0.913410313843051,0.6363394220257994,0.6943620178041537,0.900398406374502,0.4285665973056086,114.89211058616638,MAD/F_May_22_Feature_Plots/271_IOPS_id_12_WebService_tr_500_1st_341/F_May_22_per_feature_artifacts_details.json
272_IOPS_id_13_WebService_tr_3442_1st_3542.csv,0.30784157304358467,0.6632500942481162,0.03241347047547244,-0.5685637582515499,0.27542810256811223,0.8764053312951345,0.22104384286550127,0.6293940846221242,0.535948318600931,0.40804230626418064,0.48281642917015893,0.39086294416243655,0.33693981175740356,588.0871217250824,MAD/F_May_22_Feature_Plots/272_IOPS_id_13_WebService_tr_3442_1st_3542/F_May_22_per_feature_artifacts_details.json
273_IOPS_id_14_WebService_tr_5569_1st_5669.csv,0.03718847221125025,0.6790721346474679,-0.07943734418882412,-0.6015918278279482,0.11662581640007436,0.6387803000391984,0.07610281834391172,0.6932452983130495,0.6877623233522641,0.42513318876663186,0.4657534246575338,0.27927927927927926,0.13602241094084572,422.22287702560425,MAD/F_May_22_Feature_Plots/273_IOPS_id_14_WebService_tr_5569_1st_5669/F_May_22_per_feature_artifacts_details.json
274_IOPS_id_15_WebService_tr_4591_1st_4691.csv,0.20464222555568531,0.5984253941903452,-0.0369669211728475,-0.46882812413754427,0.24160914672853281,0.6734703496932296,0.23970265634267948,0.6851005748093734,0.6423415961198174,0.398340367836644,0.5283055827619977,0.5054024255788313,0.38216847109092716,1323.442911863327,MAD/F_May_22_Feature_Plots/274_IOPS_id_15_WebService_tr_4591_1st_4691/F_May_22_per_feature_artifacts_details.json
275_IOPS_id_16_WebService_tr_1482_1st_1582.csv,0.11014394348068814,0.7876479643028026,-0.0628276266357755,-0.3035692294438221,0.17297157011646364,0.4137131729245102,0.14756554788856585,0.9161169242010078,0.7303893376374038,0.24644549763033177,0.3333333333333328,0.8372093023255814,0.21817724141832207,145.1920359134674,MAD/F_May_22_Feature_Plots/275_IOPS_id_16_WebService_tr_1482_1st_1582/F_May_22_per_feature_artifacts_details.json
276_IOPS_id_17_WebService_tr_19197_1st_19297.csv,0.03551469389916981,0.5621719301705689,-0.11893750695917496,-0.45389220948534614,0.15445220085834477,0.489406903384516,0.043621853522699885,0.5972429734599605,0.7293425688149828,0.44459927735351373,0.31999999999999973,0.5726945444475214,0.07664399234374336,377.00933051109314,MAD/F_May_22_Feature_Plots/276_IOPS_id_17_WebService_tr_19197_1st_19297/F_May_22_per_feature_artifacts_details.json
277_NEK_id_1_WebService_tr_500_1st_17.csv,0.9999847808484582,0.9999992964608188,0.29697077350305456,0.024479281458441027,0.7030140073454036,0.9755054993900172,1.0,1.0,0.9999999999999996,1.0,0.9999999999999996,1.0,0.9999950000249999,110.3471884727478,MAD/F_May_22_Feature_Plots/277_NEK_id_1_WebService_tr_500_1st_17/F_May_22_per_feature_artifacts_details.json
278_NEK_id_2_WebService_tr_500_1st_64.csv,0.33690836592781925,0.6169116290125198,0.0571568399696466,-0.5542401899197551,0.27975152595817265,0.8911485558475744,0.5650145855962905,0.762171855921856,0.6570998558479795,0.4636776390465381,0.550724637681159,0.7254901960784313,0.6168176609679569,96.66124558448792,MAD/F_May_22_Feature_Plots/278_NEK_id_2_WebService_tr_500_1st_64/F_May_22_per_feature_artifacts_details.json
279_NEK_id_3_WebService_tr_500_1st_974.csv,0.9593419694098575,0.9767537323182367,0.4509934270946916,-0.033268225135575924,0.5083485423151659,0.9926101945454334,0.9497147773009842,0.9709887871802332,0.9998719662400576,0.9775280898876404,0.9999999999999996,1.0,0.9717464164449775,109.43036723136902,MAD/F_May_22_Feature_Plots/279_NEK_id_3_WebService_tr_500_1st_974/F_May_22_per_feature_artifacts_details.json
281_NEK_id_5_WebService_tr_500_1st_974.csv,0.378978158590486,0.8416116755865239,-0.08791893634968839,-0.6166118039987548,0.4668970949401744,0.9955899625892408,0.3498007781220108,0.8301972773419474,0.9471500010929459,0.3700470114170585,0.8571428571428567,0.9887640449438202,0.43242761144892644,95.42037963867188,MAD/F_May_22_Feature_Plots/281_NEK_id_5_WebService_tr_500_1st_974/F_May_22_per_feature_artifacts_details.json
282_NEK_id_6_WebService_tr_500_1st_64.csv,0.16221115844456865,0.8287481581805878,-0.12492919874095262,-0.6118681487784747,0.2871403571855213,0.7740793072230434,0.14974365106445273,0.8043847241867044,0.7267526268889445,0.21835761501100492,0.373333333333333,0.7283236994219653,0.27499612817951347,124.67332768440247,MAD/F_May_22_Feature_Plots/282_NEK_id_6_WebService_tr_500_1st_64/F_May_22_per_feature_artifacts_details.json
283_NEK_id_7_WebService_tr_500_1st_777.csv,0.9542533185550954,0.9709082104701288,0.4607885888906407,-0.02092193646096896,0.4934647296644547,0.9751752550160644,0.9324937591375773,0.9566325638335081,0.9986586793616932,0.9725118713937412,0.9999999999999996,1.0,0.9487129520315764,101.40859723091125,MAD/F_May_22_Feature_Plots/283_NEK_id_7_WebService_tr_500_1st_777/F_May_22_per_feature_artifacts_details.json
284_NEK_id_8_WebService_tr_500_1st_976.csv,0.8512196526328671,0.9848835486804677,0.400589481592982,-0.1178091278201796,0.4506301710398851,0.9690287804530467,0.8239136164297493,0.9730120124234949,0.9806186838582681,0.6223239801460635,0.919786096256684,0.994413407821229,0.9052581778667315,166.61618304252625,MAD/F_May_22_Feature_Plots/284_NEK_id_8_WebService_tr_500_1st_976/F_May_22_per_feature_artifacts_details.json
285_NEK_id_9_WebService_tr_500_1st_780.csv,0.9118015264390656,0.9646505738704977,0.45236962881026,-0.04376775442373093,0.45943189762880565,0.9555692808627966,0.8632545802494701,0.9471310688927268,0.9906954732409612,0.9367170115823192,0.9999999999999996,1.0,0.9107931230850318,97.15964913368225,MAD/F_May_22_Feature_Plots/285_NEK_id_9_WebService_tr_500_1st_780/F_May_22_per_feature_artifacts_details.json
286_CATSv2_id_1_Sensor_tr_17792_1st_17892.csv,0.07252329130717627,0.4562890768679866,-0.13988850801847788,-0.3301464084412508,0.21241179932565415,0.4026696997484271,0.10900744296639663,0.64849151531879,0.5297015613959284,0.33697037837381677,0.22432437022497898,0.26991008620253376,0.26075839538079,1624.5000298023224,MAD/F_May_22_Feature_Plots/286_CATSv2_id_1_Sensor_tr_17792_1st_17892/F_May_22_per_feature_artifacts_details.json
287_TODS_id_1_Synthetic_tr_500_1st_11.csv,0.997542791840151,0.9999318121930457,0.13768908418260117,0.015390028589440607,0.8598537076575499,0.9821527632507104,0.9923954372623575,0.9997889850179362,0.9993256322445944,0.9966147596479351,0.9961832061068696,0.9961832061068703,0.9961782062048047,385.9930090904236,MAD/F_May_22_Feature_Plots/287_TODS_id_1_Synthetic_tr_500_1st_11/F_May_22_per_feature_artifacts_details.json
288_TODS_id_2_Synthetic_tr_500_1st_65.csv,0.15226325388882542,0.4130763804132405,-0.5340772458350088,-0.7409461621293425,0.6863404997238343,0.893209416018168,0.07094734226254555,0.3759395490164721,0.4839804756004227,0.1285714285714286,0.12857142857142828,0.07313997477931904,0.12663800451475724,388.18314385414124,MAD/F_May_22_Feature_Plots/288_TODS_id_2_Synthetic_tr_500_1st_65/F_May_22_per_feature_artifacts_details.json
289_TODS_id_3_Synthetic_tr_500_1st_26.csv,0.7252575326543812,0.886510502888544,0.04865204733801831,-0.2171888895075792,0.6766054853163629,0.9424464221619604,0.5585599709026003,0.8912567771960441,0.8762804742497539,0.8082478067559596,0.8476223533495308,0.8930232558139535,0.6360985706522829,350.7295072078705,MAD/F_May_22_Feature_Plots/289_TODS_id_3_Synthetic_tr_500_1st_26/F_May_22_per_feature_artifacts_details.json
290_TODS_id_4_Synthetic_tr_500_1st_26.csv,0.5009837587072982,0.6013806996799006,-0.12935938510235367,-0.4007440003029118,0.6303431438096518,0.90172775901021,0.24483317256870676,0.34586980145938795,0.8880244272953709,0.8413728497284068,0.8727404193781629,0.4197080291970803,0.28174349846382096,118.82234978675842,MAD/F_May_22_Feature_Plots/290_TODS_id_4_Synthetic_tr_500_1st_26/F_May_22_per_feature_artifacts_details.json
292_TODS_id_6_Synthetic_tr_500_1st_11.csv,0.5926548489985641,0.7417096097675189,-0.24748965901674513,-0.3856624262770051,0.8401445080153093,0.9783172752755692,0.487440303386617,0.7074863426414386,0.674584905572959,0.6180529653114509,0.6277777777777773,0.6299212598425197,0.6042738578749489,385.86036443710327,MAD/F_May_22_Feature_Plots/292_TODS_id_6_Synthetic_tr_500_1st_11/F_May_22_per_feature_artifacts_details.json
293_TODS_id_7_Synthetic_tr_500_1st_7.csv,0.32037859057631846,0.6968115760024649,-0.08461879419756202,-0.3636388666819518,0.4049973847738805,0.6840174572582702,0.36758099260654853,0.7718865535961019,0.7280025959305962,0.46176337498694703,0.5521472392638033,0.580110497237569,0.45204990132691797,121.03106760978699,MAD/F_May_22_Feature_Plots/293_TODS_id_7_Synthetic_tr_500_1st_7/F_May_22_per_feature_artifacts_details.json
294_TODS_id_8_Synthetic_tr_500_1st_200.csv,0.2993355250815626,0.5980986062439287,-0.11009537282265008,-0.48947126976603306,0.40943089790421267,0.7888067948475956,0.3423285961665677,0.6470341499628806,0.7730358053691635,0.6241176124754055,0.699563318777292,0.4838709677419355,0.4797800684774143,103.4165678024292,MAD/F_May_22_Feature_Plots/294_TODS_id_8_Synthetic_tr_500_1st_200/F_May_22_per_feature_artifacts_details.json
295_TODS_id_9_Synthetic_tr_1250_1st_2046.csv,0.08893133048659661,0.42585053600253375,-0.294358975044798,-0.7830093265071969,0.38329030553139465,0.8719406569937935,0.07234590410556763,0.5141951721452807,0.7036224987633162,0.20089347413059197,0.1883602994445784,0.6359300476947536,0.18835859325505117,125.35628461837769,MAD/F_May_22_Feature_Plots/295_TODS_id_9_Synthetic_tr_1250_1st_2046/F_May_22_per_feature_artifacts_details.json
296_TODS_id_10_Synthetic_tr_500_1st_26.csv,0.7668094938713673,0.967287249210198,0.012287288643430094,-0.2035240427911671,0.7545222052279372,0.9703335366625344,0.36202559106176435,0.9390704467775434,0.9331656853072547,0.5440894255222902,0.5585666293393052,0.5896656534954408,0.5408761457571876,724.5587418079376,MAD/F_May_22_Feature_Plots/296_TODS_id_10_Synthetic_tr_500_1st_26/F_May_22_per_feature_artifacts_details.json
297_TODS_id_11_Synthetic_tr_500_1st_7.csv,0.10927171309328086,0.5369170574285177,-0.33760156140572645,-0.5672969903507227,0.4468732744990073,0.6765687034440035,0.13147355412148795,0.6448919000770974,0.5459217494733952,0.22090407601657022,0.25652173913043425,0.2915811088295688,0.25599500017765126,139.75705909729004,MAD/F_May_22_Feature_Plots/297_TODS_id_11_Synthetic_tr_500_1st_7/F_May_22_per_feature_artifacts_details.json
298_TODS_id_12_Synthetic_tr_500_1st_0.csv,0.6741134785950614,0.9009012189585632,0.07342257743949354,-0.14620077196048153,0.6006909011555679,0.820314250555543,0.34030251024362146,0.7948431840023658,0.9603075641953276,0.9246996490610673,0.9655172413793098,0.9632,0.33587496768417857,175.9689712524414,MAD/F_May_22_Feature_Plots/298_TODS_id_12_Synthetic_tr_500_1st_0/F_May_22_per_feature_artifacts_details.json
299_TODS_id_13_Synthetic_tr_500_1st_65.csv,0.6791080294577511,0.8337618140542884,-0.015736543003777803,-0.2606522708302693,0.6948445724615289,0.9397603002880204,0.36767109328731584,0.6801910775791373,0.905984804956798,0.8950322491534859,0.9090909090909085,0.8497854077253219,0.46417981661344254,106.80477809906006,MAD/F_May_22_Feature_Plots/299_TODS_id_13_Synthetic_tr_500_1st_65/F_May_22_per_feature_artifacts_details.json
301_TODS_id_15_Synthetic_tr_500_1st_245.csv,0.12812478806503885,0.5456005370743914,-0.22978328866928027,-0.6434037773295906,0.3579080767343191,0.7715285653946294,0.12573860607335585,0.6784454540623838,0.7315165762553448,0.23126247894902535,0.21136861176115318,0.22763199494151123,0.22243060420715766,110.05931282043457,MAD/F_May_22_Feature_Plots/301_TODS_id_15_Synthetic_tr_500_1st_245/F_May_22_per_feature_artifacts_details.json
302_Power_id_1_Facility_tr_7685_1st_7785.csv,0.08604350987195003,0.5001012007824497,-0.02856331431282444,-0.306090080325736,0.11460682418477447,0.392133590197686,0.08561643835616438,0.4990012484394507,0.3566214974197905,0.0,0.0,0.0,0.1577272537426469,137.4846649169922,MAD/F_May_22_Feature_Plots/302_Power_id_1_Facility_tr_7685_1st_7785/F_May_22_per_feature_artifacts_details.json
304_UCR_id_2_Medical_tr_2499_1st_7000.csv,0.005375189685765384,0.48793079550033364,-0.029368814398488062,-0.2804770519992843,0.034744004084253446,0.2858522416850497,0.005001000200040008,0.4878367511057499,0.9120990791757645,0.0,0.0,0.0,0.009952130273289736,127.78564071655273,MAD/F_May_22_Feature_Plots/304_UCR_id_2_Medical_tr_2499_1st_7000/F_May_22_per_feature_artifacts_details.json
309_UCR_id_7_Medical_tr_3000_1st_5948.csv,0.004061762206523526,0.5000782525134674,-0.3174302011347442,-0.9935916908856689,0.32149196334126773,0.9976534530921924,0.00375,0.5,,0.0,0.0,0.0,0.007471905634813102,100.3079993724823,MAD/F_May_22_Feature_Plots/309_UCR_id_7_Medical_tr_3000_1st_5948/F_May_22_per_feature_artifacts_details.json
326_UCR_id_24_Medical_tr_1875_1st_4187.csv,0.548797342099746,0.9990659411379859,0.3591902024760824,-0.3348977393344279,0.18960713962366355,0.8836950814341739,0.9096264302146656,0.9998386522455157,0.9998611103395013,0.8275862068965517,0.9999999999999996,1.0,0.8275813555575708,94.51767015457153,MAD/F_May_22_Feature_Plots/326_UCR_id_24_Medical_tr_1875_1st_4187/F_May_22_per_feature_artifacts_details.json
346_UCR_id_44_Medical_tr_7456_1st_17390.csv,0.004484045680891917,0.5000314983853028,-0.08324354225606027,-0.6415623329637163,0.08772758793695219,0.6460463786446082,0.004358613290417757,0.5,,0.0,0.0,0.0,0.00867931003167946,142.7305703163147,MAD/F_May_22_Feature_Plots/346_UCR_id_44_Medical_tr_7456_1st_17390/F_May_22_per_feature_artifacts_details.json
361_UCR_id_59_Medical_tr_3000_1st_7175.csv,0.018061762206523526,0.5000793681145393,-0.2801062991200099,-0.9751925720172855,0.2981680613265334,0.993254334223809,0.01775,0.5,,0.0,0.0,0.0,0.034880521930514066,123.14289331436157,MAD/F_May_22_Feature_Plots/361_UCR_id_59_Medical_tr_3000_1st_7175/F_May_22_per_feature_artifacts_details.json
371_UCR_id_69_Medical_tr_1853_1st_6200.csv,0.023431037960658433,0.5001291446931133,-0.2569522327340348,-0.9477149003178621,0.2803832706946932,0.9711459382785206,0.022926500337154418,0.5,,0.0,0.0,0.0,0.044824874915692155,80.91251683235168,MAD/F_May_22_Feature_Plots/371_UCR_id_69_Medical_tr_1853_1st_6200/F_May_22_per_feature_artifacts_details.json
382_UCR_id_80_Medical_tr_7500_1st_11800.csv,0.16888265732984922,0.763141311099128,-0.005879836674320599,-0.5735252322557717,0.17476249400416982,0.7424078895856209,0.19397212552447082,0.7890277777777777,0.778971394851386,0.3132530120481928,0.5283018867924524,0.9917355371900827,0.3640259482246219,131.43271708488464,MAD/F_May_22_Feature_Plots/382_UCR_id_80_Medical_tr_7500_1st_11800/F_May_22_per_feature_artifacts_details.json
391_UCR_id_89_Medical_tr_1875_1st_5759.csv,0.021832152863770975,0.4443372818192987,-0.23350325985946227,-0.9728505626434945,0.25533541272323323,0.9946827155072654,0.021333333333333333,0.4442098092643052,0.6711012583504008,0.0,0.0,0.0,0.04177504789443967,396.19410490989685,MAD/F_May_22_Feature_Plots/391_UCR_id_89_Medical_tr_1875_1st_5759/F_May_22_per_feature_artifacts_details.json
396_UCR_id_94_Medical_tr_1875_1st_5607.csv,0.04235190420874862,0.9465109349526662,-0.16177741128114806,-0.9359259693711979,0.20412931548989668,0.9782778735799464,0.032432216594383396,0.940968195918691,0.7717307832788369,0.06060606060606061,0.0999999999999999,0.75,0.057691679723227765,338.558536529541,MAD/F_May_22_Feature_Plots/396_UCR_id_94_Medical_tr_1875_1st_5607/F_May_22_per_feature_artifacts_details.json
415_UCR_id_113_Medical_tr_3000_1st_8612.csv,0.008978428873190194,0.5000786407112247,-0.316083938531582,-0.98801521530482,0.3250623674047722,0.9969936441780102,0.008666666666666666,0.5,,0.0,0.0,0.0,0.01718423148481674,96.68722796440125,MAD/F_May_22_Feature_Plots/415_UCR_id_113_Medical_tr_3000_1st_8612/F_May_22_per_feature_artifacts_details.json
436_UCR_id_134_Medical_tr_1875_1st_4526.csv,0.004498219767801935,0.5001252365419103,-0.14607669106336027,-0.8979315043938725,0.1505749108311622,0.9024297241616744,0.003999466737768298,0.5,,0.0,0.0,0.0,0.007966990093755554,82.92015433311462,MAD/F_May_22_Feature_Plots/436_UCR_id_134_Medical_tr_1875_1st_4526/F_May_22_per_feature_artifacts_details.json
437_UCR_id_135_Medical_tr_2499_1st_8000.csv,0.002874689585745381,0.5000938085799409,-0.14446465678269327,-0.8381342846952835,0.14733934636843865,0.8410089742810288,0.002500500100020004,0.5,,0.0,0.0,0.0,0.004988476628964046,82.61018824577332,MAD/F_May_22_Feature_Plots/437_UCR_id_135_Medical_tr_2499_1st_8000/F_May_22_per_feature_artifacts_details.json
307_UCR_id_5_Facility_tr_29895_1st_39240.csv,0.0015072558176667924,0.5554246038439458,-0.00048489449664504175,-0.007363779113829008,0.001992150314311834,0.0088710349314958,0.0014507208269108713,0.5553630611630009,0.7050410357618441,0.002456625211116229,0.0028972385694884533,0.0028972385694884563,0.0028972096393616005,642.8092722892761,MAD/F_May_22_Feature_Plots/307_UCR_id_5_Facility_tr_29895_1st_39240/F_May_22_per_feature_artifacts_details.json
331_UCR_id_29_Facility_tr_50000_1st_837400.csv,0.0018001187005708586,0.4833843004390141,-0.0010848894980347414,-0.010635615672734142,0.0028850081986056,0.012435734373305,0.001741285421387124,0.48438000307770884,0.5634471811208283,0.04597701149425287,0.003539383402154674,0.03680928460072753,0.003770617793545368,10386.082642316818,MAD/F_May_22_Feature_Plots/331_UCR_id_29_Facility_tr_50000_1st_837400/F_May_22_per_feature_artifacts_details.json
332_UCR_id_30_Facility_tr_13750_1st_52600.csv,0.0037043844814233146,0.5000079440707903,-0.1429025916084937,-0.9697180008630513,0.14660697608991702,0.9734223853444746,0.0036363636363636364,0.49889598540145985,0.807885989202515,0.0,0.0,0.0,0.0072463046110953595,738.0712945461273,MAD/F_May_22_Feature_Plots/332_UCR_id_30_Facility_tr_13750_1st_52600/F_May_22_per_feature_artifacts_details.json
349_UCR_id_47_Facility_tr_29954_1st_74900.csv,0.0017108258401077583,0.7569340553781903,8.636437868862388e-05,-0.0028919813404873415,0.0016244614614191345,0.0046028071805951,0.001646655231560892,0.7569222288115065,0.8200002379578419,0.0032309633992427434,0.003287896431262412,0.0032878964312624153,0.0032878636066771233,495.5568506717682,MAD/F_May_22_Feature_Plots/349_UCR_id_47_Facility_tr_29954_1st_74900/F_May_22_per_feature_artifacts_details.json
358_UCR_id_56_Facility_tr_10500_1st_29080.csv,0.00414630498134927,0.8174780445367413,-0.007014130977855282,-0.09270246346246894,0.011160435959204552,0.0968487684438182,0.0039029467247772066,0.8174415832141154,0.8820633882504499,0.007717538105344395,0.007775545908118956,0.0077755459081189655,0.007775468455726966,222.39482164382935,MAD/F_May_22_Feature_Plots/358_UCR_id_56_Facility_tr_10500_1st_29080/F_May_22_per_feature_artifacts_details.json
406_UCR_id_104_Facility_tr_20000_1st_67950.csv,0.0031717643309785285,0.4073534209394099,-0.11362687960171869,-0.9143366026675055,0.11679864393269722,0.917508366998484,0.003125,0.40613793103448276,0.6113031498480379,0.0,0.0,0.0,0.006230467484436292,633.907636642456,MAD/F_May_22_Feature_Plots/406_UCR_id_104_Facility_tr_20000_1st_67950/F_May_22_per_feature_artifacts_details.json
419_UCR_id_117_Facility_tr_3000_1st_6168.csv,0.003978428873190193,0.5000782459668713,-0.2005251554229035,-0.9919909677561342,0.2045035842960937,0.9959693966293244,0.0036666666666666666,0.5,,0.0,0.0,0.0,0.007306469879077923,332.7360327243805,MAD/F_May_22_Feature_Plots/419_UCR_id_117_Facility_tr_3000_1st_6168/F_May_22_per_feature_artifacts_details.json
420_UCR_id_118_Facility_tr_13750_1st_52600.csv,0.008685862559016197,0.5025169828175895,-0.291635688975501,-0.9272133125092734,0.30032155153451723,0.9358991750682896,0.4909886641996795,0.7498833029197081,0.9993340568148097,0.6952491309385864,0.9999999999999996,1.0,0.6230482623775858,217.36958694458008,MAD/F_May_22_Feature_Plots/420_UCR_id_118_Facility_tr_13750_1st_52600/F_May_22_per_feature_artifacts_details.json
432_UCR_id_130_Facility_tr_23000_1st_26970.csv,0.005794154104732408,0.715805223562029,-0.021287057909733766,-0.19401162286146748,0.02708121201446617,0.1998057769661999,0.005722788142382969,0.7145038167938931,0.7783043478260864,0.0038255547054322873,0.01138044838966654,0.011380448389666552,0.011380335233880802,771.2554569244385,MAD/F_May_22_Feature_Plots/432_UCR_id_130_Facility_tr_23000_1st_26970/F_May_22_per_feature_artifacts_details.json
452_UCR_id_150_Facility_tr_10000_1st_35774.csv,0.012567593375337487,0.5050232080111647,-0.2753563315319284,-0.8834351355904537,0.28792392490726587,0.8960027289657913,0.9956510359796762,0.9999888471177945,0.9999898748974827,0.9626556016597512,0.9999999999999996,1.0,0.956932808340856,145.31468844413757,MAD/F_May_22_Feature_Plots/452_UCR_id_150_Facility_tr_10000_1st_35774/F_May_22_per_feature_artifacts_details.json
471_UCR_id_169_Facility_tr_10000_1st_35774.csv,0.002593528661957058,0.50002344243552,-0.11604925515997497,-0.7726398269384869,0.11864278382193202,0.7752333556004439,0.0025,0.5,,0.0,0.0,0.0,0.004987481421631705,145.60055947303772,MAD/F_May_22_Feature_Plots/471_UCR_id_169_Facility_tr_10000_1st_35774/F_May_22_per_feature_artifacts_details.json
494_UCR_id_192_Facility_tr_22500_1st_72150.csv,0.004424768887750108,0.4820067215672767,-0.01565001897261853,-0.1413776131321927,0.020074787860368638,0.1458023820199428,0.003833333333333333,0.4817913111371368,0.6072666648369739,0.0,0.0,0.0,0.007637313923487396,435.67018389701843,MAD/F_May_22_Feature_Plots/494_UCR_id_192_Facility_tr_22500_1st_72150/F_May_22_per_feature_artifacts_details.json
500_UCR_id_198_Facility_tr_7482_1st_23357.csv,0.012152655991389604,0.4877391828625351,-0.012641266309905193,-0.1737379261459917,0.024793922301294798,0.1858905821373813,0.012027663626340583,0.48723411450407494,0.37130216283740586,0.0,0.0,0.0,0.023769201599163754,249.35812091827393,MAD/F_May_22_Feature_Plots/500_UCR_id_198_Facility_tr_7482_1st_23357/F_May_22_per_feature_artifacts_details.json
517_UCR_id_215_Facility_tr_7482_1st_24005.csv,0.00253052509031714,0.5000313264195619,-0.08068180958719771,-0.9020699599520549,0.08321233467751485,0.904600485042372,0.0024055327252681166,0.5,,0.0,0.0,0.0,0.00479947216844933,145.5173168182373,MAD/F_May_22_Feature_Plots/517_UCR_id_215_Facility_tr_7482_1st_24005/F_May_22_per_feature_artifacts_details.json
525_UCR_id_223_Facility_tr_50000_1st_250720.csv,0.010761171135444976,0.8995509884383722,0.004535281571244398,-0.045153065421019524,0.006225889564200579,0.0559142365564645,0.010699588477366255,0.8995453633750083,0.8902097130861709,0.021092938733125646,0.021172638436482063,0.021172638436482084,0.021172428953573463,1121.5679757595062,MAD/F_May_22_Feature_Plots/525_UCR_id_223_Facility_tr_50000_1st_250720/F_May_22_per_feature_artifacts_details.json
310_UCR_id_8_HumanActivity_tr_2631_1st_8285.csv,0.003206114260574146,0.5000891499657156,-0.007722046584905782,-0.08202826248328486,0.010928160845479928,0.085234376743859,0.0028506271379703536,0.5,,0.0,0.0,0.0,0.005684991634591659,89.16590642929077,MAD/F_May_22_Feature_Plots/310_UCR_id_8_HumanActivity_tr_2631_1st_8285/F_May_22_per_feature_artifacts_details.json
311_UCR_id_9_HumanActivity_tr_16000_1st_38400.csv,0.0133317062483986,0.500210678027538,-0.028210314056254716,-0.246591888162404,0.041542020304653315,0.2599235944108026,0.0125,0.5,,0.0,0.0,0.0,0.02469111416183544,217.5242075920105,MAD/F_May_22_Feature_Plots/311_UCR_id_9_HumanActivity_tr_16000_1st_38400/F_May_22_per_feature_artifacts_details.json
315_UCR_id_13_HumanActivity_tr_16000_1st_33070.csv,0.00255045624839859,0.26479597385718534,-0.04951603442221619,-0.24727366762547492,0.052066490670614786,0.2498241238738735,0.00171875,0.2645875723900454,0.6655644651847625,0.0,0.0,0.0,0.0034315676773777333,222.6638457775116,MAD/F_May_22_Feature_Plots/315_UCR_id_13_HumanActivity_tr_16000_1st_33070/F_May_22_per_feature_artifacts_details.json
334_UCR_id_32_HumanActivity_tr_1671_1st_2764.csv,0.03511986033487168,0.40654512603876286,-0.014417566880652433,-0.4088988292461139,0.049537427215524114,0.4440186895809856,0.034560143626570915,0.40640012397334574,0.4737309139232682,0.0,0.0,0.0,0.06681063403864364,175.07663202285767,MAD/F_May_22_Feature_Plots/334_UCR_id_32_HumanActivity_tr_1671_1st_2764/F_May_22_per_feature_artifacts_details.json
341_UCR_id_39_HumanActivity_tr_48812_1st_128430.csv,0.0009510891279509937,0.8541054384341769,0.0003610045196161274,-0.005460979988385106,0.0005900846083348663,0.0064120691163361,1.7538321231891683e-05,0.8539890089065757,0.8726870891439447,3.5076027289149226e-05,3.507602728914919e-05,3.507602728914923e-05,3.507567653853542e-05,621.3713393211365,MAD/F_May_22_Feature_Plots/341_UCR_id_39_HumanActivity_tr_48812_1st_128430/F_May_22_per_feature_artifacts_details.json
355_UCR_id_53_HumanActivity_tr_48750_1st_143411.csv,0.001781382748730016,0.7052963171448459,-0.018206026278551873,-0.14228627501918398,0.01998740902728189,0.144067657767914,0.001162560889126568,0.7051898409440739,0.870718456358404,0.0023224218214754344,0.002322421821475432,0.0023224218214754344,0.002322398624457136,631.2808601856232,MAD/F_May_22_Feature_Plots/355_UCR_id_53_HumanActivity_tr_48750_1st_143411/F_May_22_per_feature_artifacts_details.json
381_UCR_id_79_HumanActivity_tr_16000_1st_31200.csv,0.010987956248398581,0.5002101789021137,-0.005729000182674257,-0.09580340913755252,0.01671695643107284,0.1067913653859511,0.01015625,0.5,,0.0,0.0,0.0,0.020108076269623933,517.1883034706116,MAD/F_May_22_Feature_Plots/381_UCR_id_79_HumanActivity_tr_16000_1st_31200/F_May_22_per_feature_artifacts_details.json
401_UCR_id_99_HumanActivity_tr_1671_1st_5920.csv,0.00938676637915654,0.500141235869296,-0.3629042890313417,-0.9868700621378488,0.37229105541049823,0.9962568285170054,0.008827049670855775,0.5,,0.0,0.0,0.0,0.017499455781755234,93.35305666923523,MAD/F_May_22_Feature_Plots/401_UCR_id_99_HumanActivity_tr_1671_1st_5920/F_May_22_per_feature_artifacts_details.json
421_UCR_id_119_HumanActivity_tr_48750_1st_130700.csv,0.04335334317294207,0.9297892227133054,0.03380327676822216,0.022664225397033874,0.009550066404719913,0.0206891177759082,0.041482106447303664,0.92966154163657,0.9592059595933132,0.07965975832039425,0.07965975832039417,0.07965975832039425,0.0796589934585405,1014.2744047641754,MAD/F_May_22_Feature_Plots/421_UCR_id_119_HumanActivity_tr_48750_1st_130700/F_May_22_per_feature_artifacts_details.json
430_UCR_id_128_HumanActivity_tr_12500_1st_46500.csv,0.007064583997950192,0.22916130591915163,-0.00237939581524438,-0.018509380789880507,0.009443979813194572,0.0255739647878307,0.006,0.2288933601609658,0.6264487502292871,0.0,0.0,0.0,0.011928310851780796,241.22964882850647,MAD/F_May_22_Feature_Plots/430_UCR_id_128_HumanActivity_tr_12500_1st_46500/F_May_22_per_feature_artifacts_details.json
439_UCR_id_137_HumanActivity_tr_48750_1st_110800.csv,0.0005827211955202957,0.5948172430185777,-0.1334698004772032,-0.645781458628069,0.1340525216727235,0.6463641798235893,1.0745524489050311e-05,0.5943517659064919,0.7553235716083226,1.210441266363653e-05,2.1490818047988974e-05,2.1490818047988997e-05,2.1490603144266806e-05,656.724550485611,MAD/F_May_22_Feature_Plots/439_UCR_id_137_HumanActivity_tr_48750_1st_110800/F_May_22_per_feature_artifacts_details.json
459_UCR_id_157_HumanActivity_tr_50000_1st_110260.csv,0.022218721569960992,0.9771252326806024,0.015625435778578677,-0.0434968294109736,0.006593285791382315,0.0657155509809346,0.016117652135769427,0.9768177268671557,0.9841204370968315,0.015889183133020984,0.03186248820878311,0.7037037037037037,0.031862174663077336,653.9665355682373,MAD/F_May_22_Feature_Plots/459_UCR_id_157_HumanActivity_tr_50000_1st_110260/F_May_22_per_feature_artifacts_details.json
473_UCR_id_171_HumanActivity_tr_2617_1st_7290.csv,0.0009305642413338095,0.5000894227217237,-0.015278704393186165,-0.2381679503582527,0.016209268634519974,0.2390985145995865,0.0005731753916698509,0.5,,0.0,0.0,0.0,0.0011456826494119017,93.29945755004883,MAD/F_May_22_Feature_Plots/473_UCR_id_171_HumanActivity_tr_2617_1st_7290/F_May_22_per_feature_artifacts_details.json
516_UCR_id_214_HumanActivity_tr_2108_1st_4702.csv,0.005450038000076572,0.9245986114086836,-0.0492594954968379,-0.4471042162372722,0.05470953349691447,0.4525542542373488,0.002901111944027986,0.8880147146078082,0.7937647877668381,0.006609385327164574,0.005780346820809242,0.017123287671232876,0.006926320722198804,165.43294405937195,MAD/F_May_22_Feature_Plots/516_UCR_id_214_HumanActivity_tr_2108_1st_4702/F_May_22_per_feature_artifacts_details.json
530_UCR_id_228_HumanActivity_tr_16250_1st_38500.csv,0.005434295383038612,0.5002057909762118,-0.013970552156176224,-0.10857992776507329,0.019404847539214835,0.1140142231481119,0.004615384615384616,0.5,,0.0,0.0,0.0,0.009188269948308325,218.8091480731964,MAD/F_May_22_Feature_Plots/530_UCR_id_228_HumanActivity_tr_16250_1st_38500/F_May_22_per_feature_artifacts_details.json
319_UCR_id_17_Environment_tr_6166_1st_19280.csv,0.008850394382913481,0.6258485633430415,-0.06659674802833984,-0.6417443985200131,0.07544714241125332,0.6505947929029265,0.008648181179395708,0.6258007916105602,0.7692404981224897,0.017148062804780023,0.01714806280478,0.017148062804780023,0.017147892796117774,116.69093203544617,MAD/F_May_22_Feature_Plots/319_UCR_id_17_Environment_tr_6166_1st_19280/F_May_22_per_feature_artifacts_details.json
385_UCR_id_83_Environment_tr_2046_1st_6006.csv,0.006322231974374672,0.45562138804440283,-0.1320916643893131,-0.8343048511004104,0.13841389636368778,0.8406270830747851,0.005865102639296188,0.45427728613569324,0.8229685561212846,0.0,0.0,0.0,0.011661691643240515,103.33463096618652,MAD/F_May_22_Feature_Plots/385_UCR_id_83_Environment_tr_2046_1st_6006/F_May_22_per_feature_artifacts_details.json
387_UCR_id_85_Environment_tr_2046_1st_5549.csv,0.08539991290968368,0.9017566454827446,-0.01663087905244187,-0.7070938083328255,0.10203079196212556,0.7924937212425093,0.08330874486402075,0.8969907407407407,0.8398341225835184,0.14987834549878343,0.16572504708097913,0.17810760667903525,0.16448434792433428,228.13079643249512,MAD/F_May_22_Feature_Plots/387_UCR_id_85_Environment_tr_2046_1st_5549/F_May_22_per_feature_artifacts_details.json
393_UCR_id_91_Environment_tr_2046_1st_4852.csv,0.006322231974374672,0.4575265011220822,-0.13598339805135498,-0.7163865964075212,0.14230563002572966,0.7227088283818959,0.005865102639296188,0.4565511307767945,0.8053571675464151,0.0,0.0,0.0,0.011661691643240515,370.9998903274536,MAD/F_May_22_Feature_Plots/393_UCR_id_91_Environment_tr_2046_1st_4852/F_May_22_per_feature_artifacts_details.json
400_UCR_id_98_Environment_tr_2046_1st_5391.csv,0.0005793189733971552,0.44964384837506816,-0.07616034685927058,-0.9994206810266029,0.07673966583266773,1.0,0.00012218963831867058,0.4482463644140291,0.76705710546931,0.0,0.0,0.0,0.00024434697649889346,98.60377860069275,MAD/F_May_22_Feature_Plots/400_UCR_id_98_Environment_tr_2046_1st_5391/F_May_22_per_feature_artifacts_details.json
411_UCR_id_109_Environment_tr_2046_1st_4852.csv,0.006133543985054002,0.43105326871918614,-0.1435868986744147,-0.8996909321995561,0.1497204426594687,0.90582447618461,0.005757772725181036,0.4225471669124877,0.7847608368970916,0.0009071877180739707,0.001425516749821809,0.06412825651302605,0.011661691643240515,160.35958456993103,MAD/F_May_22_Feature_Plots/411_UCR_id_109_Environment_tr_2046_1st_4852/F_May_22_per_feature_artifacts_details.json
445_UCR_id_143_Environment_tr_6166_1st_19280.csv,0.008850394382913481,0.6258485633430415,-0.0704962110620147,-0.6621674991198145,0.07934660544492818,0.671017893502728,0.008648181179395708,0.6258007916105602,0.7692404981224897,0.017148062804780023,0.01714806280478,0.017148062804780023,0.017147892796117774,128.4332776069641,MAD/F_May_22_Feature_Plots/445_UCR_id_143_Environment_tr_6166_1st_19280/F_May_22_per_feature_artifacts_details.json
463_UCR_id_161_Environment_tr_2046_1st_6006.csv,0.006322231974374672,0.4392128334721315,-0.13333908229081815,-0.8241138202984656,0.13966131426519282,0.8304360522728402,0.005865102639296188,0.43780727630285154,0.8307186208790649,0.0,0.0,0.0,0.011661691643240515,145.2538778781891,MAD/F_May_22_Feature_Plots/463_UCR_id_161_Environment_tr_2046_1st_6006/F_May_22_per_feature_artifacts_details.json
467_UCR_id_165_Environment_tr_6166_1st_19280.csv,0.008849916034930403,0.6258281594515621,-0.0485832071629787,-0.6059161135695574,0.05743312319790911,0.6147660296044878,0.008647713760674521,0.6257803892765332,0.7692251446022564,0.017147143928839353,0.017147143928839335,0.017147143928839353,0.01714697392920821,136.13394236564636,MAD/F_May_22_Feature_Plots/467_UCR_id_165_Environment_tr_6166_1st_19280/F_May_22_per_feature_artifacts_details.json
474_UCR_id_172_Environment_tr_2046_1st_6520.csv,0.003389680654726578,0.42149946227555907,-0.10927855484529499,-0.9109432699761034,0.11266823550002157,0.91433295063083,0.002932551319648094,0.4202205882352941,0.8021112242612941,0.0,0.0,0.0,0.005847894908416263,347.22681188583374,MAD/F_May_22_Feature_Plots/474_UCR_id_172_Environment_tr_2046_1st_6520/F_May_22_per_feature_artifacts_details.json
495_UCR_id_193_Environment_tr_2046_1st_6520.csv,0.003389680654726578,0.5001146583539905,-0.11186968030773646,-0.9017514601495771,0.11525936096246304,0.9051411408043036,0.002932551319648094,0.5,,0.0,0.0,0.0,0.005847894908416263,311.32139444351196,MAD/F_May_22_Feature_Plots/495_UCR_id_193_Environment_tr_2046_1st_6520/F_May_22_per_feature_artifacts_details.json
496_UCR_id_194_Environment_tr_2046_1st_5391.csv,0.0005793189733971552,0.4577093500248299,-0.06157290054296429,-0.5793861828279622,0.06215221951636145,0.5799655018013593,0.00012218963831867058,0.4560674569228889,0.8165188016158129,0.0,0.0,0.0,0.00024434697649889346,121.50669503211975,MAD/F_May_22_Feature_Plots/496_UCR_id_194_Environment_tr_2046_1st_5391/F_May_22_per_feature_artifacts_details.json
499_UCR_id_197_Environment_tr_2046_1st_5703.csv,0.003389680654726578,0.42309259953046113,-0.079272608811951,-0.6659162221438196,0.08266228946667759,0.6693059027985462,0.002932551319648094,0.4224264705882353,0.8271673562250602,0.0,0.0,0.0,0.005847894908416263,109.7104275226593,MAD/F_May_22_Feature_Plots/499_UCR_id_197_Environment_tr_2046_1st_5703/F_May_22_per_feature_artifacts_details.json
504_UCR_id_202_Environment_tr_2046_1st_5549.csv,0.0511089193723912,0.9430532804106041,-0.05289937362427256,-0.7726850879509262,0.10400829299666375,0.8237940073233173,0.0500300012545363,0.9414625839888561,0.7537203834540173,0.1168471255478216,0.1016260162601625,0.8421052631578947,0.0981115602982155,114.6505401134491,MAD/F_May_22_Feature_Plots/504_UCR_id_202_Environment_tr_2046_1st_5549/F_May_22_per_feature_artifacts_details.json
506_UCR_id_204_Environment_tr_2046_1st_5549.csv,0.006322231974374672,0.5001149966973034,-0.06804294973700564,-0.7513146107390204,0.07436518171138032,0.757636842713395,0.005865102639296188,0.5,,0.0,0.0,0.0,0.011661691643240515,296.3410451412201,MAD/F_May_22_Feature_Plots/506_UCR_id_204_Environment_tr_2046_1st_5549/F_May_22_per_feature_artifacts_details.json
313_UCR_id_11_Sensor_tr_2827_1st_4711.csv,0.011994947710243137,0.6261526641961073,-0.3218843565093432,-0.9572163663280281,0.33387930421958634,0.9692113140382712,0.0115538788021693,0.6260481712756467,0.6934017319121952,0.02284382284382284,0.022843822843822817,0.022843822843822845,0.022843597017028087,100.47010827064514,MAD/F_May_22_Feature_Plots/313_UCR_id_11_Sensor_tr_2827_1st_4711/F_May_22_per_feature_artifacts_details.json
316_UCR_id_14_Sensor_tr_2833_1st_5988.csv,0.011849111559430995,0.6261165166657181,-0.2862444075851424,-0.9752718267896596,0.2980935191445734,0.9871209383490906,0.011409080216419665,0.6260122808578803,0.7517572152294326,0.02256076287940458,0.022560762879404554,0.022560762879404582,0.022560539818921335,109.84049582481384,MAD/F_May_22_Feature_Plots/316_UCR_id_14_Sensor_tr_2833_1st_5988/F_May_22_per_feature_artifacts_details.json
339_UCR_id_37_Sensor_tr_2750_1st_5400.csv,0.2063780202765054,0.78686915271703,-0.04667092889814076,-0.7744379367182453,0.25304894917464615,0.9808159569947508,0.21793255723273047,0.8070731481481482,0.9199082973989925,0.3896294546436285,0.6666666666666662,0.9925558312655087,0.3786940583771314,101.24929308891296,MAD/F_May_22_Feature_Plots/339_UCR_id_37_Sensor_tr_2750_1st_5400/F_May_22_per_feature_artifacts_details.json
344_UCR_id_42_Sensor_tr_2851_1st_5365.csv,0.001643095430324594,0.5000821279784291,-0.010732940929693931,-0.05508866487649951,0.012376036360018525,0.0567317603068241,0.0013150973172014729,0.5,,0.0,0.0,0.0,0.0026267139827513466,98.9152603149414,MAD/F_May_22_Feature_Plots/344_UCR_id_42_Sensor_tr_2851_1st_5365/F_May_22_per_feature_artifacts_details.json
364_UCR_id_62_Sensor_tr_2833_1st_5988.csv,0.008888401842093024,0.5000832538042985,-0.24681264885336127,-0.9847800546524037,0.2557010506954543,0.9936684564944968,0.008558320098817717,0.5,,0.0,0.0,0.0,0.016971225306738145,88.91294836997986,MAD/F_May_22_Feature_Plots/364_UCR_id_62_Sensor_tr_2833_1st_5988/F_May_22_per_feature_artifacts_details.json
369_UCR_id_67_Sensor_tr_2750_1st_5400.csv,0.2369264669086384,0.6452952328450954,-0.01554345727216988,-0.7430688780494318,0.25246992418080827,0.9799953449580702,0.3066586326731871,0.6805631944444445,0.9929909884136742,0.5419974044004467,0.9999999999999996,1.0,0.4548239633252625,90.02894449234009,MAD/F_May_22_Feature_Plots/369_UCR_id_67_Sensor_tr_2750_1st_5400/F_May_22_per_feature_artifacts_details.json
373_UCR_id_71_Sensor_tr_2827_1st_5988.csv,0.008908838563696703,0.5000834469313404,-0.028084014763435416,-0.19045967230824679,0.03699285332713212,0.1993685108719435,0.008577997877608773,0.5,,0.0,0.0,0.0,0.01700991464435353,84.47030639648438,MAD/F_May_22_Feature_Plots/373_UCR_id_71_Sensor_tr_2827_1st_5988/F_May_22_per_feature_artifacts_details.json
405_UCR_id_103_Sensor_tr_2827_1st_5988.csv,0.7767747117407674,0.9075032763093724,0.6586012811277007,0.2215134959531847,0.11817343061306672,0.5552612157875827,0.9177043785232815,0.9789593615254534,0.9995330018132659,0.8564612091817702,0.9999999999999996,1.0,0.8532060698038664,91.29208707809448,MAD/F_May_22_Feature_Plots/405_UCR_id_103_Sensor_tr_2827_1st_5988/F_May_22_per_feature_artifacts_details.json
417_UCR_id_115_Sensor_tr_2750_1st_5400.csv,0.018521922407116576,0.5000866233857726,-0.22873094325952842,-0.9607937409732378,0.247252865666645,0.9793156633803544,0.01818181818181818,0.5,,0.0,0.0,0.0,0.03571393495242457,113.97594380378723,MAD/F_May_22_Feature_Plots/417_UCR_id_115_Sensor_tr_2750_1st_5400/F_May_22_per_feature_artifacts_details.json
426_UCR_id_124_Sensor_tr_2827_1st_4711.csv,0.011994947710243137,0.6261526641961073,-0.30446235159462476,-0.9706159163088068,0.3164572993048679,0.98261086401905,0.0115538788021693,0.6260481712756467,0.6934017319121952,0.02284382284382284,0.022843822843822817,0.022843822843822845,0.022843597017028087,83.83104920387268,MAD/F_May_22_Feature_Plots/426_UCR_id_124_Sensor_tr_2827_1st_4711/F_May_22_per_feature_artifacts_details.json
449_UCR_id_147_Sensor_tr_2847_1st_9330.csv,0.001206633867077829,0.5000822218376505,-0.17340511045172494,-0.7408851532987317,0.17461174431880278,0.7420917871658096,0.0008781173164734809,0.5,,0.0,0.0,0.0,0.0017546762745627171,92.11060619354248,MAD/F_May_22_Feature_Plots/449_UCR_id_147_Sensor_tr_2847_1st_9330/F_May_22_per_feature_artifacts_details.json
493_UCR_id_191_Sensor_tr_2847_1st_9330.csv,0.0016086568108501897,0.6251687048179592,-0.21071714018846568,-0.8145342368459622,0.21232579699931586,0.8161428936568124,0.0011706860220088973,0.6250659166813148,0.769197903507919,0.002338634237605239,0.0023386342376052363,0.0023386342376052385,0.0023386108788422274,101.36056351661682,MAD/F_May_22_Feature_Plots/493_UCR_id_191_Sensor_tr_2847_1st_9330/F_May_22_per_feature_artifacts_details.json
526_UCR_id_224_Sensor_tr_2827_1st_4711.csv,0.008997271531507102,0.5000834543771989,-0.25627142274054127,-0.9626794883636923,0.26526869427204836,0.9716767598951994,0.008666430845419171,0.5,,0.0,0.0,0.0,0.01718376791684411,92.81895685195923,MAD/F_May_22_Feature_Plots/526_UCR_id_224_Sensor_tr_2827_1st_4711/F_May_22_per_feature_artifacts_details.json
531_SMAP_id_1_Sensor_tr_1811_1st_4510.csv,0.9922707414573659,0.9999445232796264,0.4635458069046726,-0.0007699816408952564,0.5287249345526933,0.9930407230982612,0.9774805299889093,0.9997319903550999,0.9997238331952494,0.9024390243902439,0.9999999999999996,1.0,0.9039498381963688,76.06112265586853,MAD/F_May_22_Feature_Plots/531_SMAP_id_1_Sensor_tr_1811_1st_4510/F_May_22_per_feature_artifacts_details.json
532_SMAP_id_2_Sensor_tr_2075_1st_5550.csv,0.1232212006913984,0.8240955024654192,-0.02763433489552973,-0.5274349583684734,0.15085553558692813,0.6506561590598718,0.12776799609527237,0.851880159137108,0.9049182172650149,0.33547898523286634,0.2771084337349395,0.8540145985401459,0.2578452544240159,295.8072726726532,MAD/F_May_22_Feature_Plots/532_SMAP_id_2_Sensor_tr_2075_1st_5550/F_May_22_per_feature_artifacts_details.json
533_SMAP_id_3_Sensor_tr_2052_1st_5300.csv,0.9653573531098103,0.9799339342447877,0.3726736323858907,-0.03439321172103227,0.5926837207239196,0.9997505648308426,0.9653390585755349,0.9799286351471901,0.9998947433686278,0.9836808703535812,0.9999999999999996,1.0,0.9795125260193824,134.36294651031494,MAD/F_May_22_Feature_Plots/533_SMAP_id_3_Sensor_tr_2052_1st_5300/F_May_22_per_feature_artifacts_details.json
534_SMAP_id_4_Sensor_tr_1968_1st_4370.csv,0.9813994909862832,0.9999172331057434,0.5378215642153743,-0.007078833605597246,0.4435779267709089,0.9884783245918805,0.9403275149720723,0.999581425309482,0.999596424621087,0.85,0.9999999999999996,1.0,0.8499951125281029,83.2849531173706,MAD/F_May_22_Feature_Plots/534_SMAP_id_4_Sensor_tr_1968_1st_4370/F_May_22_per_feature_artifacts_details.json
536_SMAP_id_6_Sensor_tr_2160_1st_5600.csv,0.047630053665922864,0.7572504858031172,-0.5464176606685696,-0.9515140308113615,0.5940477143344924,0.9991440844772844,0.1579108092083154,0.7733828131612788,0.9977183805038394,0.4556574923547401,0.9999999999999996,1.0,0.24347612251405443,110.40199685096741,MAD/F_May_22_Feature_Plots/536_SMAP_id_6_Sensor_tr_2160_1st_5600/F_May_22_per_feature_artifacts_details.json
537_SMAP_id_7_Sensor_tr_2077_1st_5394.csv,0.9518850829514224,0.9750947737249408,0.6026398124212008,-0.04615268237932579,0.3492452705302216,0.9980377653307482,0.9995973698029844,0.9999862597727366,0.9999885443056467,0.9892729131351821,0.9999999999999996,1.0,0.987692716072017,115.90289163589478,MAD/F_May_22_Feature_Plots/537_SMAP_id_7_Sensor_tr_2077_1st_5394/F_May_22_per_feature_artifacts_details.json
538_SMAP_id_8_Sensor_tr_2007_1st_3650.csv,0.7258520712834168,0.857842667090193,0.23585355749352138,-0.21094204899101365,0.4899985137898954,0.9367941202744304,0.7185342586613901,0.8531619540488513,0.9986962009255433,0.884228813716576,0.9999999999999996,1.0,0.8235245525037413,103.89123344421387,MAD/F_May_22_Feature_Plots/538_SMAP_id_8_Sensor_tr_2007_1st_3650/F_May_22_per_feature_artifacts_details.json
539_SMAP_id_9_Sensor_tr_1857_1st_4270.csv,0.027694003315614477,0.721025086212944,-0.17832360429871552,-0.9642675034298775,0.20601760761433,0.991961506745492,0.02090783318321926,0.6932813577418422,0.7392730826743018,0.4077669902912622,0.037864680322780835,0.48221343873517786,0.037864308848292144,107.43943238258362,MAD/F_May_22_Feature_Plots/539_SMAP_id_9_Sensor_tr_1857_1st_4270/F_May_22_per_feature_artifacts_details.json
540_SMAP_id_10_Sensor_tr_2051_1st_4575.csv,0.10622409474256779,0.8493906158391908,-0.2897832729976847,-0.8845223425735991,0.39600736774025247,0.9907464373161669,0.10368175460878432,0.8476521487274176,0.7075933788080477,0.2097215356730928,0.23691460055096397,0.9538461538461539,0.225349374227386,137.36405634880066,MAD/F_May_22_Feature_Plots/540_SMAP_id_10_Sensor_tr_2051_1st_4575/F_May_22_per_feature_artifacts_details.json
541_SMAP_id_11_Sensor_tr_1832_1st_5300.csv,0.39069812256719577,0.674262144744765,0.040119793676674675,-0.5846865553280267,0.3505783288905211,0.9753846778952224,0.38594940516787807,0.6729910714285714,0.9902338907005586,0.6457073760580411,0.9999999999999996,1.0,0.5140923662789371,110.06444358825684,MAD/F_May_22_Feature_Plots/541_SMAP_id_11_Sensor_tr_1832_1st_5300/F_May_22_per_feature_artifacts_details.json
542_SMAP_id_12_Sensor_tr_1908_1st_4690.csv,0.9824329403419477,0.999944995496024,0.5235460937251152,-0.017567059658052275,0.45888684661683254,1.0,0.9970043830605744,0.9999872682287135,0.9999915465573349,0.9735099337748345,0.9999999999999996,1.0,0.9687450049085684,78.19093441963196,MAD/F_May_22_Feature_Plots/542_SMAP_id_12_Sensor_tr_1908_1st_4690/F_May_22_per_feature_artifacts_details.json
544_SMAP_id_14_Sensor_tr_1978_1st_4450.csv,0.7691618113281233,0.8829109689895152,0.46298130763701223,-0.22462843045827108,0.3061805036911111,0.9937902417863944,0.76905108292523,0.8828828828828829,0.9998064407412631,0.8966202783300198,0.9999999999999996,1.0,0.8673420267875013,80.11355328559875,MAD/F_May_22_Feature_Plots/544_SMAP_id_14_Sensor_tr_1978_1st_4450/F_May_22_per_feature_artifacts_details.json
545_SMAP_id_15_Sensor_tr_1173_1st_2750.csv,0.3941249413275026,0.8632460231881396,-0.013255483318535266,-0.5764893666403228,0.40738042464603785,0.9706143079678254,0.5012460217451699,0.847838575326727,0.9984726627555669,0.7185929648241206,0.9999999999999996,1.0,0.6578903220517862,103.38288521766663,MAD/F_May_22_Feature_Plots/545_SMAP_id_15_Sensor_tr_1173_1st_2750/F_May_22_per_feature_artifacts_details.json
546_SMAP_id_16_Sensor_tr_2117_1st_4770.csv,0.2984241721967998,0.9333118611767628,0.033854964954373234,-0.6609419941986567,0.26456920724242655,0.9593661663954566,0.3056459177452643,0.9450707251105823,0.7437986265573854,0.481651376146789,0.4999999999999996,0.9918032786885246,0.47641101563210664,94.89365887641907,MAD/F_May_22_Feature_Plots/546_SMAP_id_16_Sensor_tr_2117_1st_4770/F_May_22_per_feature_artifacts_details.json
547_SMAP_id_17_Sensor_tr_2133_1st_5400.csv,0.08006089197343648,0.5833476633573317,-0.18063070070802195,-0.7360080486422454,0.2606915926814584,0.8160689406156819,0.11929799824598318,0.6012506425923937,0.9826979050080452,0.4848910198118334,0.9999999999999996,1.0,0.22247155020131978,100.56483936309814,MAD/F_May_22_Feature_Plots/547_SMAP_id_17_Sensor_tr_2133_1st_5400/F_May_22_per_feature_artifacts_details.json
548_SMAP_id_18_Sensor_tr_2094_1st_5600.csv,0.045238946221772644,0.8352938900856455,-0.4041031824246857,-0.9405048858813058,0.44934212864645834,0.9857438321030784,0.32536231044477787,0.8519393682239162,0.999271489599785,0.5862068965517242,0.9999999999999996,1.0,0.48147782581650767,105.98504304885864,MAD/F_May_22_Feature_Plots/548_SMAP_id_18_Sensor_tr_2094_1st_5600/F_May_22_per_feature_artifacts_details.json
549_SMAP_id_19_Sensor_tr_1998_1st_2098.csv,0.8194451041076634,0.9209357550954897,0.38076338904440876,-0.16470604762960506,0.4386817150632546,0.9841511517372684,0.9047764668459252,0.9693117668384389,0.9982114018237838,0.9002124795331012,0.9999999999999996,1.0,0.8963680678953625,80.84539937973022,MAD/F_May_22_Feature_Plots/549_SMAP_id_19_Sensor_tr_1998_1st_2098/F_May_22_per_feature_artifacts_details.json
550_SWaT_id_1_Sensor_tr_43700_1st_43800.csv,0.21301974370543614,0.572064328755973,-0.02643481787420998,-0.4687494091109338,0.23945456157964612,0.68176915281637,0.27815797406861387,0.7590768723058838,0.6713783698415194,0.33963223954420496,0.3763292509498435,0.495941129683487,0.4467892864438768,6152.848308324814,MAD/F_May_22_Feature_Plots/550_SWaT_id_1_Sensor_tr_43700_1st_43800/F_May_22_per_feature_artifacts_details.json
551_YAHOO_id_1_Synthetic_tr_500_1st_893.csv,0.5,0.9996478873239436,0.1339125634154415,-0.5,0.3660874365845585,1.0,0.5,0.9996478873239436,0.8409461663947793,0.6666666666666666,0.6666666666666662,0.6666666666666666,0.6666622222518517,80.09394216537476,MAD/F_May_22_Feature_Plots/551_YAHOO_id_1_Synthetic_tr_500_1st_893/F_May_22_per_feature_artifacts_details.json
552_YAHOO_id_2_Synthetic_tr_500_1st_893.csv,1.0,1.0,0.5073513211181762,0.0,0.4926486788818239,1.0,1.0,1.0,0.9999999999999996,1.0,0.9999999999999996,1.0,0.9999950000249999,100.47757697105408,MAD/F_May_22_Feature_Plots/552_YAHOO_id_2_Synthetic_tr_500_1st_893/F_May_22_per_feature_artifacts_details.json
555_YAHOO_id_5_WebService_tr_500_1st_730.csv,0.011609502666892431,0.7424895363282676,-0.23358597864970188,-0.9324478248105603,0.2451954813165943,0.9440573274774527,0.0035597090274909356,0.5723448687350835,0.7653488724921268,0.125,0.007346189164370974,0.0073461891643709825,0.007407333608417012,257.5582056045532,MAD/F_May_22_Feature_Plots/555_YAHOO_id_5_WebService_tr_500_1st_730/F_May_22_per_feature_artifacts_details.json
558_YAHOO_id_8_WebService_tr_500_1st_1125.csv,0.5008632777592583,0.679621551142514,0.3854364037385473,-0.033316629043725565,0.11542687402071099,0.5341799068029839,0.9402904305847543,0.9832776540460282,0.6012211893102359,0.3322005097706032,0.6582278481012653,0.9753086419753086,0.9689390995975748,99.17013192176819,MAD/F_May_22_Feature_Plots/558_YAHOO_id_8_WebService_tr_500_1st_1125/F_May_22_per_feature_artifacts_details.json
562_YAHOO_id_12_Synthetic_tr_500_1st_893.csv,1.0,1.0,0.4118471187143089,0.0,0.5881528812856911,1.0,1.0,1.0,0.9999999999999996,1.0,0.9999999999999996,1.0,0.9999950000249999,87.3420832157135,MAD/F_May_22_Feature_Plots/562_YAHOO_id_12_Synthetic_tr_500_1st_893/F_May_22_per_feature_artifacts_details.json
570_YAHOO_id_20_Synthetic_tr_500_1st_658.csv,0.9537826313965533,0.9999021310465093,0.6398370583820109,-0.036909291963931556,0.3139455730145424,0.9906919233604848,0.8333333333333333,0.9996471418489767,0.9996449464333852,0.8,0.9999999999999996,1.0,0.7999952000287999,102.97375392913818,MAD/F_May_22_Feature_Plots/570_YAHOO_id_20_Synthetic_tr_500_1st_658/F_May_22_per_feature_artifacts_details.json
571_YAHOO_id_21_Synthetic_tr_500_1st_623.csv,0.5958327383629245,0.7855878623457986,0.19795837885663647,-0.38652426810943075,0.397874359506288,0.9823570064723552,0.6687778559699742,0.8158640226628894,0.7999999999999995,0.8,0.7999999999999995,0.8,0.7999952000287999,124.33471941947937,MAD/F_May_22_Feature_Plots/571_YAHOO_id_21_Synthetic_tr_500_1st_623/F_May_22_per_feature_artifacts_details.json
579_YAHOO_id_29_WebService_tr_500_1st_1342.csv,1.0,1.0,0.7537606264942573,0.0,0.2462393735057426,1.0,1.0,1.0,0.9999999999999996,1.0,0.9999999999999996,1.0,0.9999950000249999,107.46679067611694,MAD/F_May_22_Feature_Plots/579_YAHOO_id_29_WebService_tr_500_1st_1342/F_May_22_per_feature_artifacts_details.json
603_YAHOO_id_53_Synthetic_tr_500_1st_893.csv,0.5,0.999647887323945,0.08459672726086903,-0.5,0.41540327273913097,1.0,0.5,0.9996478873239436,0.8143946344003367,0.6666666666666666,0.0799999999999999,0.08,0.6666622222518517,103.45650291442871,MAD/F_May_22_Feature_Plots/603_YAHOO_id_53_Synthetic_tr_500_1st_893/F_May_22_per_feature_artifacts_details.json
644_YAHOO_id_94_WebService_tr_500_1st_1078.csv,0.9497081272244041,0.980371507775548,0.6737503718909028,-0.027305966723491837,0.2759577553335013,0.977014093947896,0.9249162733941987,0.9914950980392158,0.8783176848275641,0.3623011015911873,0.8629737609329441,0.961038961038961,0.9610339644381894,106.50343585014343,MAD/F_May_22_Feature_Plots/644_YAHOO_id_94_WebService_tr_500_1st_1078/F_May_22_per_feature_artifacts_details.json
645_YAHOO_id_95_WebService_tr_500_1st_1047.csv,1.0,1.0,0.7270626572451462,0.0,0.2729373427548539,1.0,1.0,1.0,0.9999999999999996,1.0,0.9999999999999996,1.0,0.9999950000249999,87.7742383480072,MAD/F_May_22_Feature_Plots/645_YAHOO_id_95_WebService_tr_500_1st_1047/F_May_22_per_feature_artifacts_details.json
649_YAHOO_id_99_WebService_tr_500_1st_1386.csv,1.0,1.0,0.5524325451696857,0.0,0.44756745483031435,1.0,1.0,1.0,0.9999999999999996,1.0,0.9999999999999996,1.0,0.9999950000249999,70.437246799469,MAD/F_May_22_Feature_Plots/649_YAHOO_id_99_WebService_tr_500_1st_1386/F_May_22_per_feature_artifacts_details.json
657_YAHOO_id_107_WebService_tr_500_1st_1260.csv,1.0,1.0,0.5386076008990537,0.0,0.4613923991009463,1.0,1.0,1.0,0.9999999999999996,1.0,0.9999999999999996,1.0,0.9999950000249999,76.61653542518616,MAD/F_May_22_Feature_Plots/657_YAHOO_id_107_WebService_tr_500_1st_1260/F_May_22_per_feature_artifacts_details.json
658_YAHOO_id_108_Synthetic_tr_500_1st_893.csv,1.0,1.0,0.38224042316343554,0.0,0.6177595768365645,1.0,1.0,1.0,0.9999999999999996,1.0,0.9999999999999996,1.0,0.9999950000249999,81.58556699752808,MAD/F_May_22_Feature_Plots/658_YAHOO_id_108_Synthetic_tr_500_1st_893/F_May_22_per_feature_artifacts_details.json
672_YAHOO_id_122_WebService_tr_500_1st_857.csv,0.6796553324615421,0.9993665602413031,0.493987009260584,-0.3203446675384579,0.1856683232009581,1.0,0.3333333333333333,0.9991066110780226,0.9994044073853479,0.5,0.4999999999999996,0.5,0.49999625002812476,152.1882255077362,MAD/F_May_22_Feature_Plots/672_YAHOO_id_122_WebService_tr_500_1st_857/F_May_22_per_feature_artifacts_details.json
680_YAHOO_id_130_Synthetic_tr_500_1st_893.csv,1.0,1.0,0.5237804269147588,0.0,0.4762195730852412,1.0,1.0,1.0,0.9999999999999996,1.0,0.9999999999999996,1.0,0.9999950000249999,89.00504350662231,MAD/F_May_22_Feature_Plots/680_YAHOO_id_130_Synthetic_tr_500_1st_893/F_May_22_per_feature_artifacts_details.json
689_YAHOO_id_139_WebService_tr_500_1st_1073.csv,0.0047291157152243146,0.6410167654670453,-0.23333635600395056,-0.9952708842847757,0.23806547171917486,1.0,0.0016474464579901153,0.6390708755211436,0.8241112290644078,0.0032733224222585926,0.0032733224222585887,0.0032733224222585926,0.003289440843904733,78.36624312400818,MAD/F_May_22_Feature_Plots/689_YAHOO_id_139_WebService_tr_500_1st_1073/F_May_22_per_feature_artifacts_details.json
693_YAHOO_id_143_WebService_tr_500_1st_1003.csv,0.33333333333333337,0.9985964912280703,0.06950035909200414,-0.27426227965965166,0.26383297424132923,0.607595612992985,0.3333333333333333,0.99859649122807,0.8564540913932345,0.5,0.4999999999999996,0.5,0.49999625002812476,109.06500554084778,MAD/F_May_22_Feature_Plots/693_YAHOO_id_143_WebService_tr_500_1st_1003/F_May_22_per_feature_artifacts_details.json
701_YAHOO_id_151_Synthetic_tr_500_1st_893.csv,1.0,1.0,0.5168246960867054,0.0,0.48317530391329455,1.0,1.0,1.0,0.9999999999999996,1.0,0.9999999999999996,1.0,0.9999950000249999,87.6507031917572,MAD/F_May_22_Feature_Plots/701_YAHOO_id_151_Synthetic_tr_500_1st_893/F_May_22_per_feature_artifacts_details.json
723_YAHOO_id_173_WebService_tr_500_1st_1214.csv,0.025149253108799615,0.8989014716820853,-0.32351214023233005,-0.9296106823080961,0.34866139334112967,0.9547599354168956,0.00749063670411985,0.8973906911142454,0.7919892236045992,0.004140786749482402,0.014869888475836415,0.01486988847583643,0.014869740883984532,109.52900981903076,MAD/F_May_22_Feature_Plots/723_YAHOO_id_173_WebService_tr_500_1st_1214/F_May_22_per_feature_artifacts_details.json
724_YAHOO_id_174_WebService_tr_500_1st_1030.csv,0.4115884958242528,0.7266081274050751,0.18288877119494645,-0.4321735481451941,0.22869972462930632,0.8437620439694469,0.45119047619047614,0.7515820895522389,0.7395952296257461,0.6666666666666667,0.666666666666666,0.6666666666666666,0.6666617284316411,96.84404754638672,MAD/F_May_22_Feature_Plots/724_YAHOO_id_174_WebService_tr_500_1st_1030/F_May_22_per_feature_artifacts_details.json
734_YAHOO_id_184_WebService_tr_500_1st_768.csv,0.9414898392476515,0.9886647880099951,0.3990347961433286,-0.053917682817456125,0.5424550431043229,0.9954075220651076,0.9293912815375454,0.9860039231706286,0.9894349738375291,0.868366129994037,0.9999999999999996,1.0,0.8311638326981133,128.5606722831726,MAD/F_May_22_Feature_Plots/734_YAHOO_id_184_WebService_tr_500_1st_768/F_May_22_per_feature_artifacts_details.json
741_YAHOO_id_191_WebService_tr_500_1st_1114.csv,0.3938696923009594,0.7088270116665646,0.17432693877099253,-0.4879525836849918,0.21954275352996688,0.8818222759859512,0.5005952380952381,0.7351013110846246,0.6666666666666662,0.6666666666666666,0.6666666666666662,0.6666666666666666,0.6666622222518517,97.0659441947937,MAD/F_May_22_Feature_Plots/741_YAHOO_id_191_WebService_tr_500_1st_1114/F_May_22_per_feature_artifacts_details.json
755_YAHOO_id_205_Synthetic_tr_500_1st_893.csv,1.0,1.0,0.5945784879561182,0.0,0.40542151204388177,1.0,1.0,1.0,0.9999999999999996,1.0,0.9999999999999996,1.0,0.9999950000249999,92.25779914855957,MAD/F_May_22_Feature_Plots/755_YAHOO_id_205_Synthetic_tr_500_1st_893/F_May_22_per_feature_artifacts_details.json
762_YAHOO_id_212_WebService_tr_500_1st_1055.csv,0.012266873165025404,0.7484454425749366,-0.1070874333689971,-0.8695554028209258,0.11935430653402251,0.8818222759859512,0.00258732212160414,0.7467222884386174,0.796441173357234,0.0009053870529651426,0.00516129032258064,0.005161290322580645,0.005161238843385472,127.20085191726685,MAD/F_May_22_Feature_Plots/762_YAHOO_id_212_WebService_tr_500_1st_1055/F_May_22_per_feature_artifacts_details.json
780_YAHOO_id_230_Synthetic_tr_500_1st_893.csv,1.0,1.0,0.6341145391016956,0.0,0.3658854608983045,1.0,1.0,0.9999999999999999,0.9999999999999996,1.0,0.9999999999999996,1.0,0.9999950000249999,130.66035151481628,MAD/F_May_22_Feature_Plots/780_YAHOO_id_230_Synthetic_tr_500_1st_893/F_May_22_per_feature_artifacts_details.json
788_YAHOO_id_238_WebService_tr_500_1st_973.csv,0.0053885774588944245,0.5809730817546376,-0.20873836780990335,-0.9946114225411056,0.21412694526879777,1.0,0.0014144271570014145,0.5795116140559857,0.7889023912998697,0.002793296089385475,0.002793296089385472,0.002793296089385475,0.002824830548655397,96.81787705421448,MAD/F_May_22_Feature_Plots/788_YAHOO_id_238_WebService_tr_500_1st_973/F_May_22_per_feature_artifacts_details.json
797_YAHOO_id_247_Synthetic_tr_500_1st_893.csv,0.003336485910121265,0.5006599724429819,-0.132052185544422,-0.6391149327618869,0.13538867145454325,0.6424514186720082,0.0007037297677691766,0.5,,0.0,0.0,0.0,0.0014064557062337653,70.02082514762878,MAD/F_May_22_Feature_Plots/797_YAHOO_id_247_Synthetic_tr_500_1st_893/F_May_22_per_feature_artifacts_details.json
806_YAHOO_id_256_Synthetic_tr_500_1st_893.csv,0.052631578947368425,0.9936619718309857,-0.12581898923902826,-0.9473684210526315,0.17845056818639668,1.0,0.05263157894736842,0.9936619718309859,0.783442598338504,0.33333333333333337,0.0999999999999999,0.1,0.09999905000902491,90.92766737937927,MAD/F_May_22_Feature_Plots/806_YAHOO_id_256_Synthetic_tr_500_1st_893/F_May_22_per_feature_artifacts_details.json
807_YAHOO_id_257_WebService_tr_500_1st_1210.csv,0.4063860175807122,0.9869612071654412,0.0039959400771190645,-0.32964583561113797,0.4023900775035931,0.7360318531918502,0.329070137630776,0.9772983820393829,0.9496249070943821,0.4363636363636364,0.5714285714285711,0.85,0.5161240791318212,145.06553959846497,MAD/F_May_22_Feature_Plots/807_YAHOO_id_257_WebService_tr_500_1st_1210/F_May_22_per_feature_artifacts_details.json
810_Exathlon_id_1_Facility_tr_10766_1st_12590.csv,0.12646525951320545,0.5000621504078908,-0.4052450453138656,-0.8693646208220478,0.531710304827071,0.9958298803352532,0.12624808433567083,0.5,,0.0,0.0,0.0,0.2241903274064202,464.99892950057983,MAD/F_May_22_Feature_Plots/810_Exathlon_id_1_Facility_tr_10766_1st_12590/F_May_22_per_feature_artifacts_details.json
811_Exathlon_id_2_Facility_tr_10766_1st_12590.csv,0.44924092507104435,0.6847918064370515,-0.2701621424414686,-0.5469880031217635,0.7194030675125129,0.9962289281928078,0.44910399726001093,0.6847526209306602,0.9640443492137646,0.6593531019901675,0.9999999999999996,1.0,0.5396146469448893,243.50944113731384,MAD/F_May_22_Feature_Plots/811_Exathlon_id_2_Facility_tr_10766_1st_12590/F_May_22_per_feature_artifacts_details.json
812_Exathlon_id_3_Facility_tr_10766_1st_12590.csv,0.6792708421626079,0.8854753275628304,0.010803812644924693,-0.3204781276581805,0.6684670295176832,0.9997489698207884,0.6706966503060514,0.8799585278520987,0.9791193417395081,0.4308583043474059,0.8967865503298569,0.9181019925700776,0.7935172700750833,1174.8744156360626,MAD/F_May_22_Feature_Plots/812_Exathlon_id_3_Facility_tr_10766_1st_12590/F_May_22_per_feature_artifacts_details.json
814_Exathlon_id_5_Facility_tr_10766_1st_12590.csv,0.44924092507104435,0.6847918064370515,-0.2550011146141537,-0.5470519724798519,0.704242039685198,0.9962928975508962,0.44910399726001093,0.6847526209306602,0.9640443492137646,0.6593531019901675,0.9999999999999996,1.0,0.5396146469448893,246.40882563591003,MAD/F_May_22_Feature_Plots/814_Exathlon_id_5_Facility_tr_10766_1st_12590/F_May_22_per_feature_artifacts_details.json
815_Exathlon_id_6_Facility_tr_10766_1st_12590.csv,0.15461455636989432,0.509913301387143,-0.5455013262166338,-0.8451344134508941,0.7001158825865281,0.9997489698207884,0.16298690001713567,0.6156735928644566,0.7172466302484749,0.30532512803548045,0.28562925338782924,0.28519354966520066,0.28519016941419967,434.7664427757263,MAD/F_May_22_Feature_Plots/815_Exathlon_id_6_Facility_tr_10766_1st_12590/F_May_22_per_feature_artifacts_details.json
816_Exathlon_id_7_Facility_tr_10766_1st_12590.csv,0.3624371809445599,0.6892166274389065,-0.0947148182826848,-0.5515414247845821,0.4571519992272447,0.913978605729142,0.37135045204763284,0.6946767432459535,0.9564033025482253,0.5927139207449883,0.9687499999999994,0.9998161088635528,0.5059022345180048,1556.1287717819214,MAD/F_May_22_Feature_Plots/816_Exathlon_id_7_Facility_tr_10766_1st_12590/F_May_22_per_feature_artifacts_details.json
817_Exathlon_id_8_Facility_tr_10766_1st_12590.csv,0.15074320315730108,0.5198096389029181,-0.2670736553274343,-0.72362687170164,0.4178168584847354,0.874370074858941,0.1511895362819554,0.5199238719106684,0.9135531042574347,0.3442300316459659,0.868852459016393,0.9990812201396545,0.2241903274064202,533.3447048664093,MAD/F_May_22_Feature_Plots/817_Exathlon_id_8_Facility_tr_10766_1st_12590/F_May_22_per_feature_artifacts_details.json
818_Exathlon_id_9_Facility_tr_11665_1st_13484.csv,0.07415237290920791,0.5120191894791579,-0.5189547316601206,-0.925551423232562,0.5931071045693286,0.99970379614177,0.07259140047909193,0.5104981560875756,0.7301677482657242,0.3831420348691251,0.27906976744185996,0.5158530447911425,0.15441266643136944,546.2245490550995,MAD/F_May_22_Feature_Plots/818_Exathlon_id_9_Facility_tr_11665_1st_13484/F_May_22_per_feature_artifacts_details.json
819_Exathlon_id_10_Facility_tr_10766_1st_12590.csv,0.7939397635459401,0.8820209963507358,0.15937663318477957,-0.20565830926628448,0.6345631303611605,0.9995980728122246,0.7899858689538958,0.8810117376227006,0.9929817357782943,0.8926215226345905,0.9984343008551121,0.9988059153118398,0.8639867511946178,159.32385277748108,MAD/F_May_22_Feature_Plots/819_Exathlon_id_10_Facility_tr_10766_1st_12590/F_May_22_per_feature_artifacts_details.json
820_Exathlon_id_11_Facility_tr_11665_1st_13484.csv,0.269616202222721,0.5895702281947224,-0.23276393171937482,-0.6537630955168394,0.5023801339420958,0.9233792977395604,0.37296091737735854,0.711006740040805,0.7587201254817959,0.4598144989492585,0.7909110771247536,0.7875025863852679,0.471757030181597,538.3242602348328,MAD/F_May_22_Feature_Plots/820_Exathlon_id_11_Facility_tr_11665_1st_13484/F_May_22_per_feature_artifacts_details.json
821_Exathlon_id_12_Facility_tr_6985_1st_7085.csv,0.1205760944916935,0.5153772520960554,-0.23751176275654745,-0.8670074162154997,0.35808785724824094,0.9875835107071932,0.1364402941355772,0.5342008852881293,0.845816618361482,0.2567493774600118,0.5831202046035799,0.7482975716304767,0.1885625092219216,215.93431282043457,MAD/F_May_22_Feature_Plots/821_Exathlon_id_12_Facility_tr_6985_1st_7085/F_May_22_per_feature_artifacts_details.json
822_Exathlon_id_13_Facility_tr_10766_1st_12590.csv,0.15074320315730108,0.5198096389029181,-0.2556374891681338,-0.7265323232375749,0.40638069232543483,0.8772755263948759,0.1511895362819554,0.5199238719106684,0.9135531042574347,0.3442300316459659,0.868852459016393,0.9990812201396545,0.2241903274064202,540.1224451065063,MAD/F_May_22_Feature_Plots/822_Exathlon_id_13_Facility_tr_10766_1st_12590/F_May_22_per_feature_artifacts_details.json
823_Exathlon_id_14_Facility_tr_10766_1st_12590.csv,0.21924021377514644,0.5959162916482512,-0.440287519597376,-0.780673996586897,0.6595277333725225,0.9999142103620434,0.2632075749670507,0.6580126403062009,0.7632014440130053,0.448692340389094,0.5685721196484717,0.6755963302752294,0.4233343797629681,1091.8255310058594,MAD/F_May_22_Feature_Plots/823_Exathlon_id_14_Facility_tr_10766_1st_12590/F_May_22_per_feature_artifacts_details.json
824_Exathlon_id_15_Facility_tr_10766_1st_12590.csv,0.33903971291317325,0.6807785041256871,-0.25288465630920154,-0.6557678116636477,0.5919243692223748,0.994807524576821,0.44489878850244813,0.7832684136248211,0.8756757615600993,0.6367086683912164,0.6549936417881242,0.6711629602624863,0.6294366268659476,450.6407268047333,MAD/F_May_22_Feature_Plots/824_Exathlon_id_15_Facility_tr_10766_1st_12590/F_May_22_per_feature_artifacts_details.json
826_Exathlon_id_17_Facility_tr_11665_1st_13484.csv,0.269616202222721,0.5895702281947224,-0.24693500792954548,-0.6538999801331942,0.5165512101522665,0.9235161823559151,0.37296091737735854,0.711006740040805,0.7587201254817959,0.4598144989492585,0.7909110771247536,0.7875025863852679,0.471757030181597,552.594046831131,MAD/F_May_22_Feature_Plots/826_Exathlon_id_17_Facility_tr_11665_1st_13484/F_May_22_per_feature_artifacts_details.json
827_Exathlon_id_18_Facility_tr_10766_1st_12590.csv,0.33903971291317325,0.6807785041256871,-0.2532828484533308,-0.6558431743058664,0.5923225613665041,0.9948828872190396,0.44489878850244813,0.7832684136248211,0.8756757615600993,0.6367086683912164,0.6549936417881242,0.6711629602624863,0.6294366268659476,462.3268780708313,MAD/F_May_22_Feature_Plots/827_Exathlon_id_18_Facility_tr_10766_1st_12590/F_May_22_per_feature_artifacts_details.json
828_Exathlon_id_19_Facility_tr_11663_1st_13482.csv,0.4091533905699688,0.7004177672345356,-0.05274483074007408,-0.52275916023305,0.4618982213100429,0.9319125508030188,0.41633528236483863,0.7055578665430856,0.9481124340310141,0.470312709569053,0.9880382775119612,0.998306806637318,0.53593133215616,567.1589953899384,MAD/F_May_22_Feature_Plots/828_Exathlon_id_19_Facility_tr_11663_1st_13482/F_May_22_per_feature_artifacts_details.json
829_Exathlon_id_20_Facility_tr_10766_1st_12590.csv,0.3624371809445599,0.6892166274389065,-0.09010660241744911,-0.5515414247845821,0.452543783362009,0.913978605729142,0.37135045204763284,0.6946767432459535,0.9564033025482253,0.5927139207449883,0.9687499999999994,0.9998161088635528,0.5059022345180048,1659.4839527606964,MAD/F_May_22_Feature_Plots/829_Exathlon_id_20_Facility_tr_10766_1st_12590/F_May_22_per_feature_artifacts_details.json
830_Exathlon_id_21_Facility_tr_10766_1st_12590.csv,0.17805199430864932,0.6645944142546638,-0.38937597434264654,-0.8105877867811773,0.5674279686512959,0.9886397810898266,0.19255572310523814,0.6720291845979327,0.9520144727946991,0.6566141042517468,0.9295774647887318,0.9999080459770114,0.302498336655562,270.00175285339355,MAD/F_May_22_Feature_Plots/830_Exathlon_id_21_Facility_tr_10766_1st_12590/F_May_22_per_feature_artifacts_details.json
831_Exathlon_id_22_Facility_tr_11665_1st_13484.csv,0.269616202222721,0.5895702281947224,-0.2456572780831524,-0.6557596282071066,0.5152734803058734,0.9253758304298276,0.37296091737735854,0.711006740040805,0.7587201254817959,0.4598144989492585,0.7909110771247536,0.7875025863852679,0.471757030181597,560.8115293979645,MAD/F_May_22_Feature_Plots/831_Exathlon_id_22_Facility_tr_11665_1st_13484/F_May_22_per_feature_artifacts_details.json
832_Exathlon_id_23_Facility_tr_10766_1st_12590.csv,0.3624371809445599,0.6892166274389065,-0.09751639576241422,-0.5515414247845821,0.4599535767069741,0.913978605729142,0.37135045204763284,0.6946767432459535,0.9564033025482253,0.5927139207449883,0.9687499999999994,0.9998161088635528,0.5059022345180048,1520.5336627960205,MAD/F_May_22_Feature_Plots/832_Exathlon_id_23_Facility_tr_10766_1st_12590/F_May_22_per_feature_artifacts_details.json
833_Exathlon_id_24_Facility_tr_10766_1st_12590.csv,0.15461455636989432,0.509913301387143,-0.5286872367079204,-0.8451344134508941,0.6833017930778147,0.9997489698207884,0.16298690001713567,0.6156735928644566,0.7172466302484749,0.30532512803548045,0.28562925338782924,0.28519354966520066,0.28519016941419967,430.9066553115845,MAD/F_May_22_Feature_Plots/833_Exathlon_id_24_Facility_tr_10766_1st_12590/F_May_22_per_feature_artifacts_details.json
834_Exathlon_id_25_Facility_tr_11665_1st_13484.csv,0.269616202222721,0.5895702281947224,-0.23089250879420786,-0.6546176117494397,0.5005087110169288,0.9242338139721606,0.37296091737735854,0.711006740040805,0.7587201254817959,0.4598144989492585,0.7909110771247536,0.7875025863852679,0.471757030181597,540.1580398082733,MAD/F_May_22_Feature_Plots/834_Exathlon_id_25_Facility_tr_11665_1st_13484/F_May_22_per_feature_artifacts_details.json
835_Exathlon_id_26_Facility_tr_10766_1st_12590.csv,0.14001916507513001,0.49036753327952826,-0.2620004645017472,-0.7888407714471396,0.4020196295768772,0.9288599365222696,0.14889429389068265,0.5720386538323616,0.5755757375062162,0.14794066206868797,0.4999999999999996,0.5052920962199313,0.2534610714797796,445.3161814212799,MAD/F_May_22_Feature_Plots/835_Exathlon_id_26_Facility_tr_10766_1st_12590/F_May_22_per_feature_artifacts_details.json
836_Exathlon_id_27_Facility_tr_10766_1st_12590.csv,0.15461455636989432,0.509913301387143,-0.5364295748327094,-0.8451344134508941,0.6910441312026037,0.9997489698207884,0.16298690001713567,0.6156735928644566,0.7172466302484749,0.30532512803548045,0.28562925338782924,0.28519354966520066,0.28519016941419967,435.2222743034363,MAD/F_May_22_Feature_Plots/836_Exathlon_id_27_Facility_tr_10766_1st_12590/F_May_22_per_feature_artifacts_details.json
837_Exathlon_id_28_Facility_tr_8898_1st_8998.csv,0.0837291443925644,0.5000758235790083,-0.10152323727936,-0.9159428584868452,0.1852523816719244,0.9996720028794096,0.08340836012861737,0.4992866998760495,0.0016266666666661818,0.0,0.0,0.0,0.15397258011894055,195.99385690689087,MAD/F_May_22_Feature_Plots/837_Exathlon_id_28_Facility_tr_8898_1st_8998/F_May_22_per_feature_artifacts_details.json
838_Exathlon_id_29_Facility_tr_10766_1st_12590.csv,0.15074320315730108,0.5198096389029181,-0.25676883652918847,-0.7265337480229168,0.4075120396864895,0.8772769511802179,0.1511895362819554,0.5199238719106684,0.9135531042574347,0.3442300316459659,0.868852459016393,0.9990812201396545,0.2241903274064202,529.1525812149048,MAD/F_May_22_Feature_Plots/838_Exathlon_id_29_Facility_tr_10766_1st_12590/F_May_22_per_feature_artifacts_details.json
839_Exathlon_id_30_Facility_tr_10766_1st_12590.csv,0.3624371809445599,0.6892166274389065,-0.09226232546247837,-0.5515414247845821,0.45469950640703827,0.913978605729142,0.37135045204763284,0.6946767432459535,0.9564033025482253,0.5927139207449883,0.9687499999999994,0.9998161088635528,0.5059022345180048,1568.6051919460297,MAD/F_May_22_Feature_Plots/839_Exathlon_id_30_Facility_tr_10766_1st_12590/F_May_22_per_feature_artifacts_details.json
840_Exathlon_id_31_Facility_tr_10766_1st_12590.csv,0.33903971291317325,0.6807785041256871,-0.2563463442111358,-0.6541026937634291,0.595386057124309,0.9931424066766024,0.44489878850244813,0.7832684136248211,0.8756757615600993,0.6367086683912164,0.6549936417881242,0.6711629602624863,0.6294366268659476,447.607141494751,MAD/F_May_22_Feature_Plots/840_Exathlon_id_31_Facility_tr_10766_1st_12590/F_May_22_per_feature_artifacts_details.json
841_Exathlon_id_32_Facility_tr_11663_1st_13482.csv,0.12131559997199479,0.6169179598401079,-0.4581954750300643,-0.8773925915021882,0.5795110750020591,0.998708191474183,0.1400667377785448,0.6983390715570215,0.8184899258121315,0.38787567875417905,0.33342503438789506,0.45142071494042163,0.3107250504666454,488.03955602645874,MAD/F_May_22_Feature_Plots/841_Exathlon_id_32_Facility_tr_11663_1st_13482/F_May_22_per_feature_artifacts_details.json
842_OPPORTUNITY_id_1_HumanActivity_tr_7295_1st_27516.csv,0.011436541240431853,0.3822242956698434,-0.2176097163070892,-0.9725009396950164,0.22904625754752106,0.9839374809354482,0.011308340758001507,0.38208789685290445,0.7465420317057803,0.0,0.0,0.0,0.022363563088405376,153.13777947425842,MAD/F_May_22_Feature_Plots/842_OPPORTUNITY_id_1_HumanActivity_tr_7295_1st_27516/F_May_22_per_feature_artifacts_details.json
843_OPPORTUNITY_id_2_HumanActivity_tr_808_1st_908.csv,0.6920906611876195,0.8838051509075957,0.49474714407772585,-0.27773254357653465,0.19734351710989367,0.9698232047641542,0.6920338735380932,0.8837888997923427,0.9316878215294141,0.1322438783210596,0.8782880071333031,0.9908893709327549,0.8208283450442035,379.9188585281372,MAD/F_May_22_Feature_Plots/843_OPPORTUNITY_id_2_HumanActivity_tr_808_1st_908/F_May_22_per_feature_artifacts_details.json
844_OPPORTUNITY_id_3_HumanActivity_tr_500_1st_566.csv,0.6788869742665871,0.8793012268109576,0.3874998217728438,-0.3165788780457738,0.29138715249374325,0.9954658523123608,0.6766009274775043,0.8776916256342174,0.94875803206802,0.165098354177919,0.8663594470046079,0.8810933940774488,0.8158098733436189,121.36516880989075,MAD/F_May_22_Feature_Plots/844_OPPORTUNITY_id_3_HumanActivity_tr_500_1st_566/F_May_22_per_feature_artifacts_details.json
845_OPPORTUNITY_id_4_HumanActivity_tr_7295_1st_27516.csv,0.016671219665232145,0.5348929863482049,-0.1728523335431512,-0.9572637024413547,0.18952355320838332,0.9739349221065868,0.016484339877116738,0.5331866075142104,0.7829508827703692,0.008656873032528857,0.03242765194320244,0.032427651943202476,0.032433707164782666,145.78393173217773,MAD/F_May_22_Feature_Plots/845_OPPORTUNITY_id_4_HumanActivity_tr_7295_1st_27516/F_May_22_per_feature_artifacts_details.json
846_OPPORTUNITY_id_5_HumanActivity_tr_2085_1st_2185.csv,0.042040276756700495,0.46952374540712455,-0.19203852048259681,-0.9217627418070771,0.2340787972392973,0.9638030185637776,0.0412427161513634,0.46709626475960064,0.7803909083676884,0.5193038070188214,0.3076923076923074,0.9945288753799392,0.08241382344829523,471.81198287010193,MAD/F_May_22_Feature_Plots/846_OPPORTUNITY_id_5_HumanActivity_tr_2085_1st_2185/F_May_22_per_feature_artifacts_details.json
847_OPPORTUNITY_id_6_HumanActivity_tr_808_1st_908.csv,0.21952037535468463,0.6264137985516077,0.03740708927132247,-0.7239521309749773,0.18211328608336216,0.943472506329662,0.21743005657281342,0.6265556874541567,0.794474095289168,0.47120912804649795,0.37511436413540683,0.6004206098843323,0.3680597618264704,126.8581154346466,MAD/F_May_22_Feature_Plots/847_OPPORTUNITY_id_6_HumanActivity_tr_808_1st_908/F_May_22_per_feature_artifacts_details.json
848_OPPORTUNITY_id_7_HumanActivity_tr_1477_1st_1577.csv,0.2877697504098714,0.6681397994084065,0.1954553527806115,-0.4472608447789044,0.09231439762925991,0.7350305951887758,0.30593577886223167,0.670572242435711,0.9926846981749948,0.6817824232891309,0.9999999999999996,1.0,0.42946237601098114,106.23929166793823,MAD/F_May_22_Feature_Plots/848_OPPORTUNITY_id_7_HumanActivity_tr_1477_1st_1577/F_May_22_per_feature_artifacts_details.json
849_OPPORTUNITY_id_8_HumanActivity_tr_1100_1st_1200.csv,0.3434188374664469,0.6924829381848587,0.17307583253927133,-0.6534924305530476,0.17034300492717558,0.9969112680194946,0.6348514724404699,0.860182129342257,0.665161895770483,0.3258059723666617,0.6481203007518792,0.8685185185185185,0.80111032631089,153.42383241653442,MAD/F_May_22_Feature_Plots/849_OPPORTUNITY_id_8_HumanActivity_tr_1100_1st_1200/F_May_22_per_feature_artifacts_details.json
850_OPPORTUNITY_id_9_HumanActivity_tr_895_1st_995.csv,0.3136455348578587,0.9584967629750385,0.12365808744740492,-0.683521374260925,0.18998744741045376,0.9971669091187836,0.31155550520924186,0.957865283245075,0.8753673279509997,0.09201448760643946,0.4999999999999996,0.5440993788819876,0.4769290013989093,706.9487125873566,MAD/F_May_22_Feature_Plots/850_OPPORTUNITY_id_9_HumanActivity_tr_895_1st_995/F_May_22_per_feature_artifacts_details.json
851_OPPORTUNITY_id_10_HumanActivity_tr_6213_1st_7311.csv,0.04963675965115396,0.6302243381605219,-0.10597293042676337,-0.6990009409671771,0.15560969007791733,0.7486377006183311,0.046781115879828326,0.6295246038365304,0.6288786785102677,0.08938089380893809,0.08938089380893799,0.08938089380893809,0.08938003995287785,130.172833442688,MAD/F_May_22_Feature_Plots/851_OPPORTUNITY_id_10_HumanActivity_tr_6213_1st_7311/F_May_22_per_feature_artifacts_details.json
853_OPPORTUNITY_id_12_HumanActivity_tr_808_1st_908.csv,0.18615442911001095,0.6809890235934822,-0.21658769555095603,-0.8127070675721086,0.402742124660967,0.9988614966821197,0.18744899153556602,0.6837262817612262,0.9032457251039288,0.6407744539511026,0.6315789473684206,0.9991251093613298,0.32149363902350164,111.05912756919861,MAD/F_May_22_Feature_Plots/853_OPPORTUNITY_id_12_HumanActivity_tr_808_1st_908/F_May_22_per_feature_artifacts_details.json
854_OPPORTUNITY_id_13_HumanActivity_tr_1477_1st_1577.csv,0.23227596688449445,0.9623848625592967,-0.04027930893635992,-0.7614964166797051,0.27255527582085437,0.9937723835641996,0.2294438681657402,0.9618883986042658,0.8300046904305985,0.18530305993634763,0.4444444444444441,0.9814126394052045,0.36430244834520165,393.27624320983887,MAD/F_May_22_Feature_Plots/854_OPPORTUNITY_id_13_HumanActivity_tr_1477_1st_1577/F_May_22_per_feature_artifacts_details.json
855_OPPORTUNITY_id_14_HumanActivity_tr_808_1st_908.csv,0.8158184383660161,0.9812097975104375,0.5865359109512656,0.19849319199877813,0.22928252741475058,0.617325246367238,0.8139700641482538,0.9810486418193304,0.9742272080617992,0.3104526301481582,0.897445972495088,0.8974459724950884,0.897441025109005,125.28085565567017,MAD/F_May_22_Feature_Plots/855_OPPORTUNITY_id_14_HumanActivity_tr_808_1st_908/F_May_22_per_feature_artifacts_details.json
856_OPPORTUNITY_id_15_HumanActivity_tr_808_1st_908.csv,0.788664095850357,0.9786736293255807,0.45986297354017547,-0.20087336009388823,0.32880112231018155,0.9895374559442452,0.7896801365856486,0.9802300714796994,0.9650340348121476,0.4680533016868993,0.8838736151005329,0.8897545773276198,0.8609063089702552,195.63214421272278,MAD/F_May_22_Feature_Plots/856_OPPORTUNITY_id_15_HumanActivity_tr_808_1st_908/F_May_22_per_feature_artifacts_details.json
857_OPPORTUNITY_id_16_HumanActivity_tr_500_1st_566.csv,0.2680886389647952,0.6139621087776308,-0.011040519814153216,-0.6707518440454314,0.2791291587789484,0.9388404830102266,0.4713819599307334,0.7394451320936682,0.6595277737896094,0.4,0.6399465597862387,0.6361221779548473,0.6361175818264425,221.88160276412964,MAD/F_May_22_Feature_Plots/857_OPPORTUNITY_id_16_HumanActivity_tr_500_1st_566/F_May_22_per_feature_artifacts_details.json
858_OPPORTUNITY_id_17_HumanActivity_tr_808_1st_908.csv,0.5885118061199816,0.944776070095024,0.19799917452108778,-0.40997528939802885,0.39051263159889377,0.9984870955180104,0.5874792178899169,0.944584314736368,0.8547876224984928,0.23531835977745724,0.7405228758169929,0.742040285899935,0.73834658163622,146.7532377243042,MAD/F_May_22_Feature_Plots/858_OPPORTUNITY_id_17_HumanActivity_tr_808_1st_908/F_May_22_per_feature_artifacts_details.json
859_OPPORTUNITY_id_18_HumanActivity_tr_895_1st_995.csv,0.6941992429753335,0.8359928467343442,0.6015476956977479,-0.2411303727076789,0.09265154727758565,0.9353296156830124,0.6946324427946424,0.8473343995161023,0.9986497872580549,0.6090681899321672,0.9795918367346933,0.9988597491448119,0.8182957588912543,127.123291015625,MAD/F_May_22_Feature_Plots/859_OPPORTUNITY_id_18_HumanActivity_tr_895_1st_995/F_May_22_per_feature_artifacts_details.json
860_OPPORTUNITY_id_19_HumanActivity_tr_808_1st_908.csv,0.2665134092761764,0.8007578091570651,-0.11698273723536878,-0.7330666294166528,0.3834961465115452,0.9995800386928292,0.2656431728308909,0.80056854074542,0.730453229648038,0.3547685616651134,0.4197757765116703,0.41977577651167064,0.4197724598386237,1124.0988445281982,MAD/F_May_22_Feature_Plots/860_OPPORTUNITY_id_19_HumanActivity_tr_808_1st_908/F_May_22_per_feature_artifacts_details.json
861_OPPORTUNITY_id_20_HumanActivity_tr_2085_1st_2185.csv,0.038093494526931754,0.3657120357878517,-0.07143767839224273,-0.9450701298048314,0.10953117291917448,0.9831636243317632,0.038579125242190086,0.4284262026832643,0.48951684267214723,0.038802442387236555,0.08738101049548433,0.3068535825545171,0.07855751090403965,485.38136982917786,MAD/F_May_22_Feature_Plots/861_OPPORTUNITY_id_20_HumanActivity_tr_2085_1st_2185/F_May_22_per_feature_artifacts_details.json
862_OPPORTUNITY_id_21_HumanActivity_tr_500_1st_566.csv,0.14651613849335213,0.7419722514515961,-0.2124157336581087,-0.8477681919930375,0.35893187215146083,0.9942843304863896,0.14549411542049454,0.7393219396843768,0.7194481999338174,0.07154334452229,0.2892981899015558,0.8272027373823782,0.28674592437137386,516.2378251552582,MAD/F_May_22_Feature_Plots/862_OPPORTUNITY_id_21_HumanActivity_tr_500_1st_566/F_May_22_per_feature_artifacts_details.json
863_OPPORTUNITY_id_22_HumanActivity_tr_808_1st_908.csv,0.12495989327987546,0.3897396749625134,-0.20547439693956737,-0.8741371183707538,0.3304342902194428,0.9990970116506293,0.12444378158143442,0.38860274390884764,0.7331362328700493,0.07341857390843584,0.18294190358467224,0.7755517826825127,0.22394153521082025,201.75328135490417,MAD/F_May_22_Feature_Plots/863_OPPORTUNITY_id_22_HumanActivity_tr_808_1st_908/F_May_22_per_feature_artifacts_details.json
865_OPPORTUNITY_id_24_HumanActivity_tr_2085_1st_2185.csv,0.07681258896901232,0.7083559254772088,-0.03550121570237416,-0.9186048688364351,0.11231380467138648,0.9954174578054474,0.0749618048537656,0.7042775218969152,0.6573676817414278,0.1560588970547219,0.1824212271973464,0.9423963133640553,0.15222391470347213,506.9516980648041,MAD/F_May_22_Feature_Plots/865_OPPORTUNITY_id_24_HumanActivity_tr_2085_1st_2185/F_May_22_per_feature_artifacts_details.json
866_OPPORTUNITY_id_25_HumanActivity_tr_6213_1st_7311.csv,0.0703033885147701,0.6983198214122555,-0.16341026183498747,-0.9264286752974107,0.23371365034975758,0.9967320638121808,0.07011455969045988,0.6985061136574057,0.9074574224883494,0.1391155247939486,0.2402203856749309,0.9775784753363229,0.1770904225229904,167.50851011276245,MAD/F_May_22_Feature_Plots/866_OPPORTUNITY_id_25_HumanActivity_tr_6213_1st_7311/F_May_22_per_feature_artifacts_details.json
867_OPPORTUNITY_id_26_HumanActivity_tr_808_1st_908.csv,0.17690084886354382,0.6608191800756713,-0.1676017508979549,-0.8204448330865474,0.3445025997614987,0.9973456819500912,0.176048956347112,0.6579015436561628,0.6521188188826359,0.17194019498500773,0.30916640051101857,0.9702633814783348,0.30183760133181203,152.00897407531738,MAD/F_May_22_Feature_Plots/867_OPPORTUNITY_id_26_HumanActivity_tr_808_1st_908/F_May_22_per_feature_artifacts_details.json
868_OPPORTUNITY_id_27_HumanActivity_tr_2085_1st_2185.csv,0.06784784839524324,0.520078983501299,-0.12250227145284681,-0.8628594328354917,0.19035011984809005,0.930707281230735,0.09644363746100426,0.5640303763652402,0.8812913380661441,0.17861720384510754,0.5275590551181097,0.36891385767790263,0.1573673518873462,172.16565132141113,MAD/F_May_22_Feature_Plots/868_OPPORTUNITY_id_27_HumanActivity_tr_2085_1st_2185/F_May_22_per_feature_artifacts_details.json
869_OPPORTUNITY_id_28_HumanActivity_tr_500_1st_566.csv,0.845174230734468,0.9679992801571249,0.4937761803317966,-0.1472626538359888,0.35139805040267136,0.9924368845704568,0.8417529213817517,0.9664903267728828,0.9847835721335128,0.41796847023637296,0.9385875127942677,0.9415774099318404,0.9151646668064667,120.04791116714478,MAD/F_May_22_Feature_Plots/869_OPPORTUNITY_id_28_HumanActivity_tr_500_1st_566/F_May_22_per_feature_artifacts_details.json
870_OPPORTUNITY_id_29_HumanActivity_tr_1477_1st_1577.csv,0.08033855324102976,0.6137900818258455,-0.1351401038622336,-0.9095710627352006,0.21547865710326336,0.9899096159762304,0.10458737596995997,0.6238160056425739,0.9841805131352014,0.20207647505697646,0.6666666666666662,0.9454061251664447,0.2454349606036057,121.79256653785706,MAD/F_May_22_Feature_Plots/870_OPPORTUNITY_id_29_HumanActivity_tr_1477_1st_1577/F_May_22_per_feature_artifacts_details.json
