filename,MAD_May_26_VUS-PR,MAD_May_26_VUS-ROC,MAD_May_26_MAD_May_26_vs_Avg_VUS-PR_Diff,MAD_May_26_MAD_May_26_vs_Max_VUS-PR_Diff,MAD_May_26_Benchmark_Avg_VUS-PR,MAD_May_26_Benchmark_Max_VUS-PR,MAD_May_26_AUC-PR,MAD_May_26_AUC-ROC,MAD_May_26_Affiliation-F,MAD_May_26_R-based-F1,MAD_May_26_Event-based-F1,MAD_May_26_PA-F1,MAD_May_26_Standard-F1,MAD_May_26_runtime,MAD_May_26_per_feature_artifacts_path
400_UCR_id_98_Environment_tr_2046_1st_5391.csv,0.0005793189733971552,0.4633918625507983,-0.07616034685927058,-0.9994206810266029,0.07673966583266773,1.0,0.00012218963831867058,0.46327752657949406,0.7849879185994855,0.0,0.0,0.0,0.00024434697649889346,343.9542052745819,MAD/Feature_Plots/MAD_May_26/400_UCR_id_98_Environment_tr_2046_1st_5391/MAD_May_26_per_feature_artifacts_details.json
689_YAHOO_id_139_WebService_tr_500_1st_1073.csv,0.5,0.9997022036926743,0.26193452828082514,-0.5,0.23806547171917486,1.0,0.5,0.9997022036926742,0.9216944801026952,0.6666666666666666,0.6666666666666662,0.6666666666666666,0.6666622222518517,330.58044505119324,MAD/Feature_Plots/MAD_May_26/689_YAHOO_id_139_WebService_tr_500_1st_1073/MAD_May_26_per_feature_artifacts_details.json
788_YAHOO_id_238_WebService_tr_500_1st_973.csv,0.0028221109989775704,0.357615766050124,-0.2113048342698202,-0.9971778890010224,0.21412694526879777,1.0,0.0005952380952380953,0.3570577724836212,0.5527627008250103,0.0,0.0,0.0,0.0011897561047575491,148.97851157188416,MAD/Feature_Plots/MAD_May_26/788_YAHOO_id_238_WebService_tr_500_1st_973/MAD_May_26_per_feature_artifacts_details.json
309_UCR_id_7_Medical_tr_3000_1st_5948.csv,0.004061762206523526,0.5000782525134674,-0.3174302011347442,-0.9935916908856689,0.32149196334126773,0.9976534530921924,0.00375,0.5,,0.0,0.0,0.0,0.007471905634813102,59.60452580451965,MAD/Feature_Plots/MAD_May_26/309_UCR_id_7_Medical_tr_3000_1st_5948/MAD_May_26_per_feature_artifacts_details.json
419_UCR_id_117_Facility_tr_3000_1st_6168.csv,0.003978428873190193,0.5000782459668713,-0.2005251554229035,-0.9919909677561342,0.2045035842960937,0.9959693966293244,0.0036666666666666666,0.5,,0.0,0.0,0.0,0.007306469879077923,273.1205575466156,MAD/Feature_Plots/MAD_May_26/419_UCR_id_117_Facility_tr_3000_1st_6168/MAD_May_26_per_feature_artifacts_details.json
415_UCR_id_113_Medical_tr_3000_1st_8612.csv,0.008978428873190194,0.5000786407112247,-0.316083938531582,-0.98801521530482,0.3250623674047722,0.9969936441780102,0.008666666666666666,0.5,,0.0,0.0,0.0,0.01718423148481674,54.08370018005371,MAD/Feature_Plots/MAD_May_26/415_UCR_id_113_Medical_tr_3000_1st_8612/MAD_May_26_per_feature_artifacts_details.json
401_UCR_id_99_HumanActivity_tr_1671_1st_5920.csv,0.01780787893815054,0.6041748026345707,-0.35448317647234767,-0.9784489495788549,0.37229105541049823,0.9962568285170054,0.01378833830424894,0.5894518708026864,0.8694711623234832,0.056265662185377235,0.07142857142857136,0.8194444444444444,0.05309547479374101,293.39866733551025,MAD/Feature_Plots/MAD_May_26/401_UCR_id_99_HumanActivity_tr_1671_1st_5920/MAD_May_26_per_feature_artifacts_details.json
364_UCR_id_62_Sensor_tr_2833_1st_5988.csv,0.014359272924643184,0.6706989035831477,-0.24134177777081112,-0.9793091835698535,0.2557010506954543,0.9936684564944968,0.012171941398740081,0.6674402218737987,0.7810301215504218,0.04547585560243787,0.045475855602437824,0.046367112810707455,0.04547541118849215,93.29464292526245,MAD/Feature_Plots/MAD_May_26/364_UCR_id_62_Sensor_tr_2833_1st_5988/MAD_May_26_per_feature_artifacts_details.json
316_UCR_id_14_Sensor_tr_2833_1st_5988.csv,0.008888401842093024,0.5000832538042985,-0.28920511730248033,-0.9782325365069976,0.2980935191445734,0.9871209383490906,0.008558320098817717,0.5,,0.0,0.0,0.0,0.016971225306738145,45.982311487197876,MAD/Feature_Plots/MAD_May_26/316_UCR_id_14_Sensor_tr_2833_1st_5988/MAD_May_26_per_feature_artifacts_details.json
361_UCR_id_59_Medical_tr_3000_1st_7175.csv,0.018061762206523526,0.5000793681145393,-0.2801062991200099,-0.9751925720172855,0.2981680613265334,0.993254334223809,0.01775,0.5,,0.0,0.0,0.0,0.034880521930514066,261.48684787750244,MAD/Feature_Plots/MAD_May_26/361_UCR_id_59_Medical_tr_3000_1st_7175/MAD_May_26_per_feature_artifacts_details.json
391_UCR_id_89_Medical_tr_1875_1st_5759.csv,0.021832152863770975,0.4815988622007701,-0.23350325985946227,-0.9728505626434945,0.25533541272323323,0.9946827155072654,0.021333333333333333,0.47990463215258855,0.7163702419799411,0.0,0.0,0.0,0.04177504789443967,304.0785834789276,MAD/Feature_Plots/MAD_May_26/391_UCR_id_89_Medical_tr_1875_1st_5759/MAD_May_26_per_feature_artifacts_details.json
842_OPPORTUNITY_id_1_HumanActivity_tr_7295_1st_27516.csv,0.03022672598079005,0.5713017237854994,-0.19881953156673102,-0.9537107549546582,0.22904625754752106,0.9839374809354482,0.03392696851316887,0.5806841813392486,0.6952025185884219,0.09927662758792716,0.378378378378378,0.9777777777777777,0.13302281863703308,85.30751991271973,MAD/Feature_Plots/MAD_May_26/842_OPPORTUNITY_id_1_HumanActivity_tr_7295_1st_27516/MAD_May_26_per_feature_artifacts_details.json
426_UCR_id_124_Sensor_tr_2827_1st_4711.csv,0.008997271531507102,0.5000834543771989,-0.3074600277733608,-0.9736135924875429,0.3164572993048679,0.98261086401905,0.008666430845419171,0.5,,0.0,0.0,0.0,0.01718376791684411,53.817659854888916,MAD/Feature_Plots/MAD_May_26/426_UCR_id_124_Sensor_tr_2827_1st_4711/MAD_May_26_per_feature_artifacts_details.json
332_UCR_id_30_Facility_tr_13750_1st_52600.csv,0.0037043844814233146,0.4999896958956078,-0.1429025916084937,-0.9697180008630513,0.14660697608991702,0.9734223853444746,0.0036363636363636364,0.499242700729927,0.023303333621658522,0.0,0.0,0.0,0.0072463046110953595,118.63366651535034,MAD/Feature_Plots/MAD_May_26/332_UCR_id_30_Facility_tr_13750_1st_52600/MAD_May_26_per_feature_artifacts_details.json
144_MSL_id_5_Sensor_tr_1525_1st_4590.csv,0.02208871253742333,0.5001567652420299,-0.11414631328616287,-0.9653353181398759,0.1362350258235862,0.9874240306772992,0.021475409836065575,0.5,,0.0,0.0,0.0,0.04204741375505712,247.02341532707214,MAD/Feature_Plots/MAD_May_26/144_MSL_id_5_Sensor_tr_1525_1st_4590/MAD_May_26_per_feature_artifacts_details.json
539_SMAP_id_9_Sensor_tr_1857_1st_4270.csv,0.03724158503019188,0.7326039030348722,-0.16877602258413812,-0.9547199217153001,0.20601760761433,0.991961506745492,0.029477744603009712,0.6706630780523611,0.9980017109244954,0.35135135135135137,0.9999999999999996,1.0,0.03402085910895605,330.32269287109375,MAD/Feature_Plots/MAD_May_26/539_SMAP_id_9_Sensor_tr_1857_1st_4270/MAD_May_26_per_feature_artifacts_details.json
526_UCR_id_224_Sensor_tr_2827_1st_4711.csv,0.008997271531507102,0.5000834543771989,-0.25627142274054127,-0.9626794883636923,0.26526869427204836,0.9716767598951994,0.008666430845419171,0.5,,0.0,0.0,0.0,0.01718376791684411,47.44852614402771,MAD/Feature_Plots/MAD_May_26/526_UCR_id_224_Sensor_tr_2827_1st_4711/MAD_May_26_per_feature_artifacts_details.json
417_UCR_id_115_Sensor_tr_2750_1st_5400.csv,0.05642900644510717,0.5463719126826426,-0.19082385922153783,-0.9228866569352472,0.247252865666645,0.9793156633803544,0.07442107438985672,0.5654252314814814,0.9269723474047921,0.31130063965884863,0.7499999999999994,0.9950248756218906,0.19779827994181642,76.11864352226257,MAD/Feature_Plots/MAD_May_26/417_UCR_id_115_Sensor_tr_2750_1st_5400/MAD_May_26_per_feature_artifacts_details.json
845_OPPORTUNITY_id_4_HumanActivity_tr_7295_1st_27516.csv,0.6344888716317155,0.9938085541048874,0.4449653184233322,-0.3394460504748713,0.18952355320838332,0.9739349221065868,0.6273764258555133,0.9937439345625954,0.8784382473117892,0.039819004524886875,0.771028037383177,0.7710280373831776,0.7710232995530891,118.48390245437622,MAD/Feature_Plots/MAD_May_26/845_OPPORTUNITY_id_4_HumanActivity_tr_7295_1st_27516/MAD_May_26_per_feature_artifacts_details.json
313_UCR_id_11_Sensor_tr_2827_1st_4711.csv,0.008997271531507102,0.5000834543771989,-0.32488203268807925,-0.9602140425067641,0.33387930421958634,0.9692113140382712,0.008666430845419171,0.5,,0.0,0.0,0.0,0.01718376791684411,48.56922006607056,MAD/Feature_Plots/MAD_May_26/313_UCR_id_11_Sensor_tr_2827_1st_4711/MAD_May_26_per_feature_artifacts_details.json
536_SMAP_id_6_Sensor_tr_2160_1st_5600.csv,0.8895675346877421,0.9980404792034815,0.29551982035324964,-0.10957654978954234,0.5940477143344924,0.9991440844772844,0.785229198298834,0.994825141256367,0.9919531237212773,0.5488923612928308,0.5733788395904432,0.617737003058104,0.7329145789426798,348.92621421813965,MAD/Feature_Plots/MAD_May_26/536_SMAP_id_6_Sensor_tr_2160_1st_5600/MAD_May_26_per_feature_artifacts_details.json
214_SMD_id_37_Facility_tr_5925_1st_17580.csv,0.03504947647043134,0.8192296663364238,-0.22259172104915964,-0.9378425250244663,0.25764119751959097,0.9728920014948976,0.08065542099115988,0.8312277620913804,0.9980399571483074,0.5277744286954791,0.9999999999999996,1.0,0.11695796314432362,85.06398272514343,MAD/Feature_Plots/MAD_May_26/214_SMD_id_37_Facility_tr_5925_1st_17580/MAD_May_26_per_feature_artifacts_details.json
179_SMD_id_2_Facility_tr_5925_1st_17580.csv,0.01519310577705566,0.5036681936573323,-0.2333929292323165,-0.9571939188380831,0.24858603500937215,0.9723870246151388,0.3831008628254987,0.6894409937888198,0.9988128525696687,0.6694214876033058,0.9999999999999996,1.0,0.5495455641064946,114.70898246765137,MAD/Feature_Plots/MAD_May_26/179_SMD_id_2_Facility_tr_5925_1st_17580/MAD_May_26_per_feature_artifacts_details.json
371_UCR_id_69_Medical_tr_1853_1st_6200.csv,0.023431037960658433,0.5001291446931133,-0.2569522327340348,-0.9477149003178621,0.2803832706946932,0.9711459382785206,0.022926500337154418,0.5,,0.0,0.0,0.0,0.044824874915692155,53.70216631889343,MAD/Feature_Plots/MAD_May_26/371_UCR_id_69_Medical_tr_1853_1st_6200/MAD_May_26_per_feature_artifacts_details.json
806_YAHOO_id_256_Synthetic_tr_500_1st_893.csv,0.003336485910121265,0.5006599724429819,-0.17511408227627542,-0.9966635140898787,0.17845056818639668,1.0,0.0007037297677691766,0.5,,0.0,0.0,0.0,0.0014064557062337653,51.39462900161743,MAD/Feature_Plots/MAD_May_26/806_YAHOO_id_256_Synthetic_tr_500_1st_893/MAD_May_26_per_feature_artifacts_details.json
861_OPPORTUNITY_id_20_HumanActivity_tr_2085_1st_2185.csv,0.19571242741382774,0.9123149249188276,0.08618125449465326,-0.7874511969179354,0.10953117291917448,0.9831636243317632,0.18416162485940468,0.9116254902328593,0.8252109000538983,0.45640767921386666,0.43443783630699484,0.9165266106442577,0.428368438196844,442.35575699806213,MAD/Feature_Plots/MAD_May_26/861_OPPORTUNITY_id_20_HumanActivity_tr_2085_1st_2185/MAD_May_26_per_feature_artifacts_details.json
548_SMAP_id_18_Sensor_tr_2094_1st_5600.csv,0.7959973594987735,0.8990026401145548,0.34665523085231514,-0.18974647260430488,0.44934212864645834,0.9857438321030784,0.7988408044975196,0.9023644051677469,0.9997902977771559,0.8674033149171271,0.9999999999999996,1.0,0.8461488593324801,283.943199634552,MAD/Feature_Plots/MAD_May_26/548_SMAP_id_18_Sensor_tr_2094_1st_5600/MAD_May_26_per_feature_artifacts_details.json
396_UCR_id_94_Medical_tr_1875_1st_5607.csv,0.004098273094025106,0.5001251862539232,-0.20003104239587158,-0.9741796004859213,0.20412931548989668,0.9782778735799464,0.0035995200639914677,0.5,,0.0,0.0,0.0,0.007173148504533829,44.36606216430664,MAD/Feature_Plots/MAD_May_26/396_UCR_id_94_Medical_tr_1875_1st_5607/MAD_May_26_per_feature_artifacts_details.json
555_YAHOO_id_5_WebService_tr_500_1st_730.csv,0.33333333333333337,0.9976133651551315,0.08813785201673907,-0.6107239941441194,0.2451954813165943,0.9440573274774527,0.3333333333333333,0.9976133651551313,0.8661750664350542,0.5,0.4999999999999996,0.5,0.49999625002812476,109.95856046676636,MAD/Feature_Plots/MAD_May_26/555_YAHOO_id_5_WebService_tr_500_1st_730/MAD_May_26_per_feature_artifacts_details.json
723_YAHOO_id_173_WebService_tr_500_1st_1214.csv,0.386915731518348,0.9736550816045656,0.03825433817721835,-0.5678442038985476,0.34866139334112967,0.9547599354168956,0.2545662100456621,0.9233074753173484,0.9922871139821383,0.5,0.49999999999999944,0.5,0.49999500004999947,197.3574025630951,MAD/Feature_Plots/MAD_May_26/723_YAHOO_id_173_WebService_tr_500_1st_1214/MAD_May_26_per_feature_artifacts_details.json
420_UCR_id_118_Facility_tr_13750_1st_52600.csv,0.0037043844814233146,0.5000079440707903,-0.29661716705309393,-0.9321947905868663,0.30032155153451723,0.9358991750682896,0.0036363636363636364,0.4999543795620438,0.05603180896332462,0.0,0.0,0.0,0.0072463046110953595,360.4127264022827,MAD/Feature_Plots/MAD_May_26/420_UCR_id_118_Facility_tr_13750_1st_52600/MAD_May_26_per_feature_artifacts_details.json
251_SVDB_id_15_Medical_tr_5421_1st_5521.csv,0.0569535681606895,0.4930162436325722,-0.32893743167264244,-0.9292795907894499,0.3858909998333319,0.9862331589501394,0.05574304817270317,0.5013274311331203,0.19150085935040465,0.042258978096161005,0.09692746278112084,0.19594219010561423,0.10533227518076216,1817.4003970623016,MAD/Feature_Plots/MAD_May_26/251_SVDB_id_15_Medical_tr_5421_1st_5521/MAD_May_26_per_feature_artifacts_details.json
866_OPPORTUNITY_id_25_HumanActivity_tr_6213_1st_7311.csv,0.043809957843185816,0.5034260624513066,-0.18990369250657177,-0.952922105968995,0.23371365034975758,0.9967320638121808,0.043507435442643336,0.5024208103465426,0.5816923664637192,0.011112113538894453,0.1217348447511088,0.3285606631499623,0.10548490451213585,1049.7251222133636,MAD/Feature_Plots/MAD_May_26/866_OPPORTUNITY_id_25_HumanActivity_tr_6213_1st_7311/MAD_May_26_per_feature_artifacts_details.json
818_Exathlon_id_9_Facility_tr_11665_1st_13484.csv,0.15422911806965767,0.6602511776909656,-0.4388779864996709,-0.8454746780721123,0.5931071045693286,0.99970379614177,0.19719227273154813,0.7651184332701567,0.7726173025164884,0.5004905257779176,0.4790657554243244,0.4997373949579832,0.4655969505938855,458.3303391933441,MAD/Feature_Plots/MAD_May_26/818_Exathlon_id_9_Facility_tr_11665_1st_13484/MAD_May_26_per_feature_artifacts_details.json
241_SVDB_id_5_Medical_tr_11587_1st_11687.csv,0.0758964245225413,0.5000889820858553,-0.22520178337048635,-0.9220373266436487,0.30109820789302766,0.99793375116619,0.0755521472392638,0.49991289776686465,0.011643546721473674,0.0,0.0,0.0,0.14048866898707785,555.567636013031,MAD/Feature_Plots/MAD_May_26/241_SVDB_id_5_Medical_tr_11587_1st_11687/MAD_May_26_per_feature_artifacts_details.json
846_OPPORTUNITY_id_5_HumanActivity_tr_2085_1st_2185.csv,0.04050452860434566,0.5423853785633672,-0.19357426863495164,-0.923298489959432,0.2340787972392973,0.9638030185637776,0.04013738959764475,0.5422904191616766,0.6472047314811609,0.019875112374565688,0.07717709217850732,0.0771770921785074,0.0771763501962369,150.68437910079956,MAD/Feature_Plots/MAD_May_26/846_OPPORTUNITY_id_5_HumanActivity_tr_2085_1st_2185/MAD_May_26_per_feature_artifacts_details.json
212_SMD_id_35_Facility_tr_5925_1st_17580.csv,0.8014609721753566,0.96826270954206,0.411291383156724,-0.13185580509573214,0.39016958901863263,0.9333167772710887,0.7765312878066379,0.967901163560725,0.9547155307580308,0.20718562874251498,0.9263803680981589,0.9757575757575757,0.8988045325177972,117.2492995262146,MAD/Feature_Plots/MAD_May_26/212_SMD_id_35_Facility_tr_5925_1st_17580/MAD_May_26_per_feature_artifacts_details.json
865_OPPORTUNITY_id_24_HumanActivity_tr_2085_1st_2185.csv,0.06066538981234749,0.5474581410611793,-0.05164841485903899,-0.9347520679931,0.11231380467138648,0.9954174578054474,0.060428175106781265,0.5475883883211572,0.8569329268114326,0.18908753596301156,0.47999999999999954,0.9933211900425015,0.1482054812105988,307.09079360961914,MAD/Feature_Plots/MAD_May_26/865_OPPORTUNITY_id_24_HumanActivity_tr_2085_1st_2185/MAD_May_26_per_feature_artifacts_details.json
238_SVDB_id_2_Medical_tr_25000_1st_71963.csv,0.0075270010927935005,0.5007440138012699,-0.20671472845553032,-0.9206131369926109,0.21424172954832382,0.9281401380854044,0.013121979972690035,0.5066014155096737,0.9636013957873972,0.2964196502914238,0.6666666666666662,0.9992609016999261,0.025861510779652392,181.11261749267578,MAD/Feature_Plots/MAD_May_26/238_SVDB_id_2_Medical_tr_25000_1st_71963/MAD_May_26_per_feature_artifacts_details.json
192_SMD_id_15_Facility_tr_5925_1st_17580.csv,0.6977674593114208,0.8478381796752054,0.23972674249324843,-0.24228965771955435,0.4580407168181724,0.9400571170309752,0.7470713537584545,0.8726708074534162,0.999826891336638,0.8865836791147994,0.9999999999999996,1.0,0.8540876331633829,340.25910806655884,MAD/Feature_Plots/MAD_May_26/192_SMD_id_15_Facility_tr_5925_1st_17580/MAD_May_26_per_feature_artifacts_details.json
837_Exathlon_id_28_Facility_tr_8898_1st_8998.csv,0.9014372408567358,0.951722548837678,0.7161848591848115,-0.09823476202267378,0.1852523816719244,0.9996720028794096,0.9211197455234188,0.9626275164730161,0.9943784018557832,0.8647861549208473,0.9966329966329961,0.999871514840036,0.9562168147634976,151.27876448631287,MAD/Feature_Plots/MAD_May_26/837_Exathlon_id_28_Facility_tr_8898_1st_8998/MAD_May_26_per_feature_artifacts_details.json
406_UCR_id_104_Facility_tr_20000_1st_67950.csv,0.003115084372413206,0.47703125460079154,-0.11368355956028402,-0.9143932826260708,0.11679864393269722,0.917508366998484,0.003083097125562674,0.4743310344827587,0.8183513504185111,0.005537244561634806,0.00612641864881836,0.0076463121836338336,0.006230467484436292,508.2950556278229,MAD/Feature_Plots/MAD_May_26/406_UCR_id_104_Facility_tr_20000_1st_67950/MAD_May_26_per_feature_artifacts_details.json
189_SMD_id_12_Facility_tr_5925_1st_17580.csv,0.025665303678716975,0.7906261970896433,-0.29938797745615553,-0.9006577420283376,0.32505328113487253,0.9263230457070546,0.09838053148416018,0.8012812834574496,0.9985143767704262,0.405940594059406,0.9999999999999996,1.0,0.1494239047558238,90.2223653793335,MAD/Feature_Plots/MAD_May_26/189_SMD_id_12_Facility_tr_5925_1st_17580/MAD_May_26_per_feature_artifacts_details.json
199_SMD_id_22_Facility_tr_5925_1st_17580.csv,0.028272200206044377,0.8245882773140244,-0.3688115609018009,-0.9150954304780634,0.39708376110784527,0.9433676306841078,0.04180998855321848,0.8600452950218218,0.9970667712302315,0.5469353393350171,0.9999999999999996,1.0,0.05093058452049988,85.67022395133972,MAD/Feature_Plots/MAD_May_26/199_SMD_id_22_Facility_tr_5925_1st_17580/MAD_May_26_per_feature_artifacts_details.json
253_SVDB_id_17_Medical_tr_17803_1st_17903.csv,0.031155987344727607,0.5003743449307468,-0.27719190683319544,-0.9269710442900432,0.3083478941779231,0.9581270316347708,0.06165586505714422,0.5300519356593063,0.4429652209341976,0.1461021380594259,0.3358297201418995,0.4020242914979757,0.11053035966739795,2217.0753087997437,MAD/Feature_Plots/MAD_May_26/253_SVDB_id_17_Medical_tr_17803_1st_17903/MAD_May_26_per_feature_artifacts_details.json
474_UCR_id_172_Environment_tr_2046_1st_6520.csv,0.003389680654726578,0.4594896583539905,-0.10927855484529499,-0.9109432699761034,0.11266823550002157,0.91433295063083,0.002932551319648094,0.4577205882352941,0.7991917873581785,0.0,0.0,0.0,0.005847894908416263,325.0815939903259,MAD/Feature_Plots/MAD_May_26/474_UCR_id_172_Environment_tr_2046_1st_6520/MAD_May_26_per_feature_artifacts_details.json
870_OPPORTUNITY_id_29_HumanActivity_tr_1477_1st_1577.csv,0.044218364372970054,0.6569023417247677,-0.1712602927302933,-0.9456912516032603,0.21547865710326336,0.9899096159762304,0.042532325147422514,0.6525534223873708,0.739306170078501,0.07954063936148788,0.13626745662293682,0.8198614318706697,0.12393890967878471,520.4577744007111,MAD/Feature_Plots/MAD_May_26/870_OPPORTUNITY_id_29_HumanActivity_tr_1477_1st_1577/MAD_May_26_per_feature_artifacts_details.json
209_SMD_id_32_Facility_tr_5925_1st_17580.csv,0.012427529050067219,0.5470536594879243,-0.21526826501184831,-0.903805567591872,0.22769579406191554,0.9162330966419392,0.013579059618102232,0.558081209161794,0.7000295507523473,0.09859154929577464,0.111111111111111,0.9526627218934911,0.08107679715842041,90.21452307701111,MAD/Feature_Plots/MAD_May_26/209_SMD_id_32_Facility_tr_5925_1st_17580/MAD_May_26_per_feature_artifacts_details.json
237_SVDB_id_1_Medical_tr_11587_1st_11687.csv,0.07673917114544951,0.360331239410036,-0.27659741400355886,-0.9122342042303987,0.3533365851490084,0.9889733753758482,0.0807215935485423,0.5144440840206366,0.4638277772269988,0.033283129178012065,0.1538461538461537,0.6192011212333567,0.14048866898707785,624.0312337875366,MAD/Feature_Plots/MAD_May_26/237_SVDB_id_1_Medical_tr_11587_1st_11687/MAD_May_26_per_feature_artifacts_details.json
243_SVDB_id_7_Medical_tr_11393_1st_11493.csv,0.03141195502940707,0.5001712566104474,-0.18082092179906406,-0.9042453851179287,0.21223287682847114,0.9356573401473358,0.030748337028824832,0.5,,0.0,0.0,0.0,0.0596615829806574,270.3796617984772,MAD/Feature_Plots/MAD_May_26/243_SVDB_id_7_Medical_tr_11393_1st_11493/MAD_May_26_per_feature_artifacts_details.json
517_UCR_id_215_Facility_tr_7482_1st_24005.csv,0.00253052509031714,0.47184886886907457,-0.08068180958719771,-0.9020699599520549,0.08321233467751485,0.904600485042372,0.0024055327252681166,0.47113098228339867,0.4815868360343225,0.0,0.0,0.0,0.00479947216844933,95.15958976745605,MAD/Feature_Plots/MAD_May_26/517_UCR_id_215_Facility_tr_7482_1st_24005/MAD_May_26_per_feature_artifacts_details.json
495_UCR_id_193_Environment_tr_2046_1st_6520.csv,0.003389680654726578,0.4584479916873238,-0.11186968030773646,-0.9017514601495771,0.11525936096246304,0.9051411408043036,0.002932551319648094,0.4583333333333333,0.6610420843271232,0.0,0.0,0.0,0.005847894908416263,244.21389889717102,MAD/Feature_Plots/MAD_May_26/495_UCR_id_193_Environment_tr_2046_1st_6520/MAD_May_26_per_feature_artifacts_details.json
411_UCR_id_109_Environment_tr_2046_1st_4852.csv,0.006322231974374672,0.46815826120074516,-0.14339821068509404,-0.8995022442102354,0.1497204426594687,0.90582447618461,0.005865102639296188,0.46804326450344147,0.7207731449415895,0.0,0.0,0.0,0.011661691643240515,103.48943948745728,MAD/Feature_Plots/MAD_May_26/411_UCR_id_109_Environment_tr_2046_1st_4852/MAD_May_26_per_feature_artifacts_details.json
171_MITDB_id_2_Medical_tr_50000_1st_88864.csv,0.03123841947531475,0.48307508591739895,-0.24631258683241192,-0.9034111905757152,0.27755100630772667,0.93464961005103,0.031671338162858026,0.5152351054772967,0.732481975440333,0.38647139215173554,0.35858234885336987,0.735730063706502,0.06961810697632625,2271.8144800662994,MAD/Feature_Plots/MAD_May_26/171_MITDB_id_2_Medical_tr_50000_1st_88864/MAD_May_26_per_feature_artifacts_details.json
436_UCR_id_134_Medical_tr_1875_1st_4526.csv,0.004498219767801935,0.5001252365419103,-0.14607669106336027,-0.8979315043938725,0.1505749108311622,0.9024297241616744,0.003999466737768298,0.5,,0.0,0.0,0.0,0.007966990093755554,51.89731574058533,MAD/Feature_Plots/MAD_May_26/436_UCR_id_134_Medical_tr_1875_1st_4526/MAD_May_26_per_feature_artifacts_details.json
177_MITDB_id_8_Medical_tr_17675_1st_17775.csv,0.04250646201981465,0.4406048739735008,-0.12891421916798954,-0.8955731817782917,0.17142068118780418,0.9380796437981064,0.04309711838551902,0.5137705153717028,0.4204911805720165,0.07230825707278726,0.08342994492077827,0.12276520466462125,0.08011454217466205,3252.2627503871918,MAD/Feature_Plots/MAD_May_26/177_MITDB_id_8_Medical_tr_17675_1st_17775/MAD_May_26_per_feature_artifacts_details.json
244_SVDB_id_8_Medical_tr_17803_1st_17903.csv,0.031796466397204126,0.4390294910357915,-0.3108150204738226,-0.9180288284228947,0.3426114868710267,0.9498252948200988,0.03683475177062489,0.5109404943790922,0.6573122484429902,0.5141616145537401,0.2747252747252743,0.3381863560732113,0.05875232562290978,1478.0615890026093,MAD/Feature_Plots/MAD_May_26/244_SVDB_id_8_Medical_tr_17803_1st_17903/MAD_May_26_per_feature_artifacts_details.json
145_MSL_id_6_Sensor_tr_530_1st_630.csv,0.11360890314665632,0.7253283639759726,-0.18424746612623427,-0.8834644315443841,0.2978563692728906,0.9970733346910404,0.07425978580283264,0.6610675438188334,0.76488489096102,0.2308364205897413,0.23143350604490479,0.4782608695652174,0.21168727112074218,376.30728793144226,MAD/Feature_Plots/MAD_May_26/145_MSL_id_6_Sensor_tr_530_1st_630/MAD_May_26_per_feature_artifacts_details.json
540_SMAP_id_10_Sensor_tr_2051_1st_4575.csv,0.2852183175628583,0.7851686490044704,-0.11078905017739415,-0.7055281197533085,0.39600736774025247,0.9907464373161669,0.28529092133877365,0.7851034572460299,0.8576470776215738,0.10947930574098799,0.6499999999999995,0.9323308270676691,0.5174079632170085,105.64640283584595,MAD/Feature_Plots/MAD_May_26/540_SMAP_id_10_Sensor_tr_2051_1st_4575/MAD_May_26_per_feature_artifacts_details.json
248_SVDB_id_12_Medical_tr_18462_1st_18562.csv,0.04919448172362178,0.510122096011573,-0.2475664600233674,-0.8838692259189307,0.2967609417469892,0.9330637076425524,0.04871627836862799,0.5186529384603326,0.8219247768717088,0.10925778621833708,0.14039486054528344,0.812011900334697,0.08803176744505477,1793.6483180522919,MAD/Feature_Plots/MAD_May_26/248_SVDB_id_12_Medical_tr_18462_1st_18562/MAD_May_26_per_feature_artifacts_details.json
452_UCR_id_150_Facility_tr_10000_1st_35774.csv,0.012567593375337487,0.5050232080111647,-0.2753563315319284,-0.8834351355904537,0.28792392490726587,0.8960027289657913,0.211975,0.605,0.9995992144352825,0.5380116959064328,0.9999999999999996,1.0,0.3471045693837241,84.4643566608429,MAD/Feature_Plots/MAD_May_26/452_UCR_id_150_Facility_tr_10000_1st_35774/MAD_May_26_per_feature_artifacts_details.json
176_MITDB_id_7_Medical_tr_6232_1st_6332.csv,0.059708807835188726,0.5002203125466786,-0.27294050260196334,-0.9029118210640701,0.33264931043715207,0.9626206288992588,0.05888,0.5,,0.0,0.0,0.0,0.11121079621112674,11868.366193532944,MAD/Feature_Plots/MAD_May_26/176_MITDB_id_7_Medical_tr_6232_1st_6332/MAD_May_26_per_feature_artifacts_details.json
841_Exathlon_id_32_Facility_tr_11663_1st_13482.csv,0.13257133139032565,0.7534608826875574,-0.4469397436117335,-0.8661368600838574,0.5795110750020591,0.998708191474183,0.1239471553379546,0.7382476699176541,0.8223694722826774,0.29860534283208195,0.2385718410162638,0.2714548802946593,0.23330427836908016,178.76311039924622,MAD/Feature_Plots/MAD_May_26/841_Exathlon_id_32_Facility_tr_11663_1st_13482/MAD_May_26_per_feature_artifacts_details.json
863_OPPORTUNITY_id_22_HumanActivity_tr_808_1st_908.csv,0.9060627678449991,0.9905467052074655,0.5756284776255562,-0.09303424380563019,0.3304342902194428,0.9990970116506293,0.905866933483198,0.990564591162892,0.980154060127227,0.024592458599823414,0.9573417153120785,0.9600672551492223,0.9275187284538308,381.6522240638733,MAD/Feature_Plots/MAD_May_26/863_OPPORTUNITY_id_22_HumanActivity_tr_808_1st_908/MAD_May_26_per_feature_artifacts_details.json
762_YAHOO_id_212_WebService_tr_500_1st_1055.csv,0.052555773648510315,0.7032304461752485,-0.0667985328855122,-0.8292665023374409,0.11935430653402251,0.8818222759859512,0.07202380952380952,0.7339094159713945,0.8801159971970085,0.22222222222222224,0.22222222222222188,0.2222222222222222,0.22221876548587025,107.36422920227051,MAD/Feature_Plots/MAD_May_26/762_YAHOO_id_212_WebService_tr_500_1st_1055/MAD_May_26_per_feature_artifacts_details.json
810_Exathlon_id_1_Facility_tr_10766_1st_12590.csv,0.23101404097506303,0.6305152373766826,-0.300696263852008,-0.7648158393601902,0.531710304827071,0.9958298803352532,0.23114475612728783,0.6305169098810178,0.8544853429215028,0.2666267857548,0.6651108518086342,0.9847853649701142,0.36740220031477916,537.1755554676056,MAD/Feature_Plots/MAD_May_26/810_Exathlon_id_1_Facility_tr_10766_1st_12590/MAD_May_26_per_feature_artifacts_details.json
821_Exathlon_id_12_Facility_tr_6985_1st_7085.csv,0.17793797059863972,0.543879486165707,-0.18014988664960122,-0.8096455401085535,0.35808785724824094,0.9875835107071932,0.20939962816158214,0.5648918558009546,0.8342638499428858,0.3749471080045229,0.8734582000913653,0.8878483325719506,0.22947645012645582,159.15736532211304,MAD/Feature_Plots/MAD_May_26/821_Exathlon_id_12_Facility_tr_6985_1st_7085/MAD_May_26_per_feature_artifacts_details.json
868_OPPORTUNITY_id_27_HumanActivity_tr_2085_1st_2185.csv,0.10683302752987543,0.5763981626756242,-0.08351709231821462,-0.8238742537008595,0.19035011984809005,0.930707281230735,0.10691883001406507,0.5742667324275655,0.8336792346711567,0.03286898667793902,0.5559322033898301,0.8702127659574468,0.26708607154123754,204.93247318267822,MAD/Feature_Plots/MAD_May_26/868_OPPORTUNITY_id_27_HumanActivity_tr_2085_1st_2185/MAD_May_26_per_feature_artifacts_details.json
256_SVDB_id_20_Medical_tr_6264_1st_6364.csv,0.033221507157499996,0.5002372488097298,-0.17731144212547517,-0.8571693593678718,0.21053294928297517,0.8903908665253718,0.03667331365155923,0.5022530305488353,0.08160350185537049,0.01622439158531555,0.0434504792332268,0.041710388247639035,0.06275794321838875,1674.360603094101,MAD/Feature_Plots/MAD_May_26/256_SVDB_id_20_Medical_tr_6264_1st_6364/MAD_May_26_per_feature_artifacts_details.json
245_SVDB_id_9_Medical_tr_12607_1st_12707.csv,0.11972829898709655,0.5608487099105556,-0.2843456184510622,-0.8289305110293959,0.4040739174381588,0.9486588100164924,0.1318806539685506,0.6306240996310517,0.6392335606425773,0.28096015990635714,0.3080308575133195,0.4296178705068602,0.2602434145580008,6708.635897636414,MAD/Feature_Plots/MAD_May_26/245_SVDB_id_9_Medical_tr_12607_1st_12707/MAD_May_26_per_feature_artifacts_details.json
862_OPPORTUNITY_id_21_HumanActivity_tr_500_1st_566.csv,0.5370397484759158,0.7608271225825672,0.17810787632445502,-0.4572445820104738,0.35893187215146083,0.9942843304863896,0.5348289515443552,0.7599708042087794,0.945291274199524,0.23095051060487037,0.9836734693877546,0.9917948717948718,0.658015990283257,97.76395201683044,MAD/Feature_Plots/MAD_May_26/862_OPPORTUNITY_id_21_HumanActivity_tr_500_1st_566/MAD_May_26_per_feature_artifacts_details.json
833_Exathlon_id_24_Facility_tr_10766_1st_12590.csv,0.9779186567553207,0.9918075516896737,0.29461686367750606,-0.021830313065467677,0.6833017930778147,0.9997489698207884,0.973292716889044,0.9902469084914506,0.9975452214990794,0.8021629955850519,0.9958706125258081,0.9968830216354969,0.9697689865266923,3583.314018726349,MAD/Feature_Plots/MAD_May_26/833_Exathlon_id_24_Facility_tr_10766_1st_12590/MAD_May_26_per_feature_artifacts_details.json
836_Exathlon_id_27_Facility_tr_10766_1st_12590.csv,0.610255572776508,0.9021357822751356,-0.08078855842609567,-0.38949339704428043,0.6910441312026037,0.9997489698207884,0.6175193060463628,0.9042309255987738,0.9981672489166248,0.6964032576433924,0.9997567501824368,0.9999080459770114,0.6265715829820612,1943.9410681724548,MAD/Feature_Plots/MAD_May_26/836_Exathlon_id_27_Facility_tr_10766_1st_12590/MAD_May_26_per_feature_artifacts_details.json
815_Exathlon_id_6_Facility_tr_10766_1st_12590.csv,0.9779186567553207,0.9918075516896737,0.2778027741687926,-0.021830313065467677,0.7001158825865281,0.9997489698207884,0.973292716889044,0.9902469084914506,0.9975452214990794,0.8021629955850519,0.9958706125258081,0.9968830216354969,0.9697689865266923,3615.1584870815277,MAD/Feature_Plots/MAD_May_26/815_Exathlon_id_6_Facility_tr_10766_1st_12590/MAD_May_26_per_feature_artifacts_details.json
247_SVDB_id_11_Medical_tr_20100_1st_23611.csv,0.014589538956291703,0.5032997665121822,-0.21698317561990801,-0.8597808582417469,0.2315727145761997,0.8743703971980386,0.04589344444658068,0.5350754528452597,0.7241825391938644,0.258848954796224,0.5882352941176465,0.767948717948718,0.1251146372618896,459.743435382843,MAD/Feature_Plots/MAD_May_26/247_SVDB_id_11_Medical_tr_20100_1st_23611/MAD_May_26_per_feature_artifacts_details.json
198_SMD_id_21_Facility_tr_5925_1st_17580.csv,0.30756386971163985,0.9111413287617947,-0.12144021448552733,-0.6338020077335748,0.4290040841971672,0.9413658774452146,0.32576940236533247,0.9321404430617197,0.9191940637409315,0.26171284990330457,0.8235294117647053,0.9554896142433235,0.41236627875309617,430.8453600406647,MAD/Feature_Plots/MAD_May_26/198_SMD_id_21_Facility_tr_5925_1st_17580/MAD_May_26_per_feature_artifacts_details.json
437_UCR_id_135_Medical_tr_2499_1st_8000.csv,0.002874689585745381,0.5000938085799409,-0.14446465678269327,-0.8381342846952835,0.14733934636843865,0.8410089742810288,0.002500500100020004,0.5,,0.0,0.0,0.0,0.004988476628964046,46.19153618812561,MAD/Feature_Plots/MAD_May_26/437_UCR_id_135_Medical_tr_2499_1st_8000/MAD_May_26_per_feature_artifacts_details.json
385_UCR_id_83_Environment_tr_2046_1st_6006.csv,0.006322231974374672,0.49790260731677255,-0.1320916643893131,-0.8343048511004104,0.13841389636368778,0.8406270830747851,0.005865102639296188,0.4961283185840708,0.8068760017925988,0.0,0.0,0.0,0.011661691643240515,104.60569930076599,MAD/Feature_Plots/MAD_May_26/385_UCR_id_83_Environment_tr_2046_1st_6006/MAD_May_26_per_feature_artifacts_details.json
219_LTDB_id_4_Medical_tr_3618_1st_3718.csv,0.17900394597427122,0.5210417738713459,-0.36324777151751525,-0.8163317410725597,0.5422517174917865,0.995335687046831,0.189923753411659,0.5319183626160736,0.6661036670306462,0.29220091370344814,0.7032637238964606,0.8016448959845186,0.2575490930633723,253.47610473632812,MAD/Feature_Plots/MAD_May_26/219_LTDB_id_4_Medical_tr_3618_1st_3718/MAD_May_26_per_feature_artifacts_details.json
463_UCR_id_161_Environment_tr_2046_1st_6006.csv,0.006322231974374672,0.4738121451732132,-0.13333908229081815,-0.8241138202984656,0.13966131426519282,0.8304360522728402,0.005865102639296188,0.47369714847590955,0.8103002537525691,0.0,0.0,0.0,0.011661691643240515,333.4002528190613,MAD/Feature_Plots/MAD_May_26/463_UCR_id_161_Environment_tr_2046_1st_6006/MAD_May_26_per_feature_artifacts_details.json
223_LTDB_id_8_Medical_tr_4456_1st_4556.csv,0.1653381172716291,0.5010625952824176,-0.23947509041648293,-0.8246934088728357,0.404813207688112,0.9900315261444648,0.16491138110803524,0.503923023399523,0.14117515399380165,0.03406789696520724,0.10873146622734742,0.1296553319454083,0.278219696969697,743.2996063232422,MAD/Feature_Plots/MAD_May_26/223_LTDB_id_8_Medical_tr_4456_1st_4556/MAD_May_26_per_feature_artifacts_details.json
867_OPPORTUNITY_id_26_HumanActivity_tr_808_1st_908.csv,0.16697809442546935,0.6220562402028832,-0.17752450533602937,-0.8303675875246219,0.3445025997614987,0.9973456819500912,0.15954177144453757,0.6199620972836386,0.6772801172480989,0.08818192347785798,0.275180722891566,0.27518072289156625,0.275178349726955,190.4209690093994,MAD/Feature_Plots/MAD_May_26/867_OPPORTUNITY_id_26_HumanActivity_tr_808_1st_908/MAD_May_26_per_feature_artifacts_details.json
170_MITDB_id_1_Medical_tr_17675_1st_17775.csv,0.05220549725654075,0.43862769944060614,-0.0906440921118328,-0.8259407281491801,0.14284958936837355,0.8781462254057208,0.05342312833836914,0.5737557760406985,0.6285535789722767,0.14762975160477085,0.10651798951794038,0.11832714393172113,0.1067082754373241,2129.23516702652,MAD/Feature_Plots/MAD_May_26/170_MITDB_id_1_Medical_tr_17675_1st_17775/MAD_May_26_per_feature_artifacts_details.json
493_UCR_id_191_Sensor_tr_2847_1st_9330.csv,0.001206633867077829,0.5000822218376505,-0.21111916313223802,-0.8149362597897345,0.21232579699931586,0.8161428936568124,0.0008781173164734809,0.5,,0.0,0.0,0.0,0.0017546762745627171,56.598543643951416,MAD/Feature_Plots/MAD_May_26/493_UCR_id_191_Sensor_tr_2847_1st_9330/MAD_May_26_per_feature_artifacts_details.json
853_OPPORTUNITY_id_12_HumanActivity_tr_808_1st_908.csv,0.17458314769387037,0.6510202983412726,-0.2281589769670966,-0.8242783489882493,0.402742124660967,0.9988614966821197,0.17396288201927984,0.6506150617385023,0.6592709047358583,0.24828785737580172,0.2974345617918997,0.9677966101694915,0.2974320298044292,421.8269536495209,MAD/Feature_Plots/MAD_May_26/853_OPPORTUNITY_id_12_HumanActivity_tr_808_1st_908/MAD_May_26_per_feature_artifacts_details.json
830_Exathlon_id_21_Facility_tr_10766_1st_12590.csv,0.2606259131915236,0.5768082460024866,-0.30680205545977224,-0.728013867898303,0.5674279686512959,0.9886397810898266,0.268161410719241,0.5806336862709048,0.9302052474048053,0.4621391971736115,0.9993650793650788,0.9999080459770114,0.27681508755878853,172.86798477172852,MAD/Feature_Plots/MAD_May_26/830_Exathlon_id_21_Facility_tr_10766_1st_12590/MAD_May_26_per_feature_artifacts_details.json
835_Exathlon_id_26_Facility_tr_10766_1st_12590.csv,0.12888212130041168,0.4151130280283736,-0.27313750827646555,-0.799977815221858,0.4020196295768772,0.9288599365222696,0.13345861442127976,0.5270945013710496,0.5184410745606991,0.20451394665335773,0.20451394665335731,0.20559705652804103,0.2241903274064202,364.34224247932434,MAD/Feature_Plots/MAD_May_26/835_Exathlon_id_26_Facility_tr_10766_1st_12590/MAD_May_26_per_feature_artifacts_details.json
295_TODS_id_9_Synthetic_tr_1250_1st_2046.csv,0.11286185297634703,0.5529743372350796,-0.2704284525550476,-0.7590788040174465,0.38329030553139465,0.8719406569937935,0.0971040583252992,0.5430118471550143,0.7005339230794354,0.42216510031046556,0.20683171419617655,0.24618414574101427,0.2030123456731712,150.58167815208435,MAD/Feature_Plots/MAD_May_26/295_TODS_id_9_Synthetic_tr_1250_1st_2046/MAD_May_26_per_feature_artifacts_details.json
215_SMD_id_38_Facility_tr_5925_1st_17580.csv,0.19341384224740274,0.5917807874830626,-0.15803851226601087,-0.6065279471379981,0.3514523545134136,0.7999417893854008,0.1932883590750234,0.5902295144768356,0.9233745242537243,0.2964087000505817,0.9041095890410953,0.9787234042553191,0.33502239380126986,382.4504280090332,MAD/Feature_Plots/MAD_May_26/215_SMD_id_38_Facility_tr_5925_1st_17580/MAD_May_26_per_feature_artifacts_details.json
823_Exathlon_id_14_Facility_tr_10766_1st_12590.csv,0.12638725553685962,0.363864124418543,-0.5331404778356629,-0.8735269548251838,0.6595277333725225,0.9999142103620434,0.11788178501297213,0.44848359372897073,0.5865864839529773,0.05619151284555084,0.1466583515227104,0.17663681210785956,0.2241903274064202,105.78931427001953,MAD/Feature_Plots/MAD_May_26/823_Exathlon_id_14_Facility_tr_10766_1st_12590/MAD_May_26_per_feature_artifacts_details.json
216_LTDB_id_1_Medical_tr_500_1st_266.csv,0.15336555172138563,0.46543160614291995,-0.15236091057407483,-0.7802958780750832,0.30572646229546047,0.9336614297964688,0.14587436276717416,0.47865019519351254,0.36024157094354736,0.052113437845721,0.0869668661874823,0.19181142825224823,0.2587020494871929,484.8256778717041,MAD/Feature_Plots/MAD_May_26/216_LTDB_id_1_Medical_tr_500_1st_266/MAD_May_26_per_feature_artifacts_details.json
224_LTDB_id_9_Medical_tr_4456_1st_4556.csv,0.16434602286139735,0.40047770529731985,-0.32030709588021644,-0.7803703687391574,0.48465311874161376,0.9447163916005548,0.17539831583354665,0.49657326874046515,0.6601942299196567,0.649685819065108,0.2562997248716257,0.2770605401899912,0.278219696969697,488.3955178260803,MAD/Feature_Plots/MAD_May_26/224_LTDB_id_9_Medical_tr_4456_1st_4556/MAD_May_26_per_feature_artifacts_details.json
240_SVDB_id_4_Medical_tr_18462_1st_18562.csv,0.04702861278373003,0.5002392416834325,-0.20309121019448576,-0.7749877170361347,0.2501198229782158,0.8220163298198647,0.05773180990340959,0.5127323836372287,0.1609267721176638,0.056389821792304576,0.1077441077441076,0.11090166509582156,0.08803176744505477,554.8484196662903,MAD/Feature_Plots/MAD_May_26/240_SVDB_id_4_Medical_tr_18462_1st_18562/MAD_May_26_per_feature_artifacts_details.json
339_UCR_id_37_Sensor_tr_2750_1st_5400.csv,0.018521922407116576,0.5000866233857726,-0.23452702676752957,-0.9622940345876342,0.25304894917464615,0.9808159569947508,0.01818181818181818,0.5,,0.0,0.0,0.0,0.03571393495242457,59.05917406082153,MAD/Feature_Plots/MAD_May_26/339_UCR_id_37_Sensor_tr_2750_1st_5400/MAD_May_26_per_feature_artifacts_details.json
141_MSL_id_2_Sensor_tr_500_1st_550.csv,0.15065433475389833,0.4559367907731566,-0.22153480704226947,-0.7769270476126461,0.3721891417961678,0.9275813823665444,0.15248710360682027,0.5289528819882303,0.7271816528615089,0.18351242232030512,0.31999999999999956,0.7745664739884393,0.24223389589464164,173.05119609832764,MAD/Feature_Plots/MAD_May_26/141_MSL_id_2_Sensor_tr_500_1st_550/MAD_May_26_per_feature_artifacts_details.json
504_UCR_id_202_Environment_tr_2046_1st_5549.csv,0.5743835228097199,0.9955117345601917,0.4703752298130562,-0.24941048451359737,0.10400829299666375,0.8237940073233173,0.5517241379310345,0.9953908554572272,0.9026075108890315,0.049612403100775186,0.7111111111111106,0.7111111111111111,0.7111065284245945,379.7399477958679,MAD/Feature_Plots/MAD_May_26/504_UCR_id_202_Environment_tr_2046_1st_5549/MAD_May_26_per_feature_artifacts_details.json
471_UCR_id_169_Facility_tr_10000_1st_35774.csv,0.005187057323914116,0.7506617594458057,-0.11345572649801791,-0.7700462982765298,0.11864278382193202,0.7752333556004439,0.005,0.7506265664160401,0.8571469387609324,0.009950248756218907,0.009950248756218897,0.009950248756218905,0.009950149749753735,650.5219922065735,MAD/Feature_Plots/MAD_May_26/471_UCR_id_169_Facility_tr_10000_1st_35774/MAD_May_26_per_feature_artifacts_details.json
194_SMD_id_17_Facility_tr_5925_1st_17580.csv,0.17421477722701753,0.646578178536383,-0.19437562166940478,-0.7229413381151755,0.3685903988964223,0.897156115342193,0.18799749685137407,0.6615252454843492,0.9140151419463938,0.16645885286783044,0.8139534883720925,0.9526627218934911,0.3301850254053321,104.66543698310852,MAD/Feature_Plots/MAD_May_26/194_SMD_id_17_Facility_tr_5925_1st_17580/MAD_May_26_per_feature_artifacts_details.json
854_OPPORTUNITY_id_13_HumanActivity_tr_1477_1st_1577.csv,0.4090955925734912,0.9782897025138965,0.13654031675263684,-0.5846767909907085,0.27255527582085437,0.9937723835641996,0.40451222725135066,0.9780798332458849,0.8450142645227997,0.08949320176422897,0.6202531645569616,0.9361702127659575,0.6184064104155288,1254.0759828090668,MAD/Feature_Plots/MAD_May_26/854_OPPORTUNITY_id_13_HumanActivity_tr_1477_1st_1577/MAD_May_26_per_feature_artifacts_details.json
239_SVDB_id_3_Medical_tr_50000_1st_106634.csv,0.015420233346640787,0.5000579631970045,-0.1576677137307093,-0.7600585403753003,0.1730879470773501,0.7754787737219411,0.025694527357163727,0.5086209712304604,0.21317340033421112,0.06295256391310775,0.1395348837209301,0.09869848156182212,0.033860131984537745,1213.1152086257935,MAD/Feature_Plots/MAD_May_26/239_SVDB_id_3_Medical_tr_50000_1st_106634/MAD_May_26_per_feature_artifacts_details.json
218_LTDB_id_3_Medical_tr_500_1st_266.csv,0.15044177471708212,0.3844768481076421,-0.1634879478094818,-0.7582043514419603,0.3139297225265639,0.9086461261590424,0.14008942042965858,0.4459659748758648,0.418825763010389,0.13000276775198563,0.15437466388863544,0.2791964589717399,0.2587020494871929,501.2237901687622,MAD/Feature_Plots/MAD_May_26/218_LTDB_id_3_Medical_tr_500_1st_266/MAD_May_26_per_feature_artifacts_details.json
506_UCR_id_204_Environment_tr_2046_1st_5549.csv,0.006322231974374672,0.49808697309848343,-0.06804294973700564,-0.7513146107390204,0.07436518171138032,0.757636842713395,0.005865102639296188,0.4974803343166175,0.2725687808664742,0.0,0.0,0.0,0.011661691643240515,59.3726863861084,MAD/Feature_Plots/MAD_May_26/506_UCR_id_204_Environment_tr_2046_1st_5549/MAD_May_26_per_feature_artifacts_details.json
369_UCR_id_67_Sensor_tr_2750_1st_5400.csv,0.02342931279508099,0.5025861902688437,-0.2290406113857273,-0.9565660321629892,0.25246992418080827,0.9799953449580702,0.14956741965333,0.5719935185185187,0.9923304899495266,0.43683859281151677,0.9999999999999996,1.0,0.24066107680522278,69.78243947029114,MAD/Feature_Plots/MAD_May_26/369_UCR_id_67_Sensor_tr_2750_1st_5400/MAD_May_26_per_feature_artifacts_details.json
264_IOPS_id_5_WebService_tr_11665_1st_11765.csv,0.015999274247215974,0.5012560710376674,-0.08098372096658599,-0.7637008507833029,0.09698299521380196,0.7797001250305188,0.022626037575495174,0.5111985477668457,0.9000537172044697,0.36400527543877453,0.5490196078431367,0.9950138504155125,0.04303136814758852,438.02646374702454,MAD/Feature_Plots/MAD_May_26/264_IOPS_id_5_WebService_tr_11665_1st_11765/MAD_May_26_per_feature_artifacts_details.json
288_TODS_id_2_Synthetic_tr_500_1st_65.csv,0.13639899100035321,0.5580625402597025,-0.549941508723481,-0.7568104250178147,0.6863404997238343,0.893209416018168,0.054900646379544865,0.3758789431866355,0.6837586787501935,0.27051278101528425,0.10416666666666655,0.14769499672274417,0.12663800451475724,334.51549339294434,MAD/Feature_Plots/MAD_May_26/288_TODS_id_2_Synthetic_tr_500_1st_65/MAD_May_26_per_feature_artifacts_details.json
449_UCR_id_147_Sensor_tr_2847_1st_9330.csv,0.001206633867077829,0.5000822218376505,-0.17340511045172494,-0.7408851532987317,0.17461174431880278,0.7420917871658096,0.0008781173164734809,0.5,,0.0,0.0,0.0,0.0017546762745627171,49.04555583000183,MAD/Feature_Plots/MAD_May_26/449_UCR_id_147_Sensor_tr_2847_1st_9330/MAD_May_26_per_feature_artifacts_details.json
547_SMAP_id_17_Sensor_tr_2133_1st_5400.csv,0.1391728288145627,0.6699052689540278,-0.12151876386689572,-0.6768961118011192,0.2606915926814584,0.8160689406156819,0.1458933338752437,0.6698847869637511,0.9815759887003479,0.39281118034274853,0.9999999999999996,1.0,0.2824888287452116,296.8227508068085,MAD/Feature_Plots/MAD_May_26/547_SMAP_id_17_Sensor_tr_2133_1st_5400/MAD_May_26_per_feature_artifacts_details.json
860_OPPORTUNITY_id_19_HumanActivity_tr_808_1st_908.csv,0.5526971280647768,0.9414101316682012,0.1692009815532316,-0.4468829106280524,0.3834961465115452,0.9995800386928292,0.5508924264351182,0.9411876184459886,0.8177144110996623,0.040720270993046884,0.7104199066874023,0.7104199066874028,0.7104153260000908,1882.3881032466888,MAD/Feature_Plots/MAD_May_26/860_OPPORTUNITY_id_19_HumanActivity_tr_808_1st_908/MAD_May_26_per_feature_artifacts_details.json
207_SMD_id_30_Facility_tr_7174_1st_21230.csv,0.024949195503094778,0.5078744556058894,-0.261311874611225,-0.8831989639717039,0.2862610701143198,0.9081481594747988,0.5230724605924187,0.7600829333407059,0.7988244038099063,0.5731285070038507,0.7999999999999995,0.9846153846153847,0.6798634578611013,86.10966038703918,MAD/Feature_Plots/MAD_May_26/207_SMD_id_30_Facility_tr_7174_1st_21230/MAD_May_26_per_feature_artifacts_details.json
838_Exathlon_id_29_Facility_tr_10766_1st_12590.csv,0.14492728448736,0.521333167370233,-0.2625847551991295,-0.7323496666928578,0.4075120396864895,0.8772769511802179,0.15446359650755395,0.5815681872395866,0.5092582570222227,0.48934535110163474,0.3237081429948448,0.45406338636083365,0.26687389376369924,947.4749307632446,MAD/Feature_Plots/MAD_May_26/838_Exathlon_id_29_Facility_tr_10766_1st_12590/MAD_May_26_per_feature_artifacts_details.json
822_Exathlon_id_13_Facility_tr_10766_1st_12590.csv,0.14492728448736,0.521333167370233,-0.2614534078380748,-0.7323482419075159,0.40638069232543483,0.8772755263948759,0.15446359650755395,0.5815681872395866,0.5092582570222227,0.48934535110163474,0.3237081429948448,0.45406338636083365,0.26687389376369924,921.4113521575928,MAD/Feature_Plots/MAD_May_26/822_Exathlon_id_13_Facility_tr_10766_1st_12590/MAD_May_26_per_feature_artifacts_details.json
847_OPPORTUNITY_id_6_HumanActivity_tr_808_1st_908.csv,0.1142883341294772,0.12108050630696879,-0.06782495195388497,-0.8291841722001847,0.18211328608336216,0.943472506329662,0.11347952280120115,0.11894859236657437,0.729490372099914,0.16733896731706363,0.07119437939110064,0.9874621703415478,0.22394153521082025,93.10058546066284,MAD/Feature_Plots/MAD_May_26/847_OPPORTUNITY_id_6_HumanActivity_tr_808_1st_908/MAD_May_26_per_feature_artifacts_details.json
817_Exathlon_id_8_Facility_tr_10766_1st_12590.csv,0.14492728448736,0.521333167370233,-0.27288957399737535,-0.729442790371581,0.4178168584847354,0.874370074858941,0.15446359650755395,0.5815681872395866,0.5092582570222227,0.48934535110163474,0.3237081429948448,0.45406338636083365,0.26687389376369924,965.3403539657593,MAD/Feature_Plots/MAD_May_26/817_Exathlon_id_8_Facility_tr_10766_1st_12590/MAD_May_26_per_feature_artifacts_details.json
254_SVDB_id_18_Medical_tr_30824_1st_30924.csv,0.034349659321233524,0.3846329180210486,-0.12648481182129834,-0.7284342935124622,0.16083447114253185,0.7627839528336958,0.03229993664540764,0.4642412093416969,0.30682747656443016,0.00558217927861157,0.04549862576930881,0.04526330650854158,0.06587217564337565,582.302393913269,MAD/Feature_Plots/MAD_May_26/254_SVDB_id_18_Medical_tr_30824_1st_30924/MAD_May_26_per_feature_artifacts_details.json
393_UCR_id_91_Environment_tr_2046_1st_4852.csv,0.0062972494087181,0.4770050077042761,-0.13600838061701157,-0.7164115789731778,0.14230563002572966,0.7227088283818959,0.005865102639296188,0.4742502458210423,0.7884362956689774,0.0,0.0,0.0,0.011661691643240515,101.592031955719,MAD/Feature_Plots/MAD_May_26/393_UCR_id_91_Environment_tr_2046_1st_4852/MAD_May_26_per_feature_artifacts_details.json
387_UCR_id_85_Environment_tr_2046_1st_5549.csv,0.24349874575596872,0.9895754730713698,0.14146795379384317,-0.5489949754865405,0.10203079196212556,0.7924937212425093,0.23834509983793165,0.9894079297771222,0.8314892320152627,0.22559652928416485,0.43835616438356123,0.7868852459016393,0.4383527416292776,136.61930632591248,MAD/Feature_Plots/MAD_May_26/387_UCR_id_85_Environment_tr_2046_1st_5549/MAD_May_26_per_feature_artifacts_details.json
015_NAB_id_15_Synthetic_tr_1007_1st_2787.csv,0.31173036855389463,0.605473214922049,-0.06103688246863409,-0.6882688504387766,0.3727672510225287,0.9999992189926712,0.3109976628497565,0.6052631578947368,0.9797658038261065,0.5384615384615385,0.9999999999999996,1.0,0.3478232136343221,52.117427587509155,MAD/Feature_Plots/MAD_May_26/015_NAB_id_15_Synthetic_tr_1007_1st_2787/MAD_May_26_per_feature_artifacts_details.json
197_SMD_id_20_Facility_tr_5000_1st_15144.csv,0.072883930550446,0.5141910433156204,-0.29849594675257257,-0.6850048370071016,0.3713798773030186,0.7578887675575475,0.13704704857778993,0.5606554651670419,0.7391132294250954,0.25435540069686413,0.48888888888888843,0.37967914438502676,0.2142835485676764,292.1231801509857,MAD/Feature_Plots/MAD_May_26/197_SMD_id_20_Facility_tr_5000_1st_15144/MAD_May_26_per_feature_artifacts_details.json
851_OPPORTUNITY_id_10_HumanActivity_tr_6213_1st_7311.csv,0.03712151452788461,0.3077733134702099,-0.11848817555003271,-0.7115161860904465,0.15560969007791733,0.7486377006183311,0.03508771929824561,0.30598415346121766,0.6320419184178102,0.0,0.0,0.0,0.06779595519161932,470.90164399147034,MAD/Feature_Plots/MAD_May_26/851_OPPORTUNITY_id_10_HumanActivity_tr_6213_1st_7311/MAD_May_26_per_feature_artifacts_details.json
204_SMD_id_27_Facility_tr_5000_1st_15144.csv,0.2153651079249233,0.6926062358141717,-0.13522956144283776,-0.5682350079071361,0.35059466936776107,0.7836001158320594,0.21774137262534596,0.6919700377305898,0.9201486828221419,0.3344304733788289,0.7999999999999995,0.9891067538126361,0.4243069351862321,349.8752987384796,MAD/Feature_Plots/MAD_May_26/204_SMD_id_27_Facility_tr_5000_1st_15144/MAD_May_26_per_feature_artifacts_details.json
172_MITDB_id_3_Medical_tr_27274_1st_27374.csv,0.038343557464529505,0.4589692468832347,-0.10544383575180624,-0.7007582273269783,0.14378739321633574,0.7391017847915079,0.046293031898441056,0.6342336261136104,0.5888271031938418,0.11043514495737243,0.09850998217248606,0.11532068629201753,0.10335980508547506,4588.777821302414,MAD/Feature_Plots/MAD_May_26/172_MITDB_id_3_Medical_tr_27274_1st_27374/MAD_May_26_per_feature_artifacts_details.json
028_NAB_id_28_Facility_tr_1007_1st_3447.csv,0.10891789470545472,0.5059724353534849,-0.2693783166265749,-0.8910587273386372,0.3782962113320296,0.999976622044092,0.10803728468708591,0.5057257996809672,0.6924242062257038,0.16617002629272568,0.2352941176470586,0.9851088201603666,0.19278014549032396,279.3086757659912,MAD/Feature_Plots/MAD_May_26/028_NAB_id_28_Facility_tr_1007_1st_3447/MAD_May_26_per_feature_artifacts_details.json
850_OPPORTUNITY_id_9_HumanActivity_tr_895_1st_995.csv,0.5064269703836572,0.9297081648144405,0.3164395229732035,-0.49073993873512634,0.18998744741045376,0.9971669091187836,0.5027228296208519,0.9282385939658904,0.9319692042713631,0.064061911580533,0.7189542483660126,0.7442650807136788,0.6874952373416672,1945.8447477817535,MAD/Feature_Plots/MAD_May_26/850_OPPORTUNITY_id_9_HumanActivity_tr_895_1st_995/MAD_May_26_per_feature_artifacts_details.json
175_MITDB_id_6_Medical_tr_27274_1st_27374.csv,0.029539614058969987,0.40068990813429045,-0.10277862351074862,-0.6786754654058431,0.1323182375697186,0.7082150794648131,0.028184859416700025,0.5052465681272845,0.6082581535835411,0.2338546378150609,0.06268812351856143,0.06499637523560968,0.0623207816815999,4453.95147228241,MAD/Feature_Plots/MAD_May_26/175_MITDB_id_6_Medical_tr_27274_1st_27374/MAD_May_26_per_feature_artifacts_details.json
024_NAB_id_24_Synthetic_tr_1007_1st_2787.csv,0.35251671708403415,0.6288525799637054,-0.06483877782856284,-0.6474824197949094,0.417355494912597,0.9999991368789436,0.3518274309771783,0.6286549707602339,0.9820920024267508,0.5773710482529119,0.9999999999999996,1.0,0.40929907022599954,84.70713233947754,MAD/Feature_Plots/MAD_May_26/024_NAB_id_24_Synthetic_tr_1007_1st_2787/MAD_May_26_per_feature_artifacts_details.json
233_MGAB_id_9_Synthetic_tr_25000_1st_41300.csv,0.0023741146478282317,0.5000937427636148,-0.06433903679061738,-0.6741990076257707,0.06671315143844561,0.6765731222735989,0.002,0.5,,0.0,0.0,0.0,0.003991976127982754,173.39404368400574,MAD/Feature_Plots/MAD_May_26/233_MGAB_id_9_Synthetic_tr_25000_1st_41300/MAD_May_26_per_feature_artifacts_details.json
857_OPPORTUNITY_id_16_HumanActivity_tr_500_1st_566.csv,0.31916329670966875,0.9180554842557256,0.04003413793072036,-0.6196771863005579,0.2791291587789484,0.9388404830102266,0.3174529087426374,0.9177796467690916,0.9241495107311335,0.02759532973043705,0.4822942643391517,0.4822942643391521,0.4822906044630688,423.784791469574,MAD/Feature_Plots/MAD_May_26/857_OPPORTUNITY_id_16_HumanActivity_tr_500_1st_566/MAD_May_26_per_feature_artifacts_details.json
499_UCR_id_197_Environment_tr_2046_1st_5703.csv,0.003389680654726578,0.4776269132559513,-0.079272608811951,-0.6659162221438196,0.08266228946667759,0.6693059027985462,0.002932551319648094,0.4775122549019608,0.8497499308877889,0.0,0.0,0.0,0.005847894908416263,338.384220123291,MAD/Feature_Plots/MAD_May_26/499_UCR_id_197_Environment_tr_2046_1st_5703/MAD_May_26_per_feature_artifacts_details.json
445_UCR_id_143_Environment_tr_6166_1st_19280.csv,0.03258449064886531,0.8689787751839045,-0.04676211479606287,-0.6384334028538627,0.07934660544492818,0.671017893502728,0.03261098755160274,0.8689530032235688,0.8131440831393417,0.09237379162191191,0.09448818897637785,0.8648648648648649,0.06653919242082858,319.1620190143585,MAD/Feature_Plots/MAD_May_26/445_UCR_id_143_Environment_tr_6166_1st_19280/MAD_May_26_per_feature_artifacts_details.json
546_SMAP_id_16_Sensor_tr_2117_1st_4770.csv,0.021070420718572368,0.618503127076211,-0.24349878652385418,-0.9382957456768842,0.26456920724242655,0.9593661663954566,0.020429965265786755,0.6104015610211977,0.7643019821723783,0.12222496668195722,0.05441870924218569,0.23563777994157742,0.05441817986722261,303.192364692688,MAD/Feature_Plots/MAD_May_26/546_SMAP_id_16_Sensor_tr_2117_1st_4770/MAD_May_26_per_feature_artifacts_details.json
827_Exathlon_id_18_Facility_tr_10766_1st_12590.csv,0.969403574156316,0.9845255927092513,0.3770810127898119,-0.025479313062723663,0.5923225613665041,0.9948828872190396,0.9720837331107098,0.9864107810007828,0.9995301836504173,0.9870521482824787,0.9975499434602332,0.9976146788990826,0.9841898686078298,387.23934745788574,MAD/Feature_Plots/MAD_May_26/827_Exathlon_id_18_Facility_tr_10766_1st_12590/MAD_May_26_per_feature_artifacts_details.json
824_Exathlon_id_15_Facility_tr_10766_1st_12590.csv,0.969403574156316,0.9845255927092513,0.37747920493394116,-0.025403950420505028,0.5919243692223748,0.994807524576821,0.9720837331107098,0.9864107810007828,0.9995301836504173,0.9870521482824787,0.9975499434602332,0.9976146788990826,0.9841898686078298,382.8728368282318,MAD/Feature_Plots/MAD_May_26/824_Exathlon_id_15_Facility_tr_10766_1st_12590/MAD_May_26_per_feature_artifacts_details.json
831_Exathlon_id_22_Facility_tr_11665_1st_13484.csv,0.42908823771798055,0.7053240358405329,-0.08618524258789284,-0.4962875927118471,0.5152734803058734,0.9253758304298276,0.6110632717748868,0.8104267699647479,0.797926960456706,0.7540217280540799,0.7792759316275607,0.786793953858393,0.7512746243985283,541.2544267177582,MAD/Feature_Plots/MAD_May_26/831_Exathlon_id_22_Facility_tr_11665_1st_13484/MAD_May_26_per_feature_artifacts_details.json
834_Exathlon_id_25_Facility_tr_11665_1st_13484.csv,0.42908823771798055,0.7053240358405329,-0.0714204732989483,-0.4951455762541801,0.5005087110169288,0.9242338139721606,0.6110632717748868,0.8104267699647479,0.797926960456706,0.7540217280540799,0.7792759316275607,0.786793953858393,0.7512746243985283,521.8617718219757,MAD/Feature_Plots/MAD_May_26/834_Exathlon_id_25_Facility_tr_11665_1st_13484/MAD_May_26_per_feature_artifacts_details.json
840_Exathlon_id_31_Facility_tr_10766_1st_12590.csv,0.9281109649538944,0.9641943901604066,0.3327249078295854,-0.06503144172270792,0.595386057124309,0.9931424066766024,0.9279707455150956,0.9640418640949256,0.9976818164550069,0.8145171966764861,0.9954128440366966,0.9975231630125676,0.9465598885941917,2829.509225845337,MAD/Feature_Plots/MAD_May_26/840_Exathlon_id_31_Facility_tr_10766_1st_12590/MAD_May_26_per_feature_artifacts_details.json
826_Exathlon_id_17_Facility_tr_11665_1st_13484.csv,0.42908823771798055,0.7053240358405329,-0.08746297243428591,-0.4944279446379346,0.5165512101522665,0.9235161823559151,0.6110632717748868,0.8104267699647479,0.797926960456706,0.7540217280540799,0.7792759316275607,0.786793953858393,0.7512746243985283,521.9209091663361,MAD/Feature_Plots/MAD_May_26/826_Exathlon_id_17_Facility_tr_11665_1st_13484/MAD_May_26_per_feature_artifacts_details.json
820_Exathlon_id_11_Facility_tr_11665_1st_13484.csv,0.42908823771798055,0.7053240358405329,-0.07329189622411525,-0.49429106002157985,0.5023801339420958,0.9233792977395604,0.6110632717748868,0.8104267699647479,0.797926960456706,0.7540217280540799,0.7792759316275607,0.786793953858393,0.7512746243985283,515.8972113132477,MAD/Feature_Plots/MAD_May_26/820_Exathlon_id_11_Facility_tr_11665_1st_13484/MAD_May_26_per_feature_artifacts_details.json
849_OPPORTUNITY_id_8_HumanActivity_tr_1100_1st_1200.csv,0.9180603763757518,0.9984352563273817,0.7477173714485762,-0.07885089164374282,0.17034300492717558,0.9969112680194946,0.9193819538908344,0.9983096475153663,0.9911695342257667,0.18790058386824265,0.9654591406908166,0.9673826571201273,0.937801874124283,345.4932041168213,MAD/Feature_Plots/MAD_May_26/849_OPPORTUNITY_id_8_HumanActivity_tr_1100_1st_1200/MAD_May_26_per_feature_artifacts_details.json
236_SED_id_3_Medical_tr_3740_1st_3840.csv,0.4549225918514049,0.7174439111007817,0.20454176924787543,-0.42247919076205903,0.25038082260352945,0.8774017826134639,0.43153676454669476,0.7171330774098571,0.9697589455847028,0.6160770703865548,0.9395973154362409,0.9542066027689031,0.5926909824583627,206.22993969917297,MAD/Feature_Plots/MAD_May_26/236_SED_id_3_Medical_tr_3740_1st_3840/MAD_May_26_per_feature_artifacts_details.json
439_UCR_id_137_HumanActivity_tr_48750_1st_110800.csv,0.0004718701045691915,0.7054204143125037,-0.1335806515681543,-0.6458923097190201,0.1340525216727235,0.6463641798235893,8.701402666109778e-06,0.7053241298673327,0.6368674683175557,1.740265390472047e-05,1.740265390472045e-05,1.740265390472047e-05,1.7402479881435903e-05,314.2273986339569,MAD/Feature_Plots/MAD_May_26/439_UCR_id_137_HumanActivity_tr_48750_1st_110800/MAD_May_26_per_feature_artifacts_details.json
301_TODS_id_15_Synthetic_tr_500_1st_245.csv,0.09202352673585655,0.38353715472370475,-0.26588454999846256,-0.6795050386587729,0.3579080767343191,0.7715285653946294,0.0813536100024815,0.3845512513948669,0.7132787721297348,0.5679423514065947,0.17219655606887843,0.17325163743925628,0.17219498237596953,370.1549220085144,MAD/Feature_Plots/MAD_May_26/301_TODS_id_15_Synthetic_tr_500_1st_245/MAD_May_26_per_feature_artifacts_details.json
006_NAB_id_6_Traffic_tr_2579_1st_5839.csv,0.1418174239258492,0.5180286615546588,-0.14018200796272204,-0.6987807035237955,0.28199943188857124,0.8405981274496447,0.14757902169491247,0.5309629721760888,0.6872930242150694,0.2778187954857083,0.7252747252747247,0.7495451788963008,0.1815121393746002,74.09303975105286,MAD/Feature_Plots/MAD_May_26/006_NAB_id_6_Traffic_tr_2579_1st_5839/MAD_May_26_per_feature_artifacts_details.json
319_UCR_id_17_Environment_tr_6166_1st_19280.csv,0.006787302012556284,0.5282591711930364,-0.06865984039869703,-0.6438074908903703,0.07544714241125332,0.6505947929029265,0.006664073346175921,0.5282281593014241,0.6985614779851689,0.03070481507327286,0.019132653061224473,0.463768115942029,0.01837016439713219,342.1254413127899,MAD/Feature_Plots/MAD_May_26/319_UCR_id_17_Environment_tr_6166_1st_19280/MAD_May_26_per_feature_artifacts_details.json
346_UCR_id_44_Medical_tr_7456_1st_17390.csv,0.004484045680891917,0.5000314983853028,-0.08324354225606027,-0.6415623329637163,0.08772758793695219,0.6460463786446082,0.004358613290417757,0.5,,0.0,0.0,0.0,0.00867931003167946,61.00932168960571,MAD/Feature_Plots/MAD_May_26/346_UCR_id_44_Medical_tr_7456_1st_17390/MAD_May_26_per_feature_artifacts_details.json
797_YAHOO_id_247_Synthetic_tr_500_1st_893.csv,0.003336485910121265,0.4214346203303057,-0.132052185544422,-0.6391149327618869,0.13538867145454325,0.6424514186720082,0.0007037297677691766,0.42077464788732394,0.8093816888782396,0.0,0.0,0.0,0.0014064557062337653,117.49554014205933,MAD/Feature_Plots/MAD_May_26/797_YAHOO_id_247_Synthetic_tr_500_1st_893/MAD_May_26_per_feature_artifacts_details.json
281_NEK_id_5_WebService_tr_500_1st_974.csv,0.28097235591128966,0.8626780195061922,-0.18592473902888473,-0.7146176066779512,0.4668970949401744,0.9955899625892408,0.27430679585851997,0.8563797877249655,0.9123480532085871,0.3183391003460208,0.7999999999999995,0.9943502824858758,0.38724053032681205,127.79612350463867,MAD/Feature_Plots/MAD_May_26/281_NEK_id_5_WebService_tr_500_1st_974/MAD_May_26_per_feature_artifacts_details.json
282_NEK_id_6_WebService_tr_500_1st_64.csv,0.21649326460574486,0.8674122357454798,-0.07064709257977642,-0.5575860426172985,0.2871403571855213,0.7740793072230434,0.19188501653878168,0.8250196448216249,0.7512034213455177,0.22344922720440163,0.4318181818181815,0.7325581395348837,0.3367303316891633,186.59323358535767,MAD/Feature_Plots/MAD_May_26/282_NEK_id_6_WebService_tr_500_1st_64/MAD_May_26_per_feature_artifacts_details.json
249_SVDB_id_13_Medical_tr_50000_1st_54982.csv,0.06849011065458961,0.6039443139110533,-0.12217939644379451,-0.6023562555695192,0.19066950709838412,0.6708463662241089,0.0826339857553474,0.7152409134864949,0.598692863436667,0.05810452042329037,0.23529411764705854,0.2613716948637423,0.1727732145031758,1813.663114309311,MAD/Feature_Plots/MAD_May_26/249_SVDB_id_13_Medical_tr_50000_1st_54982/MAD_May_26_per_feature_artifacts_details.json
467_UCR_id_165_Environment_tr_6166_1st_19280.csv,0.015731759663145325,0.5785909311978252,-0.04170136353476378,-0.5990342699413425,0.05743312319790911,0.6147660296044878,0.016179946277798167,0.5785976965764884,0.7939560229853961,0.09007506255212677,0.1454545454545453,0.9014084507042254,0.08959619088194194,130.99026823043823,MAD/Feature_Plots/MAD_May_26/467_UCR_id_165_Environment_tr_6166_1st_19280/MAD_May_26_per_feature_artifacts_details.json
273_IOPS_id_14_WebService_tr_5569_1st_5669.csv,0.1046742838974316,0.6172173457314983,-0.011951532502642762,-0.5341060161417668,0.11662581640007436,0.6387803000391984,0.057996830169356334,0.5475748454282161,0.6473441553705541,0.5175162076964253,0.5909090909090904,0.18396226415094338,0.1497081532382011,659.538925409317,MAD/Feature_Plots/MAD_May_26/273_IOPS_id_14_WebService_tr_5569_1st_5669/MAD_May_26_per_feature_artifacts_details.json
181_SMD_id_4_Facility_tr_5000_1st_15144.csv,0.09657148336900251,0.686445872789472,-0.25970083251131465,-0.6704205048055443,0.35627231588031716,0.7669919881745467,0.07883904584037432,0.6425375598423956,0.8110717065793689,0.3117598838147014,0.22448979591836715,0.9711229946524064,0.16126369028337087,441.1638948917389,MAD/Feature_Plots/MAD_May_26/181_SMD_id_4_Facility_tr_5000_1st_15144/MAD_May_26_per_feature_artifacts_details.json
185_SMD_id_8_Facility_tr_5000_1st_15144.csv,0.1578704585590333,0.6004208000918398,-0.2147683191939025,-0.5918157695265103,0.3726387777529358,0.7496862280855435,0.1802613736378044,0.6430626950329081,0.7486485572120527,0.39241057066537377,0.6238532110091738,0.5364291433146517,0.36520105521357576,272.07682824134827,MAD/Feature_Plots/MAD_May_26/185_SMD_id_8_Facility_tr_5000_1st_15144/MAD_May_26_per_feature_artifacts_details.json
541_SMAP_id_11_Sensor_tr_1832_1st_5300.csv,0.5631556820266408,0.7675750987302383,0.2125773531361197,-0.41222899586858164,0.3505783288905211,0.9753846778952224,0.5597683716633053,0.7666684286855815,0.9970627102272708,0.36050501002004015,0.9979123173277656,0.9988851727982163,0.6947628988939568,319.75053119659424,MAD/Feature_Plots/MAD_May_26/541_SMAP_id_11_Sensor_tr_1832_1st_5300/MAD_May_26_per_feature_artifacts_details.json
250_SVDB_id_14_Medical_tr_50000_1st_107354.csv,0.04957937574911639,0.531460371164553,-0.1552725970073622,-0.6065176349428432,0.2048519727564786,0.6560970106919596,0.0934117501740927,0.8352783178602058,0.4939978182272747,0.0628649279875438,0.2812499999999997,0.9435009797517963,0.17767354211510478,943.8017029762268,MAD/Feature_Plots/MAD_May_26/250_SVDB_id_14_Medical_tr_50000_1st_107354/MAD_May_26_per_feature_artifacts_details.json
222_LTDB_id_7_Medical_tr_3618_1st_3718.csv,0.19012570853188784,0.5253688558764952,-0.3622093536234029,-0.8033467117915862,0.5523350621552907,0.993472420323474,0.2254125581808079,0.5500926337793302,0.5898496781490806,0.27932077594638255,0.6376499124107258,0.6825530407051424,0.2575490930633723,1719.7416565418243,MAD/Feature_Plots/MAD_May_26/222_LTDB_id_7_Medical_tr_3618_1st_3718/MAD_May_26_per_feature_artifacts_details.json
496_UCR_id_194_Environment_tr_2046_1st_5391.csv,0.0005793189733971552,0.4929653685999245,-0.06157290054296429,-0.5793861828279622,0.06215221951636145,0.5799655018013593,0.00012218963831867058,0.4928510326286203,0.4549645018199461,0.0,0.0,0.0,0.00024434697649889346,343.7752389907837,MAD/Feature_Plots/MAD_May_26/496_UCR_id_194_Environment_tr_2046_1st_5391/MAD_May_26_per_feature_artifacts_details.json
545_SMAP_id_15_Sensor_tr_1173_1st_2750.csv,0.6030301758441571,0.9078879152531452,0.19564975119811923,-0.36758413212366836,0.40738042464603785,0.9706143079678254,0.5959657365067175,0.8474584146454791,0.9994879201406228,0.8028169014084507,0.9999999999999996,1.0,0.7407360768469234,105.35377860069275,MAD/Feature_Plots/MAD_May_26/545_SMAP_id_15_Sensor_tr_1173_1st_2750/MAD_May_26_per_feature_artifacts_details.json
203_SMD_id_26_Facility_tr_7174_1st_21230.csv,0.02933091869437447,0.5100864512280018,-0.22155774687966576,-0.8108003917697653,0.2508886655740402,0.8401313104641397,0.3711266850638506,0.6917244236880703,0.7971549930076964,0.4479486878642106,0.7999999999999995,0.9846153846153847,0.5277734809377602,87.49680590629578,MAD/Feature_Plots/MAD_May_26/203_SMD_id_26_Facility_tr_7174_1st_21230/MAD_May_26_per_feature_artifacts_details.json
382_UCR_id_80_Medical_tr_7500_1st_11800.csv,0.07586351026690975,0.6468041030545323,-0.09889898373726007,-0.6665443793187111,0.17476249400416982,0.7424078895856209,0.0803069707389178,0.6562240179573513,0.7817924725683741,0.21669341894060995,0.41095890410958874,0.8746355685131195,0.23222290613474694,568.5774300098419,MAD/Feature_Plots/MAD_May_26/382_UCR_id_80_Medical_tr_7500_1st_11800/MAD_May_26_per_feature_artifacts_details.json
272_IOPS_id_13_WebService_tr_3442_1st_3542.csv,0.4158520054134811,0.7242302026820545,0.14042390284536888,-0.46055332588165343,0.27542810256811223,0.8764053312951345,0.42414384001527583,0.7674172655680618,0.7199208283608236,0.5724125276073172,0.7159533073929956,0.6993865030674846,0.517452564395577,1252.093623638153,MAD/Feature_Plots/MAD_May_26/272_IOPS_id_13_WebService_tr_3442_1st_3542/MAD_May_26_per_feature_artifacts_details.json
043_WSD_id_15_WebService_tr_4521_1st_6828.csv,0.17081221637803037,0.6675966811151598,0.07674198337930527,-0.4372844632309144,0.0940702329987251,0.6080966796089448,0.5,0.9998340616184523,0.8943008517987291,0.6666666666666666,0.6666666666666662,0.8571428571428571,0.6666622222518517,75.31135940551758,MAD/Feature_Plots/MAD_May_26/043_WSD_id_15_WebService_tr_4521_1st_6828/MAD_May_26_per_feature_artifacts_details.json
297_TODS_id_11_Synthetic_tr_500_1st_7.csv,0.10654706227000031,0.5933697421854425,-0.340326212229007,-0.5700216411740032,0.4468732744990073,0.6765687034440035,0.09428860773778987,0.6784460389647977,0.6484788238003045,0.378564956958269,0.20937752627324144,0.22152395915161036,0.2097773728245316,90.47956776618958,MAD/Feature_Plots/MAD_May_26/297_TODS_id_11_Synthetic_tr_500_1st_7/MAD_May_26_per_feature_artifacts_details.json
278_NEK_id_2_WebService_tr_500_1st_64.csv,0.34601883627651575,0.7284834301176989,0.0662673103183431,-0.5451297195710586,0.27975152595817265,0.8911485558475744,0.3579094886345333,0.740163308913309,0.8791256378568715,0.41307436282310656,0.8759124087591236,0.9846153846153847,0.4190429025474172,185.96192812919617,MAD/Feature_Plots/MAD_May_26/278_NEK_id_2_WebService_tr_500_1st_64/MAD_May_26_per_feature_artifacts_details.json
829_Exathlon_id_20_Facility_tr_10766_1st_12590.csv,0.15644897738243965,0.5287613622168781,-0.2960948059795694,-0.7575296283467023,0.452543783362009,0.913978605729142,0.18015179220066074,0.5543287732955058,0.6866238683026609,0.3202071195278548,0.6787878787878783,0.7961508682667846,0.2241903274064202,103.2068338394165,MAD/Feature_Plots/MAD_May_26/829_Exathlon_id_20_Facility_tr_10766_1st_12590/MAD_May_26_per_feature_artifacts_details.json
839_Exathlon_id_30_Facility_tr_10766_1st_12590.csv,0.15644897738243965,0.5287613622168781,-0.2982505290245986,-0.7575296283467023,0.45469950640703827,0.913978605729142,0.18015179220066074,0.5543287732955058,0.6866238683026609,0.3202071195278548,0.6787878787878783,0.7961508682667846,0.2241903274064202,89.30843806266785,MAD/Feature_Plots/MAD_May_26/839_Exathlon_id_30_Facility_tr_10766_1st_12590/MAD_May_26_per_feature_artifacts_details.json
816_Exathlon_id_7_Facility_tr_10766_1st_12590.csv,0.15644897738243965,0.5287613622168781,-0.300703021844805,-0.7575296283467023,0.4571519992272447,0.913978605729142,0.18015179220066074,0.5543287732955058,0.6866238683026609,0.3202071195278548,0.6787878787878783,0.7961508682667846,0.2241903274064202,94.06146097183228,MAD/Feature_Plots/MAD_May_26/816_Exathlon_id_7_Facility_tr_10766_1st_12590/MAD_May_26_per_feature_artifacts_details.json
832_Exathlon_id_23_Facility_tr_10766_1st_12590.csv,0.15644897738243965,0.5287613622168781,-0.30350459932453444,-0.7575296283467023,0.4599535767069741,0.913978605729142,0.18015179220066074,0.5543287732955058,0.6866238683026609,0.3202071195278548,0.6787878787878783,0.7961508682667846,0.2241903274064202,96.48927640914917,MAD/Feature_Plots/MAD_May_26/832_Exathlon_id_23_Facility_tr_10766_1st_12590/MAD_May_26_per_feature_artifacts_details.json
814_Exathlon_id_5_Facility_tr_10766_1st_12590.csv,0.9559326393255811,0.9863484737951503,0.2516905996403831,-0.04036025822531508,0.704242039685198,0.9962928975508962,0.9544745472844577,0.9859946464439442,0.9938804731279912,0.055123550809680455,0.9868103288129291,0.9871096586782862,0.975479344909723,160.34192657470703,MAD/Feature_Plots/MAD_May_26/814_Exathlon_id_5_Facility_tr_10766_1st_12590/MAD_May_26_per_feature_artifacts_details.json
811_Exathlon_id_2_Facility_tr_10766_1st_12590.csv,0.9559326393255811,0.9863484737951503,0.23652957181306822,-0.04029628886722669,0.7194030675125129,0.9962289281928078,0.9544745472844577,0.9859946464439442,0.9938804731279912,0.055123550809680455,0.9868103288129291,0.9871096586782862,0.975479344909723,191.11692667007446,MAD/Feature_Plots/MAD_May_26/811_Exathlon_id_2_Facility_tr_10766_1st_12590/MAD_May_26_per_feature_artifacts_details.json
258_TAO_id_2_Environment_tr_500_1st_4.csv,0.45947351804721526,0.6270752419611925,-0.49616034563662714,-0.5404455059548156,0.9556338636838424,0.9999190240020308,0.138,0.5,,0.0,0.0,0.0,0.24252862452878274,5007.967993736267,MAD/Feature_Plots/MAD_May_26/258_TAO_id_2_Environment_tr_500_1st_4/MAD_May_26_per_feature_artifacts_details.json
532_SMAP_id_2_Sensor_tr_2075_1st_5550.csv,0.07767531941252857,0.7078416657155717,-0.07318021617439956,-0.5729808396473433,0.15085553558692813,0.6506561590598718,0.09398637966692064,0.7205047941433302,0.9855650249239604,0.5279996757395151,0.9999999999999996,1.0,0.1834963014116199,72.630131483078,MAD/Feature_Plots/MAD_May_26/532_SMAP_id_2_Sensor_tr_2075_1st_5550/MAD_May_26_per_feature_artifacts_details.json
017_NAB_id_17_Synthetic_tr_1007_1st_1805.csv,0.10065520875174455,0.5002579275261598,-0.21416446304777287,-0.7778411367999019,0.3148196717995174,0.8784963455516464,0.09972711485983626,0.5,,0.0,0.0,0.0,0.1813653708914729,307.30354380607605,MAD/Feature_Plots/MAD_May_26/017_NAB_id_17_Synthetic_tr_1007_1st_1805/MAD_May_26_per_feature_artifacts_details.json
828_Exathlon_id_19_Facility_tr_11663_1st_13482.csv,0.16247043156633734,0.6235307374286625,-0.29942778974370554,-0.7694421192366815,0.4618982213100429,0.9319125508030188,0.16801403201001588,0.6291668711708245,0.8617046403031359,0.3404446715487297,0.7968749999999994,0.9969563747040919,0.33150837275174666,773.5320882797241,MAD/Feature_Plots/MAD_May_26/828_Exathlon_id_19_Facility_tr_11663_1st_13482/MAD_May_26_per_feature_artifacts_details.json
266_IOPS_id_7_WebService_tr_4010_1st_4110.csv,0.048510935090553084,0.5376781516569009,-0.02587314213041761,-0.5715402703800979,0.07438407722097069,0.620051205470651,0.06746439685667475,0.5634083031758603,0.6642562331673713,0.5717300987354977,0.6436192915066149,0.2380664652567976,0.17320252802275296,2201.180995941162,MAD/Feature_Plots/MAD_May_26/266_IOPS_id_7_WebService_tr_4010_1st_4110/MAD_May_26_per_feature_artifacts_details.json
208_SMD_id_31_Facility_tr_5000_1st_15144.csv,0.2095199555279638,0.6065846756911412,-0.17226205587726437,-0.528456759332341,0.38178201140522816,0.7379767148603048,0.2270273798764614,0.6214449902212427,0.9302778544592902,0.5036357950851682,0.9374999999999994,0.9988998899889989,0.3711644585090998,359.65824031829834,MAD/Feature_Plots/MAD_May_26/208_SMD_id_31_Facility_tr_5000_1st_15144/MAD_May_26_per_feature_artifacts_details.json
603_YAHOO_id_53_Synthetic_tr_500_1st_893.csv,1.0,1.0,0.584596727260869,0.0,0.41540327273913097,1.0,1.0,1.0,0.9999999999999996,1.0,0.9999999999999996,1.0,0.9999950000249999,49.6941864490509,MAD/Feature_Plots/MAD_May_26/603_YAHOO_id_53_Synthetic_tr_500_1st_893/MAD_May_26_per_feature_artifacts_details.json
551_YAHOO_id_1_Synthetic_tr_500_1st_893.csv,1.0,1.0,0.6339125634154414,0.0,0.3660874365845585,1.0,1.0,1.0,0.9999999999999996,1.0,0.9999999999999996,1.0,0.9999950000249999,64.32483315467834,MAD/Feature_Plots/MAD_May_26/551_YAHOO_id_1_Synthetic_tr_500_1st_893/MAD_May_26_per_feature_artifacts_details.json
246_SVDB_id_10_Medical_tr_20100_1st_68460.csv,0.006959079036660784,0.500220416369682,-0.10563647318693466,-0.5009585098037971,0.11259555222359544,0.5079175888404579,0.009253925535863003,0.5145840147304651,0.5115374652673442,0.09859154929577466,0.19999999999999954,0.33126934984520123,0.044732674384149386,411.6617548465729,MAD/Feature_Plots/MAD_May_26/246_SVDB_id_10_Medical_tr_20100_1st_68460/MAD_May_26_per_feature_artifacts_details.json
147_MSL_id_8_Sensor_tr_590_1st_690.csv,0.19684700702636987,0.6559781814353245,-0.05035346213543676,-0.44762918643302757,0.24720046916180663,0.6444761934593974,0.13838550247116968,0.6398071625344353,0.7212384205252695,0.12942989214175654,0.24312590448625154,0.24312590448625182,0.24312376879699474,54.202473402023315,MAD/Feature_Plots/MAD_May_26/147_MSL_id_8_Sensor_tr_590_1st_690/MAD_May_26_per_feature_artifacts_details.json
231_MGAB_id_7_Synthetic_tr_25000_1st_35544.csv,0.0023741146478282317,0.5000937427636148,-0.03098559854746949,-0.4922959208811137,0.03335971319529772,0.4946700355289419,0.002,0.5,,0.0,0.0,0.0,0.003991976127982754,170.8527476787567,MAD/Feature_Plots/MAD_May_26/231_MGAB_id_7_Synthetic_tr_25000_1st_35544/MAD_May_26_per_feature_artifacts_details.json
294_TODS_id_8_Synthetic_tr_500_1st_200.csv,0.1535203729167871,0.5946507620471109,-0.25591052498742556,-0.6352864219308085,0.40943089790421267,0.7888067948475956,0.1414090851306228,0.6410310493908031,0.7910400671994071,0.36061967231318426,0.30468562274729644,0.40952778938570833,0.2854534634334049,104.09565114974976,MAD/Feature_Plots/MAD_May_26/294_TODS_id_8_Synthetic_tr_500_1st_200/MAD_May_26_per_feature_artifacts_details.json
741_YAHOO_id_191_WebService_tr_500_1st_1114.csv,0.3938696923009593,0.7232714533302695,0.17432693877099242,-0.4879525836849919,0.21954275352996688,0.8818222759859512,0.5005952380952381,0.7485101311084625,0.6666666666666662,0.6666666666666666,0.6666666666666662,0.6666666666666666,0.6666622222518517,56.781410932540894,MAD/Feature_Plots/MAD_May_26/741_YAHOO_id_191_WebService_tr_500_1st_1114/MAD_May_26_per_feature_artifacts_details.json
225_MGAB_id_1_Synthetic_tr_25000_1st_38478.csv,0.0023741146478282317,0.5000937427636148,-0.02517983671605592,-0.4842519048336043,0.027553951363884152,0.4866260194814325,0.002,0.5,,0.0,0.0,0.0,0.003991976127982754,143.60421752929688,MAD/Feature_Plots/MAD_May_26/225_MGAB_id_1_Synthetic_tr_25000_1st_38478/MAD_May_26_per_feature_artifacts_details.json
058_WSD_id_30_WebService_tr_1136_1st_1236.csv,0.12556336384999434,0.562544903625395,0.017337330461573777,-0.6109699478112508,0.10822603338842056,0.7365333116612451,0.7322525303167988,0.8749897136273864,0.9999691534683492,0.8275862068965518,0.9999999999999996,1.0,0.7999950222531947,59.9762909412384,MAD/Feature_Plots/MAD_May_26/058_WSD_id_30_WebService_tr_1136_1st_1236/MAD_May_26_per_feature_artifacts_details.json
274_IOPS_id_15_WebService_tr_4591_1st_4691.csv,0.14821885311440258,0.5994408763565982,-0.09339029361413023,-0.5252514965788271,0.24160914672853281,0.6734703496932296,0.14688363856943815,0.6555480068883026,0.615751696840975,0.4804592656185097,0.44830099164141535,0.615515114127082,0.3544855674981713,1577.5491073131561,MAD/Feature_Plots/MAD_May_26/274_IOPS_id_15_WebService_tr_4591_1st_4691/MAD_May_26_per_feature_artifacts_details.json
550_SWaT_id_1_Sensor_tr_43700_1st_43800.csv,0.21086505973651554,0.45868217197535,-0.028589501843130583,-0.4709040930798544,0.23945456157964612,0.68176915281637,0.3909183808355784,0.6026303091494392,0.6833016920003172,0.14814013207552829,0.4327835551430342,0.838758452685959,0.5127290664925548,3395.413016796112,MAD/Feature_Plots/MAD_May_26/550_SWaT_id_1_Sensor_tr_43700_1st_43800/MAD_May_26_per_feature_artifacts_details.json
169_Daphnet_id_1_HumanActivity_tr_9693_1st_20732.csv,0.18143206587063013,0.8180929098562527,-0.027734021717547602,-0.3381529808018088,0.20916608758817773,0.5195850466724389,0.17875548611959163,0.8153598359611643,0.7694793919795899,0.021084006875617154,0.339001349527665,0.38565097416171923,0.3265981709946075,1059.5970661640167,MAD/Feature_Plots/MAD_May_26/169_Daphnet_id_1_HumanActivity_tr_9693_1st_20732/MAD_May_26_per_feature_artifacts_details.json
221_LTDB_id_6_Medical_tr_500_1st_26.csv,0.32531902896719217,0.4882072003932317,-0.14295247099411706,-0.45589329635418313,0.46827149996130923,0.7812123253213753,0.3222889055980785,0.508482690982531,0.510518302100702,0.18096209110279232,0.45074077426752307,0.6090443210326565,0.47983521578523325,937.8251807689667,MAD/Feature_Plots/MAD_May_26/221_LTDB_id_6_Medical_tr_500_1st_26/MAD_May_26_per_feature_artifacts_details.json
276_IOPS_id_17_WebService_tr_19197_1st_19297.csv,0.026801930669728833,0.4176420360610857,-0.12765027018861594,-0.4626049727147871,0.15445220085834477,0.489406903384516,0.04382891074667784,0.4527970045329289,0.6697603904437457,0.4854482792960934,0.2512768130745656,0.3902591320636903,0.05483948111857984,166.86220121383667,MAD/Feature_Plots/MAD_May_26/276_IOPS_id_17_WebService_tr_19197_1st_19297/MAD_May_26_per_feature_artifacts_details.json
023_NAB_id_23_Facility_tr_4512_1st_16551.csv,0.09616125596777789,0.5448099488068835,-0.21216464283667194,-0.5939106931832588,0.3083258988044498,0.6900719491510368,0.09607539781506874,0.5447865395457291,0.5663968504084391,0.40280656992505187,0.2747194013896309,0.6882609694463588,0.16516210221377028,87.314120054245,MAD/Feature_Plots/MAD_May_26/023_NAB_id_23_Facility_tr_4512_1st_16551/MAD_May_26_per_feature_artifacts_details.json
848_OPPORTUNITY_id_7_HumanActivity_tr_1477_1st_1577.csv,0.09465118348352318,0.6327128344241078,0.0023367858542632652,-0.6403794117052526,0.09231439762925991,0.7350305951887758,0.09676895373994163,0.6329653331498349,0.9102219256396925,0.24606146505205842,0.5666666666666662,0.9826302729528535,0.26375940569608386,113.30926251411438,MAD/Feature_Plots/MAD_May_26/848_OPPORTUNITY_id_7_HumanActivity_tr_1477_1st_1577/MAD_May_26_per_feature_artifacts_details.json
516_UCR_id_214_HumanActivity_tr_2108_1st_4702.csv,0.0010366634817697248,0.4518732172599968,-0.05367287001514475,-0.45151759075557907,0.05470953349691447,0.4525542542373488,0.0005929791271347248,0.45004153316720064,0.7388787494769914,0.0,0.0,0.0,0.0011852435771318687,346.2289321422577,MAD/Feature_Plots/MAD_May_26/516_UCR_id_214_HumanActivity_tr_2108_1st_4702/MAD_May_26_per_feature_artifacts_details.json
263_IOPS_id_4_WebService_tr_3482_1st_3582.csv,0.1866859807760143,0.83026117720819,-0.06257096903161816,-0.6216459710521707,0.24925694980763247,0.808331951828185,0.13247565365116168,0.776893739855083,0.8457539920802793,0.49230432173789923,0.4131645569620248,0.6756440281030445,0.2573173265781387,1115.2356231212616,MAD/Feature_Plots/MAD_May_26/263_IOPS_id_4_WebService_tr_3482_1st_3582/MAD_May_26_per_feature_artifacts_details.json
220_LTDB_id_5_Medical_tr_500_1st_26.csv,0.43540476404210043,0.6041306625468063,-0.02527720923667276,-0.3509262033791691,0.4606819732787732,0.7863309674212695,0.4283315674570296,0.6018680098846341,0.8227013263451797,0.3994505255658398,0.783636270132123,0.9769877747553388,0.47983521578523325,881.527220249176,MAD/Feature_Plots/MAD_May_26/220_LTDB_id_5_Medical_tr_500_1st_26/MAD_May_26_per_feature_artifacts_details.json
009_NAB_id_9_Traffic_tr_500_1st_438.csv,0.3163360013683085,0.7295690249762995,0.12226030832428819,-0.43477778896469405,0.19407569304402028,0.7511137903330025,0.312519900477954,0.7256581452918214,0.881357889424294,0.22476975090350912,0.7462686567164173,0.9133192389006343,0.4385918375378361,251.81742024421692,MAD/Feature_Plots/MAD_May_26/009_NAB_id_9_Traffic_tr_500_1st_438/MAD_May_26_per_feature_artifacts_details.json
173_MITDB_id_4_Medical_tr_13620_1st_13720.csv,0.10678762995265854,0.4149084172273756,-0.10633698051216402,-0.45721416259433956,0.21312461046482256,0.5640017925469981,0.11027123859240462,0.5326496297485301,0.47424982779433084,0.09479045808873036,0.18546868459486618,0.189799478174196,0.18608363326605631,4909.319440603256,MAD/Feature_Plots/MAD_May_26/173_MITDB_id_4_Medical_tr_13620_1st_13720/MAD_May_26_per_feature_artifacts_details.json
724_YAHOO_id_174_WebService_tr_500_1st_1030.csv,0.27631702792544355,0.7703048176119272,0.047617303296137226,-0.5674450160440033,0.22869972462930632,0.8437620439694469,0.3011904761904762,0.791223880597015,0.7158705003395964,0.5454545454545455,0.5454545454545449,0.5454545454545454,0.5454495868219379,122.33721470832825,MAD/Feature_Plots/MAD_May_26/724_YAHOO_id_174_WebService_tr_500_1st_1030/MAD_May_26_per_feature_artifacts_details.json
229_MGAB_id_5_Synthetic_tr_25000_1st_33098.csv,0.0023741146478282317,0.5000937427636148,-0.028795721154556107,-0.42573994373712326,0.03116983580238434,0.4281140583849515,0.002,0.5,,0.0,0.0,0.0,0.003991976127982754,187.97145700454712,MAD/Feature_Plots/MAD_May_26/229_MGAB_id_5_Synthetic_tr_25000_1st_33098/MAD_May_26_per_feature_artifacts_details.json
213_SMD_id_36_Facility_tr_5925_1st_17580.csv,0.01519310577705566,0.5036681936573323,-0.489502860038461,-0.9649002082859691,0.5046959658155167,0.9800933140630248,0.42011481105596876,0.7080745341614907,0.9989355018526407,0.6952998379254458,0.9999999999999996,1.0,0.5877151481518047,70.07953691482544,MAD/Feature_Plots/MAD_May_26/213_SMD_id_36_Facility_tr_5925_1st_17580/MAD_May_26_per_feature_artifacts_details.json
858_OPPORTUNITY_id_17_HumanActivity_tr_808_1st_908.csv,0.808212288397086,0.9575074423771034,0.41769965679819226,-0.19027480712092437,0.39051263159889377,0.9984870955180104,0.8093275296558609,0.9575781093558641,0.9483297323704634,0.29683830171635056,0.921075455333911,0.9943404440574662,0.890187800448006,102.56274509429932,MAD/Feature_Plots/MAD_May_26/858_OPPORTUNITY_id_17_HumanActivity_tr_808_1st_908/MAD_May_26_per_feature_artifacts_details.json
211_SMD_id_34_Facility_tr_5925_1st_17580.csv,0.013118234486272059,0.5031450764904668,-0.37539285879913503,-0.8635965020192177,0.3885110932854071,0.8767147365054897,0.3831008628254987,0.6894409937888198,0.9988128525696687,0.6694214876033058,0.9999999999999996,1.0,0.5495455641064946,324.6380424499512,MAD/Feature_Plots/MAD_May_26/211_SMD_id_34_Facility_tr_5925_1st_17580/MAD_May_26_per_feature_artifacts_details.json
334_UCR_id_32_HumanActivity_tr_1671_1st_2764.csv,0.03511986033487168,0.47341324939224183,-0.014417566880652433,-0.4088988292461139,0.049537427215524114,0.4440186895809856,0.034560143626570915,0.4732682473268247,0.5304412367781073,0.0,0.0,0.0,0.06681063403864364,76.2645652294159,MAD/Feature_Plots/MAD_May_26/334_UCR_id_32_HumanActivity_tr_1671_1st_2764/MAD_May_26_per_feature_artifacts_details.json
290_TODS_id_4_Synthetic_tr_500_1st_26.csv,0.15650294555694058,0.5177443707215681,-0.4738401982527113,-0.7452248134532694,0.6303431438096518,0.90172775901021,0.11137202797202797,0.5032471357126793,0.24999999999999975,0.25000000000000006,0.24999999999999975,0.05442176870748299,0.15803869921993716,84.75043296813965,MAD/Feature_Plots/MAD_May_26/290_TODS_id_4_Synthetic_tr_500_1st_26/MAD_May_26_per_feature_artifacts_details.json
232_MGAB_id_8_Synthetic_tr_25000_1st_32708.csv,0.0023741146478282317,0.5000937427636148,-0.037135762297103816,-0.39694932471849786,0.03950987694493205,0.3993234393663261,0.002,0.5,,0.0,0.0,0.0,0.003991976127982754,143.4910023212433,MAD/Feature_Plots/MAD_May_26/232_MGAB_id_8_Synthetic_tr_25000_1st_32708/MAD_May_26_per_feature_artifacts_details.json
228_MGAB_id_4_Synthetic_tr_25000_1st_38948.csv,0.0023741146478282317,0.5000937427636148,-0.02968985918650152,-0.3934297013589298,0.032063973834329754,0.395803816006758,0.002,0.5,,0.0,0.0,0.0,0.003991976127982754,137.5542643070221,MAD/Feature_Plots/MAD_May_26/228_MGAB_id_4_Synthetic_tr_25000_1st_38948/MAD_May_26_per_feature_artifacts_details.json
011_NAB_id_11_Facility_tr_1007_1st_1526.csv,0.40876571479268303,0.6744714481385138,0.08169714171171133,-0.5212702029923526,0.3270685730809717,0.9300359177850356,0.41057745502684745,0.6744186598245095,0.9871835822454852,0.3651120715649815,0.9889298892988925,0.9968454258675079,0.46213627447909916,453.5628385543823,MAD/Feature_Plots/MAD_May_26/011_NAB_id_11_Facility_tr_1007_1st_1526/MAD_May_26_per_feature_artifacts_details.json
571_YAHOO_id_21_Synthetic_tr_500_1st_623.csv,0.16855972911187816,0.7505235128599753,-0.22931463039440986,-0.8137972773604771,0.397874359506288,0.9823570064723552,0.23051606108478145,0.770026754800126,0.7985638769776722,0.4745762711864407,0.7999999999999995,0.8,0.3636333884540944,70.14920854568481,MAD/Feature_Plots/MAD_May_26/571_YAHOO_id_21_Synthetic_tr_500_1st_623/MAD_May_26_per_feature_artifacts_details.json
226_MGAB_id_2_Synthetic_tr_20000_1st_45134.csv,0.002077350316849703,0.5000820014538102,-0.025689780867330016,-0.38649427349446663,0.02776713118417972,0.3885716238113163,0.00175,0.5,,0.0,0.0,0.0,0.003493850822552308,130.134925365448,MAD/Feature_Plots/MAD_May_26/226_MGAB_id_2_Synthetic_tr_20000_1st_45134/MAD_May_26_per_feature_artifacts_details.json
292_TODS_id_6_Synthetic_tr_500_1st_11.csv,0.8371835986364897,0.899751307762461,-0.002960909378819543,-0.1411336766390795,0.8401445080153093,0.9783172752755692,0.797094109205434,0.888691213934427,0.9016500399334808,0.8913046538142134,0.8906873241802069,0.8875,0.8781463072272897,337.82311248779297,MAD/Feature_Plots/MAD_May_26/292_TODS_id_6_Synthetic_tr_500_1st_11/MAD_May_26_per_feature_artifacts_details.json
183_SMD_id_6_Facility_tr_5925_1st_17580.csv,0.3044801309550457,0.6494656617704911,-0.19865614646710666,-0.6787330987140043,0.5031362774221524,0.98321322966905,0.3029039749928135,0.6490683229813665,0.9984661467740985,0.6096718480138169,0.9999999999999996,1.0,0.4593266051873954,79.0702612400055,MAD/Feature_Plots/MAD_May_26/183_SMD_id_6_Facility_tr_5925_1st_17580/MAD_May_26_per_feature_artifacts_details.json
260_IOPS_id_1_WebService_tr_5000_1st_11804.csv,0.14361747770621205,0.5714686889182041,0.030316522396327178,-0.5100927527546563,0.11330095530988488,0.6537102304608683,0.9749149659863945,0.9999857042787094,0.9999901784749666,0.9032258064516129,0.9999999999999996,1.0,0.9333283555821035,71.5953016281128,MAD/Feature_Plots/MAD_May_26/260_IOPS_id_1_WebService_tr_5000_1st_11804/MAD_May_26_per_feature_artifacts_details.json
190_SMD_id_13_Facility_tr_7119_1st_15849.csv,0.41053205204578497,0.8109783792406154,0.1123873969520407,-0.2707450848385184,0.29814465509374427,0.6812771368843034,0.45470587989481154,0.9118197291030463,0.7557280112570793,0.09252482346904511,0.5858333982700844,0.6648541769649036,0.6337840763058047,1205.0007770061493,MAD/Feature_Plots/MAD_May_26/190_SMD_id_13_Facility_tr_7119_1st_15849/MAD_May_26_per_feature_artifacts_details.json
293_TODS_id_7_Synthetic_tr_500_1st_7.csv,0.2580285901442091,0.6250571891133037,-0.14696879462967138,-0.42598886711406114,0.4049973847738805,0.6840174572582702,0.3254833241922039,0.6982547804150844,0.6843901892612617,0.5370134009946089,0.5878136200716841,0.625,0.5074579960088025,87.50633907318115,MAD/Feature_Plots/MAD_May_26/293_TODS_id_7_Synthetic_tr_500_1st_7/MAD_May_26_per_feature_artifacts_details.json
008_NAB_id_8_Synthetic_tr_1007_1st_2734.csv,0.18077800437264124,0.5897133470752389,-0.301695703191176,-0.6507580409977788,0.48247370756381724,0.83153604537042,0.17712161123904213,0.5870403425144873,0.7970419770574926,0.17600494713000203,0.5398457583547553,0.8179043743641913,0.30611759699655505,325.9437711238861,MAD/Feature_Plots/MAD_May_26/008_NAB_id_8_Synthetic_tr_1007_1st_2734/MAD_May_26_per_feature_artifacts_details.json
267_IOPS_id_8_WebService_tr_1534_1st_1882.csv,0.06376008814706947,0.7074702005893688,-0.16545887993090358,-0.4700647180127324,0.22921896807797304,0.5338248061598019,0.07338991508330872,0.7324367064076525,0.9420363437518688,0.607765661494518,0.666666666666666,0.5,0.13559098315811255,75.51781296730042,MAD/Feature_Plots/MAD_May_26/267_IOPS_id_8_WebService_tr_1534_1st_1882/MAD_May_26_per_feature_artifacts_details.json
195_SMD_id_18_Facility_tr_5925_1st_17580.csv,0.032658853992643115,0.5565086399950296,-0.3388807078464497,-0.9157242497270018,0.3715395618390928,0.948383103719645,0.07198392522240649,0.5626018729048282,0.9969223077881456,0.3671399594320487,0.9999999999999996,1.0,0.137676298480804,92.90600275993347,MAD/Feature_Plots/MAD_May_26/195_SMD_id_18_Facility_tr_5925_1st_17580/MAD_May_26_per_feature_artifacts_details.json
227_MGAB_id_3_Synthetic_tr_25000_1st_44340.csv,0.0023741146478282317,0.5000937427636148,-0.02880267212004061,-0.34679176918277527,0.031176786767868843,0.3491658838306035,0.002,0.5,,0.0,0.0,0.0,0.003991976127982754,3273.4770970344543,MAD/Feature_Plots/MAD_May_26/227_MGAB_id_3_Synthetic_tr_25000_1st_44340/MAD_May_26_per_feature_artifacts_details.json
180_SMD_id_3_Facility_tr_5925_1st_17580.csv,0.5990792827600481,0.7981526873242523,0.11353500557624396,-0.34625322445653617,0.4855442771838041,0.9453325072165842,0.6298605176952992,0.8136645962732919,0.9996791577576581,0.8248175182481753,0.9999999999999996,1.0,0.7709876286638085,135.0132932662964,MAD/Feature_Plots/MAD_May_26/180_SMD_id_3_Facility_tr_5925_1st_17580/MAD_May_26_per_feature_artifacts_details.json
027_NAB_id_27_Facility_tr_757_1st_2582.csv,0.11339960373422835,0.5533453983250859,-0.057170965042218316,-0.565080750372461,0.17057056877644666,0.6784803541066893,0.10086487903681905,0.5491734369480749,0.8683947805952226,0.31355932203389836,0.6666666666666662,0.9950248756218906,0.1678279623529247,181.01026916503906,MAD/Feature_Plots/MAD_May_26/027_NAB_id_27_Facility_tr_757_1st_2582/MAD_May_26_per_feature_artifacts_details.json
269_IOPS_id_10_WebService_tr_1216_1st_1728.csv,0.06528551289765135,0.8760270957866638,-0.13443669815978304,-0.6567577733150067,0.19972221105743437,0.7220432862126581,0.06304742397541088,0.8603182605822067,0.7278053657876432,0.039817372260564,0.14084507042253508,0.16723549488054607,0.13864662605480535,427.2610139846802,MAD/Feature_Plots/MAD_May_26/269_IOPS_id_10_WebService_tr_1216_1st_1728/MAD_May_26_per_feature_artifacts_details.json
326_UCR_id_24_Medical_tr_1875_1st_4187.csv,0.08525699474804588,0.5417811908003458,-0.10435014487561767,-0.798438086686128,0.18960713962366355,0.8836950814341739,0.9935897435897437,0.9999888725686563,0.9999944451542297,0.9655172413793104,0.9999999999999996,1.0,0.9599950080259583,51.09782361984253,MAD/Feature_Plots/MAD_May_26/326_UCR_id_24_Medical_tr_1875_1st_4187/MAD_May_26_per_feature_artifacts_details.json
255_SVDB_id_19_Medical_tr_50000_1st_54982.csv,0.03815960080171274,0.5002076935415246,-0.10016881128790867,-0.3605804466632777,0.1383284120896214,0.3987400474649905,0.03904063139863821,0.5029445428045007,0.14289850165248688,0.027600161001616726,0.09230769230769209,0.09293556615282245,0.07178834285858135,652.1262855529785,MAD/Feature_Plots/MAD_May_26/255_SVDB_id_19_Medical_tr_50000_1st_54982/MAD_May_26_per_feature_artifacts_details.json
286_CATSv2_id_1_Sensor_tr_17792_1st_17892.csv,0.06762211854396194,0.4419943445304621,-0.14478968078169221,-0.33504758120446515,0.21241179932565415,0.4026696997484271,0.17237519955849684,0.6704839275899321,0.5121669761109251,0.6213193709961996,0.20871671087955718,0.5050505050505051,0.28200719691742565,3895.1062428951263,MAD/Feature_Plots/MAD_May_26/286_CATSv2_id_1_Sensor_tr_17792_1st_17892/MAD_May_26_per_feature_artifacts_details.json
807_YAHOO_id_257_WebService_tr_500_1st_1210.csv,0.20837791200174163,0.8767985364290761,-0.1940121655018515,-0.5276539411901086,0.4023900775035931,0.7360318531918502,0.20199386730911084,0.927630753794055,0.7699480224070959,0.28806584362139914,0.5128205128205123,0.7567567567567568,0.34482273490772963,315.7378866672516,MAD/Feature_Plots/MAD_May_26/807_YAHOO_id_257_WebService_tr_500_1st_1210/MAD_May_26_per_feature_artifacts_details.json
032_WSD_id_4_WebService_tr_4559_1st_11822.csv,0.6207451485349306,0.9989743819497412,0.49678694338675317,-0.17396742501203177,0.12395820514817742,0.7947125735469623,0.6317680781093169,0.998980723202553,0.9554463618239217,0.734540485138367,0.7999999999999995,0.9846153846153847,0.704220400748957,64.75340723991394,MAD/Feature_Plots/MAD_May_26/032_WSD_id_4_WebService_tr_4559_1st_11822/MAD_May_26_per_feature_artifacts_details.json
812_Exathlon_id_3_Facility_tr_10766_1st_12590.csv,0.610255572776508,0.9021357822751356,-0.05821145674117523,-0.38949339704428043,0.6684670295176832,0.9997489698207884,0.6175193060463628,0.9042309255987738,0.9981672489166248,0.6964032576433924,0.9997567501824368,0.9999080459770114,0.6265715829820612,1864.5656447410583,MAD/Feature_Plots/MAD_May_26/812_Exathlon_id_3_Facility_tr_10766_1st_12590/MAD_May_26_per_feature_artifacts_details.json
672_YAHOO_id_122_WebService_tr_500_1st_857.csv,0.0028221109989775704,0.5005579935665028,-0.18284621220198052,-0.9971778890010224,0.1856683232009581,1.0,0.0005952380952380953,0.5,,0.0,0.0,0.0,0.0011897561047575491,44.15037488937378,MAD/Feature_Plots/MAD_May_26/672_YAHOO_id_122_WebService_tr_500_1st_857/MAD_May_26_per_feature_artifacts_details.json
844_OPPORTUNITY_id_3_HumanActivity_tr_500_1st_566.csv,0.6249483363916407,0.9067422954114803,0.33356118389789746,-0.37051751592072013,0.29138715249374325,0.9954658523123608,0.6228332742912635,0.9060438005875774,0.9351270532696084,0.02916978258661462,0.8251339503166093,0.8434365460095944,0.7795624788318046,337.1247081756592,MAD/Feature_Plots/MAD_May_26/844_OPPORTUNITY_id_3_HumanActivity_tr_500_1st_566/MAD_May_26_per_feature_artifacts_details.json
302_Power_id_1_Facility_tr_7685_1st_7785.csv,0.08604350987195003,0.49571605721191275,-0.02856331431282444,-0.306090080325736,0.11460682418477447,0.392133590197686,0.08561643835616438,0.49478776529338325,0.3831934009738362,0.0,0.0,0.0,0.1577272537426469,113.91204881668091,MAD/Feature_Plots/MAD_May_26/302_Power_id_1_Facility_tr_7685_1st_7785/MAD_May_26_per_feature_artifacts_details.json
275_IOPS_id_16_WebService_tr_1482_1st_1582.csv,0.22225504783725986,0.626088154391067,0.04928347772079622,-0.19145812508725035,0.17297157011646364,0.4137131729245102,0.5848284369507936,0.862728188250356,0.5892685212235338,0.28624535315985133,0.4723618090452256,0.7941176470588235,0.728677221354449,84.97669982910156,MAD/Feature_Plots/MAD_May_26/275_IOPS_id_16_WebService_tr_1482_1st_1582/MAD_May_26_per_feature_artifacts_details.json
187_SMD_id_10_Facility_tr_5000_1st_15849.csv,0.12203038487869504,0.5108227556973031,-0.12627557540404466,-0.38107009153855825,0.2483059602827397,0.5031004764172533,0.11703230996634167,0.5258282376890516,0.7730932037586936,0.25920209424989554,0.5316455696202528,0.8821583100025452,0.1973844309650206,426.01896619796753,MAD/Feature_Plots/MAD_May_26/187_SMD_id_10_Facility_tr_5000_1st_15849/MAD_May_26_per_feature_artifacts_details.json
014_NAB_id_14_WebService_tr_500_1st_1045.csv,0.14271421702971843,0.5236718374009566,-0.04625846592373828,-0.43636098706255044,0.1889726829534567,0.5790752040922689,0.16410557134540968,0.5361842105263158,0.9782618678480751,0.4100418410041841,0.9999999999999996,1.0,0.17998652078577587,160.21831393241882,MAD/Feature_Plots/MAD_May_26/014_NAB_id_14_WebService_tr_500_1st_1045/MAD_May_26_per_feature_artifacts_details.json
304_UCR_id_2_Medical_tr_2499_1st_7000.csv,0.005375189685765384,0.5000940443945836,-0.029368814398488062,-0.2804770519992843,0.034744004084253446,0.2858522416850497,0.005001000200040008,0.5,,0.0,0.0,0.0,0.009952130273289736,56.92283272743225,MAD/Feature_Plots/MAD_May_26/304_UCR_id_2_Medical_tr_2499_1st_7000/MAD_May_26_per_feature_artifacts_details.json
019_NAB_id_19_Facility_tr_1007_1st_1171.csv,0.10382420953526789,0.49298354340979683,-0.06578978294735416,-0.3344323563489746,0.16961399248262204,0.4382565658842425,0.10199342745033627,0.4994023684935279,0.972646860037461,0.47726124399764963,0.9999999999999996,1.0,0.1805445096481192,64.36780667304993,MAD/Feature_Plots/MAD_May_26/019_NAB_id_19_Facility_tr_1007_1st_1171/MAD_May_26_per_feature_artifacts_details.json
843_OPPORTUNITY_id_2_HumanActivity_tr_808_1st_908.csv,0.11673546194626061,0.2961608159718021,-0.08060805516363306,-0.8530877428178936,0.19734351710989367,0.9698232047641542,0.11578332320643868,0.29712941686681943,0.790999748008313,0.24940913908896675,0.33333333333333304,0.9982517482517482,0.22394153521082025,81.02498841285706,MAD/Feature_Plots/MAD_May_26/843_OPPORTUNITY_id_2_HumanActivity_tr_808_1st_908/MAD_May_26_per_feature_artifacts_details.json
693_YAHOO_id_143_WebService_tr_500_1st_1003.csv,0.33333333333333337,0.9985964912280703,0.06950035909200414,-0.27426227965965166,0.26383297424132923,0.607595612992985,0.3333333333333333,0.9985964912280701,0.9097602416462144,0.5,0.4999999999999996,0.5,0.49999625002812476,120.02691268920898,MAD/Feature_Plots/MAD_May_26/693_YAHOO_id_143_WebService_tr_500_1st_1003/MAD_May_26_per_feature_artifacts_details.json
262_IOPS_id_3_WebService_tr_7028_1st_7128.csv,0.06128958600807067,0.7505633460595592,-0.052920214553332616,-0.24471582695604244,0.11420980056140329,0.3060054129641131,0.06443017941110316,0.8332712637945711,0.7667627603046505,0.30275906152899,0.13148213148213136,0.509961098667924,0.13166215504877843,4102.484058380127,MAD/Feature_Plots/MAD_May_26/262_IOPS_id_3_WebService_tr_7028_1st_7128/MAD_May_26_per_feature_artifacts_details.json
188_SMD_id_11_Facility_tr_500_1st_392.csv,0.12910521016487506,0.5487155668518248,-0.09735096383447064,-0.33524758363335616,0.2264561739993457,0.4643527937982312,0.32223521276213096,0.6501877326937165,0.5827906075659898,0.4793854335065611,0.5882352941176466,0.6584564860426929,0.45345250136203624,345.439249753952,MAD/Feature_Plots/MAD_May_26/188_SMD_id_11_Facility_tr_500_1st_392/MAD_May_26_per_feature_artifacts_details.json
018_NAB_id_18_Facility_tr_500_1st_669.csv,0.16869079364202383,0.5697733540389285,-0.026719006649952692,-0.2519148785573347,0.19540980029197652,0.4206056721993585,0.10929891143992793,0.5249211396111648,0.6661393144605444,0.1766083175381871,0.3809523809523806,0.9665809768637532,0.18172865233641833,69.78862571716309,MAD/Feature_Plots/MAD_May_26/018_NAB_id_18_Facility_tr_500_1st_669/MAD_May_26_per_feature_artifacts_details.json
299_TODS_id_13_Synthetic_tr_500_1st_65.csv,0.14490847381734603,0.5278544826780167,-0.5499360986441828,-0.7948518264706743,0.6948445724615289,0.9397603002880204,0.16307164179104477,0.5495195461828642,0.22222222222222202,0.22222222222222227,0.22222222222222202,0.20735785953177258,0.2073560009562456,331.00705766677856,MAD/Feature_Plots/MAD_May_26/299_TODS_id_13_Synthetic_tr_500_1st_65/MAD_May_26_per_feature_artifacts_details.json
106_WSD_id_78_WebService_tr_3363_1st_3463.csv,0.890618539775016,0.9980000134285534,0.6337131843371346,0.0024660676291275996,0.2569053554378814,0.8881524721458884,0.7377947110132507,0.9978090153630145,0.9415048719486059,0.7702975620938073,0.8571428571428567,0.9977426636568849,0.8346104971440056,284.795725107193,MAD/Feature_Plots/MAD_May_26/106_WSD_id_78_WebService_tr_3363_1st_3463/MAD_May_26_per_feature_artifacts_details.json
143_MSL_id_4_Sensor_tr_980_1st_3550.csv,0.36634452108965054,0.786973047229557,-0.056446314037885026,-0.6335024527587506,0.42279083512753557,0.9998469738484012,0.3659970786503195,0.7868826404365137,0.9010382320946283,0.13011542497376705,0.7532467532467527,0.940809968847352,0.5898255113321961,113.5730094909668,MAD/Feature_Plots/MAD_May_26/143_MSL_id_4_Sensor_tr_980_1st_3550/MAD_May_26_per_feature_artifacts_details.json
315_UCR_id_13_HumanActivity_tr_16000_1st_33070.csv,0.00255045624839859,0.48371129706895544,-0.04951603442221619,-0.24727366762547492,0.052066490670614786,0.2498241238738735,0.00171875,0.4832524651745187,0.11047717911850706,0.0,0.0,0.0,0.0034315676773777333,423.74405312538147,MAD/Feature_Plots/MAD_May_26/315_UCR_id_13_HumanActivity_tr_16000_1st_33070/MAD_May_26_per_feature_artifacts_details.json
311_UCR_id_9_HumanActivity_tr_16000_1st_38400.csv,0.014279508633978937,0.5175507881582501,-0.02726251167067438,-0.24564408577682365,0.041542020304653315,0.2599235944108026,0.013388673182487616,0.5166613924050633,0.6803229049968491,0.004467950830201114,0.02642356982428323,0.02642356982428326,0.026423309082183197,190.37822651863098,MAD/Feature_Plots/MAD_May_26/311_UCR_id_9_HumanActivity_tr_16000_1st_38400/MAD_May_26_per_feature_artifacts_details.json
859_OPPORTUNITY_id_18_HumanActivity_tr_895_1st_995.csv,0.026443954906435075,0.2486368142161399,-0.06620759237115058,-0.9088856607765774,0.09265154727758565,0.9353296156830124,0.02541530719058607,0.2572629314538911,0.8496611620830313,0.2424242424242424,0.0458015267175572,0.8751248751248751,0.05767275611901671,115.1326539516449,MAD/Feature_Plots/MAD_May_26/859_OPPORTUNITY_id_18_HumanActivity_tr_895_1st_995/MAD_May_26_per_feature_artifacts_details.json
473_UCR_id_171_HumanActivity_tr_2617_1st_7290.csv,0.0009305642413338095,0.5000894227217237,-0.015278704393186165,-0.2381679503582527,0.016209268634519974,0.2390985145995865,0.0005731753916698509,0.5,,0.0,0.0,0.0,0.0011456826494119017,50.3493926525116,MAD/Feature_Plots/MAD_May_26/473_UCR_id_171_HumanActivity_tr_2617_1st_7290/MAD_May_26_per_feature_artifacts_details.json
178_SMD_id_1_Facility_tr_6000_1st_10609.csv,0.04090993300424561,0.5095571328621418,-0.04595860920939601,-0.2390065712704454,0.08686854221364163,0.279916504274691,0.11670257611241218,0.550351288056206,0.39166184144313654,0.14411457556318066,0.39999999999999963,0.8428184281842819,0.18297706103819014,290.03818917274475,MAD/Feature_Plots/MAD_May_26/178_SMD_id_1_Facility_tr_6000_1st_10609/MAD_May_26_per_feature_artifacts_details.json
125_WSD_id_97_WebService_tr_2217_1st_2317.csv,0.46654143179004653,0.7609113689686318,0.36758401087547077,-0.2119800056641173,0.09895742091457577,0.6785214374541638,0.5264012026373168,0.7922290748658137,0.8878207597094431,0.7080219932605949,0.8888888888888884,0.875,0.6089693664117396,83.91105103492737,MAD/Feature_Plots/MAD_May_26/125_WSD_id_97_WebService_tr_2217_1st_2317/MAD_May_26_per_feature_artifacts_details.json
544_SMAP_id_14_Sensor_tr_1978_1st_4450.csv,0.3848902530083245,0.8253975472919571,0.07870974931721342,-0.60889998877807,0.3061805036911111,0.9937902417863944,0.4514414731546488,0.8788586741297236,0.8563018565213923,0.6190803019903912,0.8571428571428567,0.9955156950672646,0.6563657584480219,89.61784601211548,MAD/Feature_Plots/MAD_May_26/544_SMAP_id_14_Sensor_tr_1978_1st_4450/MAD_May_26_per_feature_artifacts_details.json
148_MSL_id_9_Sensor_tr_883_1st_1238.csv,0.39412678868907647,0.7278842217284562,0.12121668125518348,-0.4185457035350312,0.272910107433893,0.8126724922241076,0.37685607945393806,0.7218685510267958,0.884788409991511,0.35222455593497604,0.8915662650602404,0.9806451612903225,0.5249950980457702,350.91396045684814,MAD/Feature_Plots/MAD_May_26/148_MSL_id_9_Sensor_tr_883_1st_1238/MAD_May_26_per_feature_artifacts_details.json
289_TODS_id_3_Synthetic_tr_500_1st_26.csv,0.394938151093999,0.8148904823891315,-0.2816673342223639,-0.5475082710679614,0.6766054853163629,0.9424464221619604,0.19577164826566662,0.7801810354857475,0.807791799571314,0.47226604826958263,0.4440032579922618,0.570957095709571,0.36910999399994493,790.1789076328278,MAD/Feature_Plots/MAD_May_26/289_TODS_id_3_Synthetic_tr_500_1st_26/MAD_May_26_per_feature_artifacts_details.json
022_NAB_id_22_Facility_tr_1007_1st_2980.csv,0.4878353620781813,0.8819396192216372,0.12388519887354588,-0.2487679468808282,0.3639501632046354,0.7366033089590095,0.38259335686166535,0.8291882106785269,0.8599420671077576,0.3531203036307421,0.6132556445739252,0.6619987269255252,0.5720063002491661,72.03116106987,MAD/Feature_Plots/MAD_May_26/022_NAB_id_22_Facility_tr_1007_1st_2980/MAD_May_26_per_feature_artifacts_details.json
538_SMAP_id_8_Sensor_tr_2007_1st_3650.csv,0.4368891636511911,0.7791384825241114,-0.05310935013870427,-0.4999049566232393,0.4899985137898954,0.9367941202744304,0.4362893345173389,0.7789831765024895,0.9114848068760529,0.15432667712716147,0.8499999999999994,0.9084745762711864,0.6442056088131606,117.61873960494995,MAD/Feature_Plots/MAD_May_26/538_SMAP_id_8_Sensor_tr_2007_1st_3650/MAD_May_26_per_feature_artifacts_details.json
201_SMD_id_24_Facility_tr_7174_1st_21230.csv,0.13011055209380715,0.5609623505365908,-0.03585875535697089,-0.5726337571522047,0.16596930745077804,0.7027443092460118,0.34294893456449077,0.6691919191919192,0.7974022303185421,0.4907441016333939,0.7999999999999995,0.9846153846153847,0.505656599245032,231.71925973892212,MAD/Feature_Plots/MAD_May_26/201_SMD_id_24_Facility_tr_7174_1st_21230/MAD_May_26_per_feature_artifacts_details.json
819_Exathlon_id_10_Facility_tr_10766_1st_12590.csv,0.648862521250311,0.8719357616648046,0.014299390889150443,-0.3507355515619136,0.6345631303611605,0.9995980728122246,0.6444287324893204,0.8703080274556281,0.9624038644143202,0.2087078653420076,0.8791457028442339,0.9023317567006888,0.7858600757731964,5476.0636510849,MAD/Feature_Plots/MAD_May_26/819_Exathlon_id_10_Facility_tr_10766_1st_12590/MAD_May_26_per_feature_artifacts_details.json
020_NAB_id_20_Synthetic_tr_1007_1st_2679.csv,0.4065259546941649,0.7205734187168611,-0.033146847387699185,-0.5926462854442391,0.4396728020818641,0.999172240138404,0.40604621533941043,0.7204315242183404,0.8941097270041677,0.20957775489186403,0.8064516129032253,0.8961038961038961,0.5633754198396163,91.16971611976624,MAD/Feature_Plots/MAD_May_26/020_NAB_id_20_Synthetic_tr_1007_1st_2679/MAD_May_26_per_feature_artifacts_details.json
296_TODS_id_10_Synthetic_tr_500_1st_26.csv,0.18158143562452775,0.5407283459330136,-0.5729407696034094,-0.7887521010380066,0.7545222052279372,0.9703335366625344,0.13954117647058822,0.5361330520531816,0.22857142857142837,0.2285714285714286,0.22857142857142837,0.18666666666666668,0.18666497423756687,115.93302249908447,MAD/Feature_Plots/MAD_May_26/296_TODS_id_10_Synthetic_tr_500_1st_26/MAD_May_26_per_feature_artifacts_details.json
856_OPPORTUNITY_id_15_HumanActivity_tr_808_1st_908.csv,0.22090851500701983,0.6541654946537659,-0.10789260730316172,-0.7686289409372254,0.32880112231018155,0.9895374559442452,0.22018720849283727,0.6539897421486836,0.802901307036125,0.06563000228675966,0.3616785431512269,0.6148048452220727,0.3616755804469079,838.9256982803345,MAD/Feature_Plots/MAD_May_26/856_OPPORTUNITY_id_15_HumanActivity_tr_808_1st_908/MAD_May_26_per_feature_artifacts_details.json
196_SMD_id_19_Facility_tr_7174_1st_21230.csv,0.02586318606419789,0.5087339432294846,-0.17376454531259006,-0.7488472785229705,0.19962773137678794,0.7747104645871684,0.17741584192918874,0.5859375,0.9971522301488759,0.4634146341463415,0.9999999999999996,1.0,0.2933308302435819,64.85066175460815,MAD/Feature_Plots/MAD_May_26/196_SMD_id_19_Facility_tr_7174_1st_21230/MAD_May_26_per_feature_artifacts_details.json
016_NAB_id_16_Environment_tr_1816_1st_3540.csv,0.3254095120064208,0.6713914592727687,0.17383528597170328,-0.04936815579868936,0.15157422603471754,0.3747776678051102,0.32954148568994013,0.6761338972487168,0.8922553984752599,0.4672153255140943,0.83941605839416,0.9427083333333334,0.47610159070941277,560.26526927948,MAD/Feature_Plots/MAD_May_26/016_NAB_id_16_Environment_tr_1816_1st_3540/MAD_May_26_per_feature_artifacts_details.json
432_UCR_id_130_Facility_tr_23000_1st_26970.csv,0.004942960464949076,0.5508067994431683,-0.022138251549517096,-0.1948628165012508,0.02708121201446617,0.1998057769661999,0.0050807705903145985,0.556145038167939,0.8602099322407937,0.03057811753463928,0.031999999999999966,0.8321775312066574,0.02913445185349741,253.46694540977478,MAD/Feature_Plots/MAD_May_26/432_UCR_id_130_Facility_tr_23000_1st_26970/MAD_May_26_per_feature_artifacts_details.json
373_UCR_id_71_Sensor_tr_2827_1st_5988.csv,0.008908838563696703,0.5000834469313404,-0.028084014763435416,-0.19045967230824679,0.03699285332713212,0.1993685108719435,0.008577997877608773,0.5,,0.0,0.0,0.0,0.01700991464435353,44.90286564826965,MAD/Feature_Plots/MAD_May_26/373_UCR_id_71_Sensor_tr_2827_1st_5988/MAD_May_26_per_feature_artifacts_details.json
500_UCR_id_198_Facility_tr_7482_1st_23357.csv,0.012152655991389604,0.4772390306864166,-0.012641266309905193,-0.1737379261459917,0.024793922301294798,0.1858905821373813,0.012027663626340583,0.47720739914105037,0.17865721695381218,0.0,0.0,0.0,0.023769201599163754,109.1207983493805,MAD/Feature_Plots/MAD_May_26/500_UCR_id_198_Facility_tr_7482_1st_23357/MAD_May_26_per_feature_artifacts_details.json
549_SMAP_id_19_Sensor_tr_1998_1st_2098.csv,0.2136051248483225,0.598005432995086,-0.2250765902149321,-0.7705460268889459,0.4386817150632546,0.9841511517372684,0.24481291525818855,0.6141304347826086,0.996264216268722,0.5553027952986592,0.9999999999999996,1.0,0.37167838987505586,58.204185485839844,MAD/Feature_Plots/MAD_May_26/549_SMAP_id_19_Sensor_tr_1998_1st_2098/MAD_May_26_per_feature_artifacts_details.json
268_IOPS_id_9_WebService_tr_6216_1st_6316.csv,0.25817139516675985,0.6962109482607656,0.09696540019473313,-0.11038495027965206,0.16120599497202673,0.3685563454464119,0.2378400601804714,0.6832783005282035,0.9629174910485068,0.7109150523030696,0.7258064516129028,0.9561943874058864,0.44675923068386264,102.50935673713684,MAD/Feature_Plots/MAD_May_26/268_IOPS_id_9_WebService_tr_6216_1st_6316/MAD_May_26_per_feature_artifacts_details.json
089_WSD_id_61_WebService_tr_1010_1st_1110.csv,0.7577876934683223,0.8743473990724404,0.37564538093203426,-0.1627678247411677,0.38214231253628805,0.92055551820949,0.6918593475775445,0.8503921002494261,0.9952075362724075,0.8482355187174064,0.9999999999999996,1.0,0.7934223164799871,359.56444931030273,MAD/Feature_Plots/MAD_May_26/089_WSD_id_61_WebService_tr_1010_1st_1110/MAD_May_26_per_feature_artifacts_details.json
869_OPPORTUNITY_id_28_HumanActivity_tr_500_1st_566.csv,0.06363135115405283,0.5021866332212088,-0.28776669924861853,-0.9288055334164039,0.35139805040267136,0.9924368845704568,0.06336358424749178,0.5066299978833017,0.8264751406017701,0.1064084430421064,0.22754491017964038,0.6588720770288858,0.1163647283651666,70.45793581008911,MAD/Feature_Plots/MAD_May_26/869_OPPORTUNITY_id_28_HumanActivity_tr_500_1st_566/MAD_May_26_per_feature_artifacts_details.json
234_SED_id_1_Medical_tr_3740_1st_3840.csv,0.4839714653684995,0.7240737835263618,0.21934625557402504,-0.43172010051017334,0.26462520979447446,0.9156915658786728,0.53862635652112,0.7645649226587531,0.9198679342371356,0.7350802297371195,0.928571428571428,0.9285714285714286,0.6818440359403962,74.15526127815247,MAD/Feature_Plots/MAD_May_26/234_SED_id_1_Medical_tr_3740_1st_3840/MAD_May_26_per_feature_artifacts_details.json
298_TODS_id_12_Synthetic_tr_500_1st_0.csv,0.5865638157430424,0.7920014270893535,-0.014127085412525497,-0.23375043481250057,0.6006909011555679,0.820314250555543,0.29370251605039976,0.637281653623969,0.9354841526558411,0.9187453514241435,0.9380530973451322,0.9289256198347108,0.3469359079787197,75.6839451789856,MAD/Feature_Plots/MAD_May_26/298_TODS_id_12_Synthetic_tr_500_1st_0/MAD_May_26_per_feature_artifacts_details.json
355_UCR_id_53_HumanActivity_tr_48750_1st_143411.csv,0.0011211865329414543,0.4375848810473064,-0.018866222494340435,-0.14294647123497253,0.01998740902728189,0.144067657767914,0.0007317055324255307,0.43749615187275526,0.7875642765326702,0.0014623410618058448,0.0014623410618058432,0.001462341061805845,0.0014623264492334524,273.7782213687897,MAD/Feature_Plots/MAD_May_26/355_UCR_id_53_HumanActivity_tr_48750_1st_143411/MAD_May_26_per_feature_artifacts_details.json
494_UCR_id_192_Facility_tr_22500_1st_72150.csv,0.013084150344904379,0.8324316224990843,-0.006990637515464259,-0.13271823167503843,0.020074787860368638,0.1458023820199428,0.011335260875279274,0.8321844849701634,0.9050192817004831,0.022416425717163183,0.02241642571716316,0.022416425717163187,0.022416204067578376,155.8807716369629,MAD/Feature_Plots/MAD_May_26/494_UCR_id_192_Facility_tr_22500_1st_72150/MAD_May_26_per_feature_artifacts_details.json
002_NAB_id_2_WebService_tr_1500_1st_4106.csv,0.12793318785883473,0.5394513084072166,-0.08277343592978381,-0.498016627127799,0.21070662378861854,0.6259498149866337,0.1201581890180561,0.5372748505589933,0.7831676170493314,0.2217852929610696,0.3809523809523806,0.98989898989899,0.19195246087876258,88.09131288528442,MAD/Feature_Plots/MAD_May_26/002_NAB_id_2_WebService_tr_1500_1st_4106/MAD_May_26_per_feature_artifacts_details.json
039_WSD_id_11_WebService_tr_1746_1st_1846.csv,0.7330527214694126,0.9015375410212368,0.434221102439428,-0.07055105003007334,0.29883161902998456,0.8036037714994859,0.5610126221426125,0.8021243283724624,0.9916171848434358,0.7490718169142093,0.9734513274336277,0.9887640449438202,0.6842056510042682,300.949156999588,MAD/Feature_Plots/MAD_May_26/039_WSD_id_11_WebService_tr_1746_1st_1846/MAD_May_26_per_feature_artifacts_details.json
026_NAB_id_26_Traffic_tr_624_1st_2261.csv,0.13208097260969345,0.5533904515108135,0.008951152832905804,-0.2528305976477665,0.12312981977678765,0.3849115702574599,0.1314821154239364,0.5532494731638785,0.8789581963611549,0.24133333333333337,0.6249999999999994,0.9916666666666667,0.19194658635829218,57.434056997299194,MAD/Feature_Plots/MAD_May_26/026_NAB_id_26_Traffic_tr_624_1st_2261/MAD_May_26_per_feature_artifacts_details.json
074_WSD_id_46_WebService_tr_990_1st_1090.csv,0.7084600488765866,0.9623067527631007,0.4293366585484301,-0.15710412546383823,0.27912339032815653,0.8655641743404249,0.6618973473965916,0.9520742303538969,0.9559543306302595,0.7459659404212139,0.8695652173913038,0.9461279461279462,0.7508482428782834,109.27733516693115,MAD/Feature_Plots/MAD_May_26/074_WSD_id_46_WebService_tr_990_1st_1090/MAD_May_26_per_feature_artifacts_details.json
094_WSD_id_66_WebService_tr_3309_1st_3914.csv,0.6279773107607706,0.8292754407068318,0.5220490543521394,-0.13651638761458407,0.10592825640863114,0.7644936983753546,0.6994767369066682,0.8567175969009025,0.7999428705915181,0.7611940298507462,0.7999999999999995,0.8333333333333334,0.7868803547737511,60.792475938797,MAD/Feature_Plots/MAD_May_26/094_WSD_id_66_WebService_tr_3309_1st_3914/MAD_May_26_per_feature_artifacts_details.json
284_NEK_id_8_WebService_tr_500_1st_976.csv,0.818981878485607,0.9877494063135359,0.3683517074457219,-0.15004690196743975,0.4506301710398851,0.9690287804530467,0.8209514159389468,0.9875993422855577,0.9504940786790508,0.11732229123533472,0.915254237288135,0.9222797927461139,0.875670682862653,105.85344862937927,MAD/Feature_Plots/MAD_May_26/284_NEK_id_8_WebService_tr_500_1st_976/MAD_May_26_per_feature_artifacts_details.json
139_WSD_id_111_WebService_tr_1701_1st_1801.csv,0.6521778270162442,0.8282143107411346,0.364080293946702,-0.056762918136915586,0.28809753306954217,0.7089407451531597,0.6157077721106294,0.8669634790126528,0.9312042872088767,0.7303374664561276,0.9333333333333328,0.9325153374233128,0.6519287091740953,87.63072323799133,MAD/Feature_Plots/MAD_May_26/139_WSD_id_111_WebService_tr_1701_1st_1801/MAD_May_26_per_feature_artifacts_details.json
191_SMD_id_14_Facility_tr_4596_1st_4696.csv,0.17164099436512675,0.9776582005708636,-0.19199064042586977,-0.7736808283214296,0.3636316347909965,0.9453218226865564,0.11797667573589568,0.9567787690061356,0.9720631389544354,0.2568946280709301,0.39999999999999963,0.9798657718120806,0.21156812591432386,810.3310062885284,MAD/Feature_Plots/MAD_May_26/191_SMD_id_14_Facility_tr_4596_1st_4696/MAD_May_26_per_feature_artifacts_details.json
530_UCR_id_228_HumanActivity_tr_16250_1st_38500.csv,0.005434295383038612,0.48809605372737125,-0.013970552156176224,-0.10857992776507329,0.019404847539214835,0.1140142231481119,0.004615384615384616,0.48694744976816073,0.15029513864821847,0.0,0.0,0.0,0.009188269948308325,448.56561303138733,MAD/Feature_Plots/MAD_May_26/530_UCR_id_228_HumanActivity_tr_16250_1st_38500/MAD_May_26_per_feature_artifacts_details.json
381_UCR_id_79_HumanActivity_tr_16000_1st_31200.csv,0.012231987613670135,0.5516050968890728,-0.0044849688174027035,-0.09455937777228096,0.01671695643107284,0.1067913653859511,0.011306117479257622,0.5513733228097869,0.7101589846476873,0.022359436542199133,0.02235943654219911,0.022359436542199136,0.02235921544974193,378.0723798274994,MAD/Feature_Plots/MAD_May_26/381_UCR_id_79_HumanActivity_tr_16000_1st_31200/MAD_May_26_per_feature_artifacts_details.json
358_UCR_id_56_Facility_tr_10500_1st_29080.csv,0.003615288212709564,0.79055743513916,-0.0075451477464949885,-0.09323348023110864,0.011160435959204552,0.0968487684438182,0.003403096818104475,0.7905221745350501,0.8540504206907275,0.006783110055960658,0.00678311005596065,0.006783110055960658,0.00678304245558672,97.56227087974548,MAD/Feature_Plots/MAD_May_26/358_UCR_id_56_Facility_tr_10500_1st_29080/MAD_May_26_per_feature_artifacts_details.json
184_SMD_id_7_Facility_tr_7119_1st_15849.csv,0.2206573103774909,0.5702240935552286,-0.07629086113889974,-0.43278342037072437,0.29694817151639064,0.6534407307482153,0.3476408327354481,0.6430580442264348,0.6461120443581728,0.4868677270022565,0.6613826508146186,0.718801996672213,0.43841444172317817,396.0199844837189,MAD/Feature_Plots/MAD_May_26/184_SMD_id_7_Facility_tr_7119_1st_15849/MAD_May_26_per_feature_artifacts_details.json
310_UCR_id_8_HumanActivity_tr_2631_1st_8285.csv,0.002586419042229007,0.3588103836041792,-0.00834174180325092,-0.08264795770163,0.010928160845479928,0.085234376743859,0.0023329880083447713,0.3279477161552633,0.6576697110585679,0.006911072999269837,0.0032102728731942176,0.04608294930875576,0.005684991634591659,308.09835934638977,MAD/Feature_Plots/MAD_May_26/310_UCR_id_8_HumanActivity_tr_2631_1st_8285/MAD_May_26_per_feature_artifacts_details.json
060_WSD_id_32_WebService_tr_4576_1st_4766.csv,0.5273407716834333,0.8669281791032066,0.42110345483394185,-0.24595595390055291,0.10623731684949148,0.7732967255839862,0.5611204325354598,0.9003038176210988,0.9205958342058506,0.6912260065230177,0.8235294117647054,0.9222797927461139,0.6368109215510838,74.89862751960754,MAD/Feature_Plots/MAD_May_26/060_WSD_id_32_WebService_tr_4576_1st_4766/MAD_May_26_per_feature_artifacts_details.json
344_UCR_id_42_Sensor_tr_2851_1st_5365.csv,0.001643095430324594,0.5000821279784291,-0.010732940929693931,-0.05508866487649951,0.012376036360018525,0.0567317603068241,0.0013150973172014729,0.5,,0.0,0.0,0.0,0.0026267139827513466,69.57870292663574,MAD/Feature_Plots/MAD_May_26/344_UCR_id_42_Sensor_tr_2851_1st_5365/MAD_May_26_per_feature_artifacts_details.json
734_YAHOO_id_184_WebService_tr_500_1st_768.csv,0.9999517787714548,0.9999954069492901,0.4574967356671319,0.004544256706347172,0.5424550431043229,0.9954075220651076,0.9999033928433416,0.9999907993184135,0.9999462233213354,0.9985486211901308,0.9999999999999996,1.0,0.9977971978514042,77.34927248954773,MAD/Feature_Plots/MAD_May_26/734_YAHOO_id_184_WebService_tr_500_1st_768/MAD_May_26_per_feature_artifacts_details.json
271_IOPS_id_12_WebService_tr_500_1st_341.csv,0.06870856195512041,0.5515987221364788,-0.15307354433178783,-0.31285809277924165,0.22178210628690823,0.3815666547343621,0.13938244073470213,0.6231426929013574,0.7395498028593069,0.49766305251527226,0.575645756457564,0.8559322033898306,0.32748101643925465,87.84005093574524,MAD/Feature_Plots/MAD_May_26/271_IOPS_id_12_WebService_tr_500_1st_341/MAD_May_26_per_feature_artifacts_details.json
156_Stock_id_8_Finance_tr_500_1st_24.csv,0.6693222960583394,0.808045523274346,0.34683140831500037,-0.3189357431402302,0.322490887743339,0.9882580391985696,0.6282311476064653,0.796252254985346,0.7589788970192201,0.7485108860124536,0.7532793041010302,0.7626262626262627,0.7483988612064646,296.8105993270874,MAD/Feature_Plots/MAD_May_26/156_Stock_id_8_Finance_tr_500_1st_24/MAD_May_26_per_feature_artifacts_details.json
537_SMAP_id_7_Sensor_tr_2077_1st_5394.csv,0.27140268469296774,0.6228637164062504,-0.07784258583725384,-0.7266350806377804,0.3492452705302216,0.9980377653307482,0.2710630334331145,0.6227758007117438,0.9982834346835416,0.3988603988603988,0.9999999999999996,1.0,0.3942825487601085,92.20565724372864,MAD/Feature_Plots/MAD_May_26/537_SMAP_id_7_Sensor_tr_2077_1st_5394/MAD_May_26_per_feature_artifacts_details.json
525_UCR_id_223_Facility_tr_50000_1st_250720.csv,0.005670267522464711,0.7142577426687319,-0.0005556220417358678,-0.05024396903399979,0.006225889564200579,0.0559142365564645,0.005569555805199325,0.7136061761665493,0.8185748800483221,0.020427055048136265,0.011229549263168792,0.022426553038797935,0.011229437599300425,1431.6578497886658,MAD/Feature_Plots/MAD_May_26/525_UCR_id_223_Facility_tr_50000_1st_250720/MAD_May_26_per_feature_artifacts_details.json
285_NEK_id_9_WebService_tr_500_1st_780.csv,0.44639737692942794,0.6910244751452186,-0.013034520699377716,-0.5091719039333686,0.45943189762880565,0.9555692808627966,0.7834903869386628,0.8796296296296297,0.6659703145074523,0.6459143968871596,0.6666666666666662,0.8923076923076924,0.8631529883935396,62.49726915359497,MAD/Feature_Plots/MAD_May_26/285_NEK_id_9_WebService_tr_500_1st_780/MAD_May_26_per_feature_artifacts_details.json
459_UCR_id_157_HumanActivity_tr_50000_1st_110260.csv,0.001026145999487549,0.4999339982735829,-0.0055671397918947655,-0.06468940498144704,0.006593285791382315,0.0657155509809346,0.00076,0.4996672471078019,0.78378191934056,0.0,0.0,0.0,0.0015188305005146036,300.0010325908661,MAD/Feature_Plots/MAD_May_26/459_UCR_id_157_HumanActivity_tr_50000_1st_110260/MAD_May_26_per_feature_artifacts_details.json
099_WSD_id_71_WebService_tr_4559_1st_14411.csv,0.00728364858716527,0.3320878925791622,-0.07832016606471279,-0.5870294785440281,0.08560381465187805,0.5943131271311933,0.01854666830024817,0.3921453897144083,0.655227079472116,0.1412742382271468,0.28571428571428537,0.36666666666666664,0.11593720666980953,342.97096586227417,MAD/Feature_Plots/MAD_May_26/099_WSD_id_71_WebService_tr_4559_1st_14411/MAD_May_26_per_feature_artifacts_details.json
570_YAHOO_id_20_Synthetic_tr_500_1st_658.csv,0.13305338867433603,0.5821533483181113,-0.18089218434020637,-0.8576385346861488,0.3139455730145424,0.9906919233604848,0.2538950217245931,0.6795165843330981,0.774149906536076,0.46153846153846156,0.6666666666666662,0.6666666666666666,0.3999968000255998,311.3688967227936,MAD/Feature_Plots/MAD_May_26/570_YAHOO_id_20_Synthetic_tr_500_1st_658/MAD_May_26_per_feature_artifacts_details.json
025_NAB_id_25_WebService_tr_3958_1st_4614.csv,0.1035156623086579,0.5055478562536551,-0.012732815636547629,-0.15450034868941492,0.11624847794520553,0.2580160109980728,0.10304963722461372,0.5054183823189817,0.5074606836874788,0.2585244885306882,0.4999999999999996,0.9987357774968394,0.18148238385647758,79.35690474510193,MAD/Feature_Plots/MAD_May_26/025_NAB_id_25_WebService_tr_3958_1st_4614/MAD_May_26_per_feature_artifacts_details.json
533_SMAP_id_3_Sensor_tr_2052_1st_5300.csv,0.8029218310246985,0.8858463814814592,0.21023811030077888,-0.19682873380614407,0.5926837207239196,0.9997505648308426,0.8028177554519316,0.8858162355040142,0.9974463029079131,0.8994698605929707,0.9999999999999996,1.0,0.8710927668932946,55.86137056350708,MAD/Feature_Plots/MAD_May_26/533_SMAP_id_3_Sensor_tr_2052_1st_5300/MAD_May_26_per_feature_artifacts_details.json
558_YAHOO_id_8_WebService_tr_500_1st_1125.csv,0.5440731799289084,0.9687583646053983,0.42864630590819736,0.009893273125924473,0.11542687402071099,0.5341799068029839,0.5303525973319511,0.96253711952487,0.7482368022004396,0.31973965219159967,0.7022222222222217,0.7048458149779736,0.6991104707010768,142.77103328704834,MAD/Feature_Plots/MAD_May_26/558_YAHOO_id_8_WebService_tr_500_1st_1125/MAD_May_26_per_feature_artifacts_details.json
279_NEK_id_3_WebService_tr_500_1st_974.csv,0.946171778756849,0.9706726492401611,0.4378232364416831,-0.04643841578858443,0.5083485423151659,0.9926101945454334,0.939657732761181,0.9668651104496317,0.999815620998719,0.9729119638826185,0.9999999999999996,1.0,0.9659040967458634,168.28524351119995,MAD/Feature_Plots/MAD_May_26/279_NEK_id_3_WebService_tr_500_1st_974/MAD_May_26_per_feature_artifacts_details.json
140_MSL_id_1_Sensor_tr_530_1st_630.csv,0.15609023565189292,0.5507766184244421,-0.3456593084686861,-0.8435507492811126,0.501749544120579,0.9996409849330056,0.13617658062102508,0.5454545454545454,0.9895494331400838,0.42857142857142866,0.9999999999999996,1.0,0.1666651389028934,43.15687394142151,MAD/Feature_Plots/MAD_May_26/140_MSL_id_1_Sensor_tr_530_1st_630/MAD_May_26_per_feature_artifacts_details.json
644_YAHOO_id_94_WebService_tr_500_1st_1078.csv,0.9378617993908299,0.9797498833966523,0.6619040440573286,-0.039152294557066036,0.2759577553335013,0.977014093947896,0.913363530778165,0.9910294117647058,0.9200003496700853,0.20427881297446515,0.8579710144927531,0.9548387096774194,0.9548337149064609,67.73001098632812,MAD/Feature_Plots/MAD_May_26/644_YAHOO_id_94_WebService_tr_500_1st_1078/MAD_May_26_per_feature_artifacts_details.json
261_IOPS_id_2_WebService_tr_2178_1st_2278.csv,0.33435657961115395,0.6668088238903509,0.15771429342676946,-0.2723935515543253,0.1766422861843845,0.6067501311654793,1.0,1.0,0.9999999999999996,1.0,0.9999999999999996,1.0,0.9999950000249999,57.370808601379395,MAD/Feature_Plots/MAD_May_26/261_IOPS_id_2_WebService_tr_2178_1st_2278/MAD_May_26_per_feature_artifacts_details.json
283_NEK_id_7_WebService_tr_500_1st_777.csv,0.4198827364365378,0.6721332786049047,-0.07358199322791692,-0.5552925185795266,0.4934647296644547,0.9751752550160644,0.7187480584032309,0.8416666666666667,0.6644363417659657,0.6161689730517116,0.6666666666666662,0.8837209302325582,0.8118763650909004,66.08015775680542,MAD/Feature_Plots/MAD_May_26/283_NEK_id_7_WebService_tr_500_1st_777/MAD_May_26_per_feature_artifacts_details.json
430_UCR_id_128_HumanActivity_tr_12500_1st_46500.csv,0.0072394900782404865,0.5124173155464332,-0.002204489734954086,-0.018334474709590216,0.009443979813194572,0.0255739647878307,0.006148548942449582,0.5120824949698188,0.6773347075462104,0.0061305813834678655,0.01222195062331947,0.012221950623319482,0.012221829151900926,417.3807384967804,MAD/Feature_Plots/MAD_May_26/430_UCR_id_128_HumanActivity_tr_12500_1st_46500/MAD_May_26_per_feature_artifacts_details.json
542_SMAP_id_12_Sensor_tr_1908_1st_4690.csv,0.03666326162485828,0.5162481553089971,-0.42222358499197427,-0.9633367383751417,0.45888684661683254,1.0,0.6787296273753973,0.8387096774193548,0.9998900940963615,0.8518518518518519,0.9999999999999996,1.0,0.8076874926322555,519.944550037384,MAD/Feature_Plots/MAD_May_26/542_SMAP_id_12_Sensor_tr_1908_1st_4690/MAD_May_26_per_feature_artifacts_details.json
331_UCR_id_29_Facility_tr_50000_1st_837400.csv,0.001948032444330568,0.5000148144616904,-0.000936975754275032,-0.010487701928974432,0.0028850081986056,0.012435734373305,0.001888888888888889,0.5,,0.0,0.0,0.0,0.003770617793545368,9575.944094657898,MAD/Feature_Plots/MAD_May_26/331_UCR_id_29_Facility_tr_50000_1st_837400/MAD_May_26_per_feature_artifacts_details.json
117_WSD_id_89_WebService_tr_3251_1st_3351.csv,0.1669410986190475,0.6666742176687331,0.06754536179248555,-0.2443445448063526,0.09939573682656194,0.4112856434254001,0.5,0.9999083857570391,0.7910487703594328,0.6666666666666666,0.6666666666666662,0.8571428571428571,0.6666622222518517,279.0184471607208,MAD/Feature_Plots/MAD_May_26/117_WSD_id_89_WebService_tr_3251_1st_3351/MAD_May_26_per_feature_artifacts_details.json
166_Stock_id_18_Finance_tr_500_1st_18.csv,0.99858082964187,0.999884248329363,0.10547967694965765,-0.0011282224888480297,0.8931011526922124,0.999709052130718,0.9967925873129009,0.99973841771784,0.9996925891596878,0.9990454206223858,0.9983937176512577,0.9983937176512583,0.9983887176891989,511.5450441837311,MAD/Feature_Plots/MAD_May_26/166_Stock_id_18_Finance_tr_500_1st_18/MAD_May_26_per_feature_artifacts_details.json
049_WSD_id_21_WebService_tr_4297_1st_7097.csv,0.02731436966787042,0.6917289396779013,-0.042807197569288316,-0.32976938927604915,0.07012156723715873,0.3570837589439196,0.03829186096253862,0.8908850945106017,0.8402730392274226,0.04486803077525332,0.10477657935285038,0.2014388489208633,0.10302860076274427,3145.222466945648,MAD/Feature_Plots/MAD_May_26/049_WSD_id_21_WebService_tr_4297_1st_7097/MAD_May_26_per_feature_artifacts_details.json
155_Stock_id_7_Finance_tr_500_1st_18.csv,0.990939564296269,0.9997659470077135,0.06539706580284743,-0.008581364731629848,0.9255424984934215,0.9995209290278988,0.9898270600203459,0.9997372155358175,0.9985868808580323,0.9959557832299811,0.9948875255623716,0.9948875255623721,0.9948825257181861,294.86985325813293,MAD/Feature_Plots/MAD_May_26/155_Stock_id_7_Finance_tr_500_1st_18/MAD_May_26_per_feature_artifacts_details.json
040_WSD_id_12_WebService_tr_4559_1st_9714.csv,0.3737342630102974,0.8918308479207405,0.2994290774381517,-0.5543759928179286,0.07430518557214569,0.928110255828226,0.3446621376478491,0.8768202199746647,0.886824738920692,0.6948353615203068,0.7499999999999994,0.8947368421052632,0.5391258465418838,79.51134872436523,MAD/Feature_Plots/MAD_May_26/040_WSD_id_12_WebService_tr_4559_1st_9714/MAD_May_26_per_feature_artifacts_details.json
307_UCR_id_5_Facility_tr_29895_1st_39240.csv,0.0008340955550951858,0.2560002620337818,-0.0011580547592166483,-0.008036939376400615,0.001992150314311834,0.0088710349314958,0.0008028098344204717,0.25599243413344047,0.8681407323498928,0.0,0.0,0.0,0.0016043156652906802,204.69295048713684,MAD/Feature_Plots/MAD_May_26/307_UCR_id_5_Facility_tr_29895_1st_39240/MAD_May_26_per_feature_artifacts_details.json
534_SMAP_id_4_Sensor_tr_1968_1st_4370.csv,0.03258542633456223,0.51147929591107,-0.41099250043634666,-0.9558928982573183,0.4435779267709089,0.9884783245918805,0.06491954160378909,0.5294117647058824,0.9983612568187424,0.39622641509433965,0.9999999999999996,1.0,0.1111100617383058,57.85637450218201,MAD/Feature_Plots/MAD_May_26/534_SMAP_id_4_Sensor_tr_1968_1st_4370/MAD_May_26_per_feature_artifacts_details.json
162_Stock_id_14_Finance_tr_500_1st_4.csv,0.9987921284682025,0.9990804804085234,0.045251091994407466,-0.0004928546660374344,0.9535410364737951,0.99928498313424,0.9765501948397713,0.9860143666565789,0.9879467790374274,0.9860284292212969,0.9867977411946304,0.9879430032882718,0.9849711824221201,326.2696886062622,MAD/Feature_Plots/MAD_May_26/162_Stock_id_14_Finance_tr_500_1st_4/MAD_May_26_per_feature_artifacts_details.json
160_Stock_id_12_Finance_tr_500_1st_14.csv,0.8601359432585659,0.9896137517360526,0.1800353138545009,-0.13718758822320987,0.680100629404065,0.9973235314817758,0.5057052221464916,0.9716251343484563,0.9602889055490071,0.6593127360420202,0.6725752391514903,0.672645739910314,0.6726412622794838,368.0534806251526,MAD/Feature_Plots/MAD_May_26/160_Stock_id_12_Finance_tr_500_1st_14/MAD_May_26_per_feature_artifacts_details.json
341_UCR_id_39_HumanActivity_tr_48812_1st_128430.csv,0.0010045606931350566,0.8618786249295025,0.0004144760848001903,-0.005407508423201044,0.0005900846083348663,0.0064120691163361,1.8524350258414687e-05,0.8617611357804649,0.9053202330117364,3.704801422643747e-05,3.7048014226437426e-05,3.704801422643746e-05,3.70476437568626e-05,608.4508183002472,MAD/Feature_Plots/MAD_May_26/341_UCR_id_39_HumanActivity_tr_48812_1st_128430/MAD_May_26_per_feature_artifacts_details.json
149_Stock_id_1_Finance_tr_500_1st_7.csv,0.9751166474489202,0.9993392233306647,0.13095675199715362,-0.023855391571805384,0.8441598954517666,0.9989720390207256,0.9712871287128713,0.9992376045007625,0.9966022314308783,0.9888238424693987,0.9854344550477141,0.9854344550477148,0.9854294561338488,1933.30229306221,MAD/Feature_Plots/MAD_May_26/149_Stock_id_1_Finance_tr_500_1st_7/MAD_May_26_per_feature_artifacts_details.json
165_Stock_id_17_Finance_tr_500_1st_7.csv,0.9948393024607051,0.9995759836255549,0.017503080669226345,-0.00509192202408093,0.9773362217914787,0.999931224484786,0.9900920028308563,0.9991861411463784,0.9987494509978686,0.9961249527859771,0.9950213371265998,0.9950213371266002,0.9950163372756594,355.0413339138031,MAD/Feature_Plots/MAD_May_26/165_Stock_id_17_Finance_tr_500_1st_7/MAD_May_26_per_feature_artifacts_details.json
349_UCR_id_47_Facility_tr_29954_1st_74900.csv,0.0008324318052920014,0.5000036359663559,-0.0007920296561271331,-0.003770375375303099,0.0016244614614191345,0.0046028071805951,0.0008012084894716197,0.4996951295908054,0.256791493768724,0.0,0.0,0.0,0.0016011181383167898,553.6003618240356,MAD/Feature_Plots/MAD_May_26/349_UCR_id_47_Facility_tr_29954_1st_74900/MAD_May_26_per_feature_artifacts_details.json
531_SMAP_id_1_Sensor_tr_1811_1st_4510.csv,0.03064662452331905,0.5080169197503945,-0.49807831002937425,-0.9623940985749422,0.5287249345526933,0.9930407230982612,0.26754197599034707,0.6296296296296297,0.9983253184199603,0.5789473684210527,0.9999999999999996,1.0,0.4117614360121257,52.63776779174805,MAD/Feature_Plots/MAD_May_26/531_SMAP_id_1_Sensor_tr_1811_1st_4510/MAD_May_26_per_feature_artifacts_details.json
645_YAHOO_id_95_WebService_tr_500_1st_1047.csv,1.0,1.0,0.7270626572451462,0.0,0.2729373427548539,1.0,1.0,1.0,0.9999999999999996,1.0,0.9999999999999996,1.0,0.9999950000249999,302.314346075058,MAD/Feature_Plots/MAD_May_26/645_YAHOO_id_95_WebService_tr_500_1st_1047/MAD_May_26_per_feature_artifacts_details.json
649_YAHOO_id_99_WebService_tr_500_1st_1386.csv,1.0,1.0,0.5524325451696857,0.0,0.44756745483031435,1.0,1.0,1.0,0.9999999999999996,1.0,0.9999999999999996,1.0,0.9999950000249999,57.30599594116211,MAD/Feature_Plots/MAD_May_26/649_YAHOO_id_99_WebService_tr_500_1st_1386/MAD_May_26_per_feature_artifacts_details.json
562_YAHOO_id_12_Synthetic_tr_500_1st_893.csv,1.0,1.0,0.4118471187143089,0.0,0.5881528812856911,1.0,1.0,1.0,0.9999999999999996,1.0,0.9999999999999996,1.0,0.9999950000249999,54.68602466583252,MAD/Feature_Plots/MAD_May_26/562_YAHOO_id_12_Synthetic_tr_500_1st_893/MAD_May_26_per_feature_artifacts_details.json
579_YAHOO_id_29_WebService_tr_500_1st_1342.csv,0.5,0.9997022036926743,0.2537606264942574,-0.5,0.2462393735057426,1.0,0.5,0.9997022036926743,0.7030782591913534,0.6666666666666666,0.6666666666666662,0.6666666666666666,0.6666622222518517,55.876657485961914,MAD/Feature_Plots/MAD_May_26/579_YAHOO_id_29_WebService_tr_500_1st_1342/MAD_May_26_per_feature_artifacts_details.json
680_YAHOO_id_130_Synthetic_tr_500_1st_893.csv,1.0,1.0,0.5237804269147588,0.0,0.4762195730852412,1.0,1.0,1.0,0.9999999999999996,1.0,0.9999999999999996,1.0,0.9999950000249999,38.125303745269775,MAD/Feature_Plots/MAD_May_26/680_YAHOO_id_130_Synthetic_tr_500_1st_893/MAD_May_26_per_feature_artifacts_details.json
657_YAHOO_id_107_WebService_tr_500_1st_1260.csv,0.5,0.9996525364836666,0.038607600899053685,-0.5,0.4613923991009463,1.0,0.5,0.9996525364836693,0.7468726204720978,0.6666666666666666,0.6666666666666662,0.6666666666666666,0.6666622222518517,111.48916578292847,MAD/Feature_Plots/MAD_May_26/657_YAHOO_id_107_WebService_tr_500_1st_1260/MAD_May_26_per_feature_artifacts_details.json
552_YAHOO_id_2_Synthetic_tr_500_1st_893.csv,1.0,1.0,0.5073513211181762,0.0,0.4926486788818239,1.0,1.0,1.0,0.9999999999999996,1.0,0.9999999999999996,1.0,0.9999950000249999,55.790327072143555,MAD/Feature_Plots/MAD_May_26/552_YAHOO_id_2_Synthetic_tr_500_1st_893/MAD_May_26_per_feature_artifacts_details.json
701_YAHOO_id_151_Synthetic_tr_500_1st_893.csv,1.0,1.0,0.5168246960867054,0.0,0.48317530391329455,1.0,1.0,1.0,0.8357230643179019,0.6666666666666666,0.6666666666666662,0.6666666666666666,0.9999950000249999,197.13328504562378,MAD/Feature_Plots/MAD_May_26/701_YAHOO_id_151_Synthetic_tr_500_1st_893/MAD_May_26_per_feature_artifacts_details.json
780_YAHOO_id_230_Synthetic_tr_500_1st_893.csv,0.11111111111111115,0.9971830985915492,-0.2547743497871933,-0.8888888888888888,0.3658854608983045,1.0,0.1111111111111111,0.9971830985915493,0.8778625954198468,0.19999999999999998,0.1999999999999998,0.2,0.19999820001619983,231.99472665786743,MAD/Feature_Plots/MAD_May_26/780_YAHOO_id_230_Synthetic_tr_500_1st_893/MAD_May_26_per_feature_artifacts_details.json
658_YAHOO_id_108_Synthetic_tr_500_1st_893.csv,0.9829292991166358,0.9999879763050107,0.3651697222800714,-0.017070700883364154,0.6177595768365645,1.0,0.5,0.9996478873239437,0.999648011263639,0.6666666666666666,0.6666666666666662,0.6666666666666666,0.6666622222518517,52.71460437774658,MAD/Feature_Plots/MAD_May_26/658_YAHOO_id_108_Synthetic_tr_500_1st_893/MAD_May_26_per_feature_artifacts_details.json
755_YAHOO_id_205_Synthetic_tr_500_1st_893.csv,0.0584996762648433,0.6869033229624816,-0.34692183577903846,-0.9415003237351567,0.40542151204388177,1.0,0.0010787486515641855,0.673943661971831,0.800673562533971,0.0021551724137931034,0.002155172413793101,0.0021551724137931034,0.0021551508855078565,281.06713104248047,MAD/Feature_Plots/MAD_May_26/755_YAHOO_id_205_Synthetic_tr_500_1st_893/MAD_May_26_per_feature_artifacts_details.json
257_TAO_id_1_Environment_tr_500_1st_3.csv,1.0,1.0,0.08078263296508048,0.00016493441505116557,0.9192173670349195,0.9998350655849488,1.0,1.0,0.9999999999999996,1.0,0.9999999999999996,1.0,0.9999950000249999,326.0120749473572,MAD/Feature_Plots/MAD_May_26/257_TAO_id_1_Environment_tr_500_1st_3/MAD_May_26_per_feature_artifacts_details.json
151_Stock_id_3_Finance_tr_500_1st_62.csv,0.9715536886592274,0.9878487746258795,0.12046417205802906,-0.025989738640117777,0.8510895166011984,0.9975434272993452,0.6706869732574499,0.8721252728623168,0.8110185061039015,0.7761638740244994,0.7823745575858152,0.7891491985203453,0.7709589445172591,351.78886890411377,MAD/Feature_Plots/MAD_May_26/151_Stock_id_3_Finance_tr_500_1st_62/MAD_May_26_per_feature_artifacts_details.json
205_SMD_id_28_Facility_tr_5925_1st_17580.csv,0.10861156973990548,0.6234354350345559,-0.384983354073737,-0.8688565009470793,0.4935949238136425,0.9774680706869848,0.1352964174643073,0.6568020891431781,0.7965625458292278,0.21726190476190477,0.6923076923076918,0.9817073170731707,0.3576593870868246,76.5078353881836,MAD/Feature_Plots/MAD_May_26/205_SMD_id_28_Facility_tr_5925_1st_17580/MAD_May_26_per_feature_artifacts_details.json
287_TODS_id_1_Synthetic_tr_500_1st_11.csv,0.2170153612793144,0.5499466610151331,-0.6428383463782354,-0.765137401971396,0.8598537076575499,0.9821527632507104,0.0522,0.5,,0.0,0.0,0.0,0.0992197375048707,307.1631062030792,MAD/Feature_Plots/MAD_May_26/287_TODS_id_1_Synthetic_tr_500_1st_11/MAD_May_26_per_feature_artifacts_details.json
010_NAB_id_10_WebService_tr_500_1st_271.csv,0.784370388082262,0.9060550805653814,0.3999631791449442,-0.19694835846877634,0.3844072089373178,0.9813187465510383,0.7775807153205444,0.9025623334602207,0.9818558737089385,0.7913070283600494,0.9777777777777772,0.9966329966329966,0.8581510407211067,116.10685563087463,MAD/Feature_Plots/MAD_May_26/010_NAB_id_10_WebService_tr_500_1st_271/MAD_May_26_per_feature_artifacts_details.json
421_UCR_id_119_HumanActivity_tr_48750_1st_130700.csv,0.006324252307166717,0.43278459272125014,-0.003225814097553196,-0.01436486546874148,0.009550066404719913,0.0206891177759082,0.006051282051282051,0.4327159219894748,0.5390213250919091,0.0,0.0,0.0,0.012029649006955022,284.42120456695557,MAD/Feature_Plots/MAD_May_26/421_UCR_id_119_HumanActivity_tr_48750_1st_130700/MAD_May_26_per_feature_artifacts_details.json
277_NEK_id_1_WebService_tr_500_1st_17.csv,0.8841711458059736,0.9941729376733915,0.1811571384605699,-0.09133435358404363,0.7030140073454036,0.9755054993900172,0.820462366129635,0.9904533917858791,0.9757113110385675,0.5299438842655786,0.950819672131147,0.967032967032967,0.8673419908653774,136.9288296699524,MAD/Feature_Plots/MAD_May_26/277_NEK_id_1_WebService_tr_500_1st_17/MAD_May_26_per_feature_artifacts_details.json
054_WSD_id_26_WebService_tr_2409_1st_2509.csv,0.06566944698561226,0.5277314557912598,-0.0687341087366448,-0.6676940478680857,0.13440355572225707,0.733363494853698,0.5785074421224885,0.7953759973541692,0.8886935532122758,0.7781783103168157,0.8888888888888884,0.8620689655172413,0.7090861091234012,81.20855641365051,MAD/Feature_Plots/MAD_May_26/054_WSD_id_26_WebService_tr_2409_1st_2509/MAD_May_26_per_feature_artifacts_details.json
130_WSD_id_102_WebService_tr_2362_1st_2462.csv,0.389310764246055,0.7773989943157328,0.25645083512317846,-0.33277213751001383,0.13285992912287653,0.7220829017560688,0.3751397226902611,0.7846600123081471,0.9122623023261196,0.6132952657644251,0.8602150537634402,0.896358543417367,0.5397540543354279,333.5385732650757,MAD/Feature_Plots/MAD_May_26/130_WSD_id_102_WebService_tr_2362_1st_2462/MAD_May_26_per_feature_artifacts_details.json
113_WSD_id_85_WebService_tr_500_1st_335.csv,0.8565712040403767,0.9358930632639598,0.6780736557249012,-0.05891976152717071,0.17849754831547554,0.9154909655675474,0.7800313083784823,0.9373384549372564,0.9327299417642426,0.8041309780165387,0.9333333333333328,0.9389671361502347,0.7672363826871184,79.78732967376709,MAD/Feature_Plots/MAD_May_26/113_WSD_id_85_WebService_tr_500_1st_335/MAD_May_26_per_feature_artifacts_details.json
013_NAB_id_13_Traffic_tr_623_1st_2084.csv,0.18194925669111334,0.5785416279173776,-0.1519957380405082,-0.6950846448391341,0.33394499473162154,0.8770339015302475,0.1809230755803249,0.5779091144112832,0.8338562936605467,0.30860534124629074,0.7835051546391746,0.9900199600798403,0.2616787290967872,85.77088570594788,MAD/Feature_Plots/MAD_May_26/013_NAB_id_13_Traffic_tr_623_1st_2084/MAD_May_26_per_feature_artifacts_details.json
001_NAB_id_1_Facility_tr_1007_1st_2014.csv,0.16609125467882574,0.592346482257772,-0.010357708691644013,-0.40752070966896253,0.17644896337046975,0.5736119643477883,0.1645140174317751,0.5918557072658628,0.8643017006906286,0.3298952490097915,0.7999999999999995,0.9884726224783862,0.26485082330269283,346.8822240829468,MAD/Feature_Plots/MAD_May_26/001_NAB_id_1_Facility_tr_1007_1st_2014/MAD_May_26_per_feature_artifacts_details.json
855_OPPORTUNITY_id_14_HumanActivity_tr_808_1st_908.csv,0.6081433199159814,0.9362201355451597,0.3788607925012308,-0.009181926451256595,0.22928252741475058,0.617325246367238,0.6067234122574873,0.9357514661580519,0.8766015766019744,0.10977545928782034,0.7685060565275904,0.9883167459974037,0.7685013245039575,152.36582827568054,MAD/Feature_Plots/MAD_May_26/855_OPPORTUNITY_id_14_HumanActivity_tr_808_1st_908/MAD_May_26_per_feature_artifacts_details.json
405_UCR_id_103_Sensor_tr_2827_1st_5988.csv,0.9314079034829716,0.9659060750094948,0.8132344728699049,0.37614668769538895,0.11817343061306672,0.5552612157875827,0.9680499357853267,0.9845186106796804,0.9999708253862896,0.9658848614072495,0.9999999999999996,1.0,0.9637255701083576,75.8072190284729,MAD/Feature_Plots/MAD_May_26/405_UCR_id_103_Sensor_tr_2827_1st_5988/MAD_May_26_per_feature_artifacts_details.json
137_WSD_id_109_WebService_tr_4559_1st_14404.csv,0.10882379290143039,0.6849923332414485,0.01223551158212624,-0.5327468222207471,0.09658828131930415,0.6415706151221775,0.10856648398426443,0.6849277770473582,0.8383021472594012,0.36375872802220915,0.4444444444444441,0.959349593495935,0.3235244994257992,103.28841495513916,MAD/Feature_Plots/MAD_May_26/137_WSD_id_109_WebService_tr_4559_1st_14404/MAD_May_26_per_feature_artifacts_details.json
005_NAB_id_5_Traffic_tr_594_1st_1645.csv,0.21108173339896538,0.5613084958136018,0.10254102440130547,-0.07852186536387881,0.10854070899765991,0.2896035987628442,0.21726345014676743,0.5651260504201681,0.9807152070381163,0.46649484536082475,0.9999999999999996,1.0,0.23048123217348487,246.44638967514038,MAD/Feature_Plots/MAD_May_26/005_NAB_id_5_Traffic_tr_594_1st_1645/MAD_May_26_per_feature_artifacts_details.json
068_WSD_id_40_WebService_tr_4549_1st_13322.csv,0.07083210364313033,0.5345786476949208,0.019007750934733572,-0.17723381694114776,0.05182435270839676,0.2480659205842781,0.719875369583639,0.8620585265491428,0.9998988173792454,0.8601187481131127,0.9999999999999996,1.0,0.8235245059884704,58.74026799201965,MAD/Feature_Plots/MAD_May_26/068_WSD_id_40_WebService_tr_4549_1st_13322/MAD_May_26_per_feature_artifacts_details.json
202_SMD_id_25_Facility_tr_6250_1st_21230.csv,0.019848423026265546,0.5081021289194692,-0.11578616328927621,-0.5596104221375796,0.13563458631554176,0.5794588451638452,0.13864363636363636,0.5681818181818181,0.9993216613807596,0.4722222222222222,0.9999999999999996,1.0,0.23999788801858543,71.30938792228699,MAD/Feature_Plots/MAD_May_26/202_SMD_id_25_Facility_tr_6250_1st_21230/MAD_May_26_per_feature_artifacts_details.json
206_SMD_id_29_Facility_tr_6250_1st_21230.csv,0.019848423026265546,0.5081021289194692,-0.08130528061722311,-0.5543938369717409,0.10115370364348866,0.5742422599980065,0.10842060606060606,0.553030303030303,0.99930709597403,0.4433962264150943,0.9999999999999996,1.0,0.19177908802468363,77.13281726837158,MAD/Feature_Plots/MAD_May_26/206_SMD_id_29_Facility_tr_6250_1st_21230/MAD_May_26_per_feature_artifacts_details.json
