file,Time,AUC-PR,AUC-ROC,VUS-PR_my,VUS-ROC_my,Standard-F1,PA-F1,Event-based-F1,R-based-F1,Affiliation-F,VUS-PR_bench,VUS-ROC_bench,VUS-PR_Improvement,VUS-ROC_Improvement
001_NAB_id_1_Facility_tr_1007_1st_2014.csv,5.6788060665130615,0.8085462951379763,0.928941393725138,0.8086107030531541,0.9310249601303606,0.8489884026338573,1.0,0.9999999999999996,0.8809127891439262,0.996479486869974,0.80861,0.93102,7.03053154027522e-07,4.960130360665005e-06
002_NAB_id_2_WebService_tr_1500_1st_4106.csv,2.6604466438293457,0.4553535872280952,0.5144657957848869,0.4607772673123767,0.5446629096796846,0.5522687296002187,1.0,0.9999999999999996,0.5213556174558961,0.994295746518321,0.46078,0.54466,-2.7326876232969255e-06,2.9096796845262674e-06
003_NAB_id_3_WebService_tr_1362_1st_1462.csv,6.562280893325806,0.3893707942256332,0.6224615449331663,0.3909860525306008,0.6306845377030007,0.4206892048151993,1.0,0.9999999999999996,0.5260419323572924,0.9898745887717624,0.39099,0.63068,-3.947469399190329e-06,4.5377030006843455e-06
004_NAB_id_4_Facility_tr_1007_1st_1437.csv,1.9283454418182373,0.6113445443414464,0.8765280788123313,0.6165750337850436,0.8827003881159473,0.581971193652831,1.0,0.9999999999999996,0.5845070422535211,0.986378496583599,0.61658,0.8827,-4.966214956381165e-06,3.881159472696183e-07
005_NAB_id_5_Traffic_tr_594_1st_1645.csv,1.2666726112365725,0.1377852288603964,0.4546037938762614,0.1428707109297674,0.4575166792428352,0.2835004119190696,0.8670309653916212,0.536585365853658,0.4172380019588638,0.8377186383526548,0.14287,0.45752,7.109297674168236e-07,-3.320757164804178e-06
006_NAB_id_6_Traffic_tr_2579_1st_5839.csv,4.358517408370972,0.3608434838683485,0.6913351944621835,0.3347878807126856,0.7204251582628023,0.3676212347261288,0.8378240976105745,0.7399999999999994,0.4253138611324622,0.8222871985847479,0.33479,0.72043,-2.1192873143616175e-06,-4.84173719772496e-06
007_NAB_id_7_Traffic_tr_624_1st_2087.csv,1.3407599925994873,0.8957281903309015,0.9257113325976984,0.9479701863773058,0.9818913191821386,0.9078897753425956,1.0,0.9999999999999996,0.9273356401384084,0.9971793966720928,0.94797,0.98189,1.8637730581083645e-07,1.3191821385261093e-06
008_NAB_id_8_Synthetic_tr_1007_1st_2734.csv,2.1543121337890625,0.7909511323832239,0.8387958252276781,0.8207645051284979,0.8723470232015436,0.7989226441956824,1.0,0.9999999999999996,0.8280404003779256,0.9924852638731412,0.82076,0.87235,4.505128497811484e-06,-2.976798456399976e-06
009_NAB_id_9_Traffic_tr_500_1st_438.csv,1.1705224514007568,0.7017558846994189,0.8075192802056556,0.7419455452864032,0.8615633419130465,0.7142811224784984,1.0,0.9999999999999996,0.7837837837837839,0.9913892016050436,0.74195,0.86156,-4.454713596779847e-06,3.3419130465173197e-06
010_NAB_id_10_WebService_tr_500_1st_271.csv,0.7226002216339111,0.231881429267755,0.7055537051135643,0.4350493730596725,0.7512624768741588,0.4270952653940666,0.4340175953079179,0.4283604135893645,0.6976308446145596,0.8795990077348965,0.43505,0.75126,-6.269403274861141e-07,2.4768741587744003e-06
011_NAB_id_11_Facility_tr_1007_1st_1526.csv,1.919539451599121,0.8363079396674221,0.9151669792374696,0.8794009447402503,0.94774818427426,0.8267278234036103,1.0,0.9999999999999996,0.6503416856492028,0.9981821775803296,0.8794,0.94775,9.447402503637292e-07,-1.8157257399842308e-06
012_NAB_id_12_Synthetic_tr_1007_1st_2787.csv,1.9321722984313965,0.0879896924708875,0.2688091430648506,0.137019248543189,0.4093821101800715,0.2257902505270689,0.996116504854369,0.6249999999999994,0.2935830349765905,0.9106221008793453,0.13702,0.40938,-7.514568109989739e-07,2.110180071457357e-06
013_NAB_id_13_Traffic_tr_623_1st_2084.csv,1.3309283256530762,0.9358991457294418,0.969330781604573,0.9921027626639102,0.9977867166245205,0.9193850107302252,1.0,0.9999999999999996,0.9347079037800688,0.998375042291301,0.9921,0.99779,2.7626639101940853e-06,-3.283375479501416e-06
014_NAB_id_14_WebService_tr_500_1st_1045.csv,1.120675563812256,0.6874015189249708,0.777142314269428,0.6903273037850202,0.7912568886149614,0.7540936630230828,1.0,0.9999999999999996,0.8125000000000001,0.9961284445456612,0.69033,0.79126,-2.6962149798359647e-06,-3.111385038612191e-06
015_NAB_id_15_Synthetic_tr_1007_1st_2787.csv,1.8940846920013428,0.0875071530838172,0.2833337212021273,0.1308578514086776,0.4165214118949403,0.2257902505270689,0.994186046511628,0.5882352941176466,0.2942479950647749,0.9077784298300536,0.13086,0.41652,-2.148591322415072e-06,1.4118949402952552e-06
016_NAB_id_16_Environment_tr_1816_1st_3540.csv,3.1985785961151123,0.2487592835530643,0.6846760245316704,0.2580084366160728,0.6897458368890477,0.4419841503283706,0.7925561029009305,0.5383580080753697,0.355070283370663,0.730516350841767,0.25801,0.68975,-1.5633839272055639e-06,-4.163110952304372e-06
017_NAB_id_17_Synthetic_tr_1007_1st_1805.csv,47.6489851474762,0.3717355741245773,0.5952395640973966,0.3746769513835301,0.6295412795648235,0.4266111252901689,1.0,0.9999999999999996,0.5884831460674157,0.9865509245868004,0.37468,0.62954,-3.0486164699361495e-06,1.2795648235419677e-06
018_NAB_id_18_Facility_tr_500_1st_669.csv,2.1081674098968506,0.0707267753295429,0.3417859521685036,0.1025098156567428,0.426356388344284,0.1905710077584954,0.292834890965732,0.189204229271007,0.2679723436398952,0.6709752818443531,0.10251,0.42636,-1.843432572007364e-07,-3.611655715995976e-06
019_NAB_id_19_Facility_tr_1007_1st_1171.csv,2.1291403770446777,0.529049656240477,0.7943755163866703,0.5274172476460959,0.7969596277660832,0.5220416997490892,1.0,0.9999999999999996,0.6431478968792402,0.9882939950613162,0.52742,0.79696,-2.752353904122984e-06,-3.722339168010791e-07
020_NAB_id_20_Synthetic_tr_1007_1st_2679.csv,1.909533977508545,0.1413591078659591,0.3793049711703288,0.2102909567135818,0.4763775739481264,0.2669796298476184,0.9936,0.7222222222222218,0.3175070543491595,0.9407432116313452,0.21029,0.47638,9.567135818011607e-07,-2.4260518736163306e-06
021_NAB_id_21_WebService_tr_500_1st_565.csv,0.990532398223877,0.3548076518629904,0.7121966848940535,0.2750990483743884,0.6867640590253831,0.3999956541893615,0.6666666666666666,0.6666666666666662,0.4660756312930226,0.8509810292559786,0.2751,0.68676,-9.516256115893462e-07,4.059025383029713e-06
022_NAB_id_22_Facility_tr_1007_1st_2980.csv,1.909608602523804,0.704732097562257,0.9196245864645182,0.8218338336221066,0.9607588641305704,0.6614397795858388,1.0,0.9999999999999996,0.5712067474714584,0.953974222681648,0.82183,0.96076,3.833622106652612e-06,-1.135869429513825e-06
023_NAB_id_23_Facility_tr_4512_1st_16551.csv,7.3891761302948,0.439694274203797,0.8051286878869932,0.4495815895971811,0.805625595363374,0.6023479414671049,0.9973368841544608,0.8405315614617934,0.356201349247535,0.912103240323065,0.44958,0.80563,1.5895971811064058e-06,-4.404636625987557e-06
024_NAB_id_24_Synthetic_tr_1007_1st_2787.csv,1.9199566841125488,0.4903841274842064,0.6167019627269171,0.5276503689974668,0.7069545449445181,0.569033585575601,1.0,0.9999999999999996,0.6812339331619538,0.9882448894918818,0.52765,0.70695,3.6899746680418843e-07,4.544944518181104e-06
025_NAB_id_25_WebService_tr_3958_1st_4614.csv,6.565510988235474,0.2460052418750516,0.5894328843919752,0.2461408346386726,0.5939563615076584,0.2310041612590103,1.0,0.9999999999999996,0.4612388001558239,0.9804847989768488,0.24614,0.59396,8.346386725921473e-07,-3.6384923416399317e-06
026_NAB_id_26_Traffic_tr_624_1st_2261.csv,1.5304579734802246,0.5441814282371908,0.7854689863561524,0.5433263897740175,0.786990223895383,0.5833292014181566,1.0,0.9999999999999996,0.6923076923076924,0.9923491662058768,0.54333,0.78699,-3.6102259824977168e-06,2.2389538301137435e-07
027_NAB_id_27_Facility_tr_757_1st_2582.csv,1.504248857498169,0.5630501276328422,0.7883768986223949,0.5634681314154443,0.798370711918266,0.6531942545841443,1.0,0.9999999999999996,0.7405541561712847,0.9956051512101362,0.56347,0.79837,-1.8685845557531167e-06,7.119182660053625e-07
028_NAB_id_28_Facility_tr_1007_1st_3447.csv,1.9088706970214844,0.3903360074109345,0.6958648437449546,0.4585177212571758,0.7700282844366236,0.4270661786495615,1.0,0.9999999999999996,0.5570469798657718,0.977542061444334,0.45852,0.77003,-2.2787428241577423e-06,-1.7155633763588085e-06
032_WSD_id_4_WebService_tr_4559_1st_11822.csv,4.513127565383911,0.1787473702669514,0.9933827670358552,0.318959774756135,0.9940368938202372,0.3619005243126577,0.5797101449275363,0.3448275862068963,0.4800899165061015,0.9961730639805096,0.31896,0.99404,-2.2524386500410998e-07,-3.1061797628462173e-06
033_WSD_id_5_WebService_tr_4559_1st_12588.csv,7.458485603332519,0.173622956825725,0.9981458833121656,0.6277557227946725,0.9992186019750088,0.3333294924996749,0.5957446808510638,0.3499999999999997,0.4545454545454546,0.9987921379158884,0.62776,0.99922,-4.2772053274742206e-06,-1.398024991217106e-06
038_WSD_id_10_WebService_tr_4042_1st_4142.csv,7.407240152359009,0.1897587436407399,0.9918574691301963,0.6838792046133066,0.994792319429736,0.3856460568730406,0.6187050359712231,0.3211678832116784,0.3112500353987558,0.978859339928172,0.68388,0.99479,-7.953866933974041e-07,2.319429736052925e-06
039_WSD_id_11_WebService_tr_1746_1st_1846.csv,53.40270352363586,0.1799821270744789,0.9773037222448402,0.6410648015164709,0.9891115869639876,0.3581583395967193,0.3747927031509121,0.337645945093089,0.3691914461677453,0.88280756114863,0.64106,0.98911,4.8015164709758196e-06,1.5869639875543129e-06
040_WSD_id_12_WebService_tr_4559_1st_9714.csv,7.493387699127197,0.0103915889828427,0.8961440760326812,0.0259868007723283,0.8906512232276939,0.0338159422182078,0.036697247706422,0.0333664349553127,0.0838130753991376,0.7748624211904993,0.02599,0.89065,-3.199227671699806e-06,1.2232276938028974e-06
043_WSD_id_15_WebService_tr_4521_1st_6828.csv,7.626279592514038,0.0407863129278389,0.995630289285912,0.59143617668489,0.998319816477738,0.0983597205141328,0.096,0.0959999999999998,0.2343572241183162,0.9975929974461668,0.59144,0.99832,-3.823315109952041e-06,-1.8352226194284782e-07
045_WSD_id_17_WebService_tr_2566_1st_2666.csv,14.51378607749939,0.3816849816849816,0.999716584384714,0.2144498730737282,0.9984120650707312,0.6315746260683479,0.2857142857142857,0.2857142857142854,0.1034482758620689,0.99908073795207,0.21445,0.99841,-1.269262717984443e-07,2.0650707311942185e-06
049_WSD_id_21_WebService_tr_4297_1st_7097.csv,52.77004313468933,0.6083622270544747,0.9107874066080336,0.1719255666894273,0.6712439791192679,0.6086912571205813,0.8928571428571429,0.4999999999999996,0.352112676056338,0.9567505888187026,0.17193,0.67124,-4.433310572704574e-06,3.979119267971676e-06
053_WSD_id_25_WebService_tr_4559_1st_9198.csv,7.432202577590942,0.1313424835117574,0.9976319022030486,0.2262317091659773,0.9984013462901392,0.3561614562072092,0.3714285714285714,0.333333333333333,0.4361702127659574,0.998574131436602,0.22623,0.9984,1.7091659773038614e-06,1.346290139259132e-06
054_WSD_id_26_WebService_tr_2409_1st_2509.csv,7.698456048965454,0.1277963947659268,0.9872165033693,0.6261258841158938,0.9951227243549516,0.2444422987842661,0.2504743833017078,0.2372881355932201,0.428917778995207,0.9927240599484808,0.62613,0.99512,-4.115884106203893e-06,2.7243549516331456e-06
058_WSD_id_30_WebService_tr_1136_1st_1236.csv,7.632168292999268,0.1057012507503409,0.9979701558042572,0.1524725180122708,0.9982520702510458,0.3018842292848457,0.3018867924528302,0.2807017543859646,0.2807017543859649,0.999040559197721,0.15247,0.99825,2.5180122708023944e-06,2.0702510458159296e-06
060_WSD_id_32_WebService_tr_4576_1st_4766.csv,7.504295825958252,0.1455641954649916,0.9827915674317852,0.2276572772187101,0.9819732810981098,0.2608667357495294,0.2649253731343283,0.2546816479400746,0.2630082583584311,0.9862513649656454,0.22766,0.98197,-2.7227812899044412e-06,3.28109810976418e-06
068_WSD_id_40_WebService_tr_4549_1st_13322.csv,7.636742830276489,0.0523378203190245,0.6342375377700845,0.1295256171291287,0.5915635584906278,0.2653019555006832,0.2736842105263158,0.2626262626262622,0.2260869565217391,0.8820898518014539,0.12953,0.59156,-4.382870871316724e-06,3.558490627830757e-06
070_WSD_id_42_WebService_tr_2102_1st_2202.csv,4.920440435409546,0.1414578767520199,0.97833040515708,0.6565094562120026,0.9913278350080666,0.2648967991002403,0.272108843537415,0.2492113564668767,0.3612870209380463,0.9786575451270442,0.65651,0.99133,-5.43787997409062e-07,-2.164991933395477e-06
074_WSD_id_46_WebService_tr_990_1st_1090.csv,7.454319477081299,0.2275032039855345,0.964332460984486,0.2874551629508359,0.961166175806022,0.3206234144661406,0.3580786026200873,0.3159173754556496,0.2203854553796031,0.931729924915846,0.28746,0.96117,-4.837049164096996e-06,-3.824193977930435e-06
089_WSD_id_61_WebService_tr_1010_1st_1110.csv,7.173815488815308,0.2282141162907496,0.9674997610028032,0.7530029989627874,0.9887726200317504,0.3297191069804367,0.3675832127351664,0.319444444444444,0.3110456154433525,0.9312274232283666,0.753,0.98877,2.998962787437165e-06,2.620031750333318e-06
094_WSD_id_66_WebService_tr_3309_1st_3914.csv,5.514166593551636,0.1348055900165504,0.9909732291644124,0.6239660066985359,0.9967997790227532,0.250920259820549,0.34375,0.247272727272727,0.3198242900688124,0.9946476608769456,0.62397,0.9968,-3.993301464166876e-06,-2.209772468342308e-07
099_WSD_id_71_WebService_tr_4559_1st_14411.csv,7.43680477142334,0.2683124883465939,0.997134029048452,0.4451127226421139,0.9974257525296922,0.46153414323567,0.6593406593406593,0.4472049689440989,0.4354838709677419,0.9961887544993068,0.44511,0.99743,2.722642113872631e-06,-4.247470307805479e-06
106_WSD_id_78_WebService_tr_3363_1st_3463.csv,7.455888032913208,0.3951266324252914,0.9922369870256434,0.7502417019230457,0.9971353341735556,0.707195428688749,0.8047337278106509,0.7103825136612018,0.7686150887515495,0.9964113283812528,0.75024,0.99714,1.7019230457160361e-06,-4.665826444427701e-06
113_WSD_id_85_WebService_tr_500_1st_335.csv,7.486887216567993,0.1218448471981731,0.9158952775511976,0.5774726780618193,0.9391013230420774,0.2624735897860778,0.2741312741312741,0.2593133674214752,0.2728606499221189,0.923238944191128,0.57747,0.9391,2.6780618193056327e-06,1.3230420773391316e-06
117_WSD_id_89_WebService_tr_3251_1st_3351.csv,6.732243537902832,0.1033249158249158,0.9989820639671004,0.0823073371179383,0.9981197059348152,0.2399978880185854,0.1935483870967742,0.1935483870967739,0.1999999999999999,0.9991530973064996,0.08231,0.99812,-2.6628820616880766e-06,-2.9406518475827426e-07
125_WSD_id_97_WebService_tr_2217_1st_2317.csv,7.466385841369629,0.1323427783959975,0.9729975810987164,0.268689120820308,0.9767889219135666,0.2903200988765741,0.289544235924933,0.2895442359249326,0.3517337409822547,0.983236913181601,0.26869,0.97679,-8.791796919926931e-07,-1.078086433459191e-06
130_WSD_id_102_WebService_tr_2362_1st_2462.csv,7.665017604827881,0.2322758045329404,0.98024215497748,0.3648183083489993,0.9833651731460984,0.4131323152955068,0.4184549356223176,0.4106951871657751,0.4927901495279635,0.98436546095977,0.36482,0.98337,-1.6916510006681484e-06,-4.826853901573891e-06
137_WSD_id_109_WebService_tr_4559_1st_14404.csv,7.477042198181152,0.3256205678476035,0.9965984206153614,0.4617314389090555,0.9971424798134244,0.493720130978093,0.592964824120603,0.4999999999999996,0.4946076608404612,0.996033349888008,0.46173,0.99714,1.4389090555178008e-06,2.4798134243830816e-06
139_WSD_id_111_WebService_tr_1701_1st_1801.csv,7.51741361618042,0.2769572989101889,0.9042484879785972,0.5748220902616069,0.917231066587401,0.3410808798113643,0.3963963963963964,0.2732919254658381,0.2920970256583797,0.908265841756029,0.57482,0.91723,2.0902616069129465e-06,1.0665874009552212e-06
140_MSL_id_1_Sensor_tr_530_1st_630.csv,1.316068410873413,0.8868665174963453,0.9316329562008524,0.921397300957802,0.9767242593901344,0.9291985649103384,1.0,0.9999999999999996,0.9404553415061296,0.9996512745489954,0.9214,0.97672,-2.6990421979622425e-06,4.259390134375707e-06
141_MSL_id_2_Sensor_tr_500_1st_550.csv,1.2391459941864014,0.4692954803456067,0.8756469367381253,0.7084153058654559,0.935249747284034,0.5273478009854377,0.8308921438082557,0.7080459770114937,0.3864769301242189,0.8425300556315124,0.70842,0.93525,-4.6941345441808835e-06,-2.527159660425937e-07
142_MSL_id_3_Sensor_tr_1525_1st_4575.csv,2.7272865772247314,0.99760564278959,0.9999262605020446,0.9993170666209396,0.9999883661245534,0.9757362428602115,1.0,0.9999999999999996,0.9718462549277268,0.9998691070428104,0.99932,0.99999,-2.9333790604324506e-06,-1.633875446604982e-06
143_MSL_id_4_Sensor_tr_980_1st_3550.csv,1.870314598083496,0.832078162169033,0.9956569919268872,0.9766562742619926,0.9995069261656016,0.8961374871936908,1.0,0.9999999999999996,0.6206512842844022,0.9956388202039256,0.97666,0.99951,-3.7257380073318913e-06,-3.0738343984593186e-06
144_MSL_id_5_Sensor_tr_1525_1st_4590.csv,2.9106388092041016,0.0147424634272992,0.3172229547317629,0.0236122804615665,0.4669984967096108,0.0539978257960931,0.1207929921622867,0.0500860256165168,0.40877436019732,0.6688677762611909,0.02361,0.467,2.2804615665006356e-06,-1.5032903892264748e-06
145_MSL_id_6_Sensor_tr_530_1st_630.csv,39.2195520401001,0.3964901714007056,0.9569238588491314,0.5008405337969901,0.974150044701654,0.5899659108788209,0.9758064516129032,0.6326530612244893,0.3351449625747055,0.9487899970401996,0.50084,0.97415,5.337969901653139e-07,4.470165404502069e-08
146_MSL_id_7_Sensor_tr_554_1st_1172.csv,1.2022712230682373,0.0697043453795528,0.7522535287291178,0.1110184048358639,0.828741655942848,0.1481431507858616,0.7885714285714286,0.2597402597402595,0.2183582693085321,0.7335000403887254,0.11102,0.82874,-1.595164136100613e-06,1.6559428479556715e-06
147_MSL_id_8_Sensor_tr_590_1st_690.csv,1.2789413928985596,0.3686179272961754,0.8481204541810603,0.449660982652148,0.9122695774239976,0.5804146511250455,0.8734835355285961,0.6853448275862064,0.5736191507951673,0.9191252482007236,0.44966,0.91227,9.82652147984986e-07,-4.2257600241235593e-07
148_MSL_id_9_Sensor_tr_883_1st_1238.csv,1.8365020751953125,0.9083567939725722,0.9901842980599368,0.9231988043494836,0.9930990294531906,0.8211332381820139,1.0,0.9999999999999996,0.7517972293984825,0.9968704295568852,0.9232,0.9931,-1.1956505163723818e-06,-9.70546809364592e-07
149_Stock_id_1_Finance_tr_500_1st_7.csv,8.151562213897705,0.0671112659260886,0.5987623889603609,0.8618381845332657,0.9232315753184548,0.1200512549432664,0.1198925491304962,0.1195395192544377,0.0724639195823004,0.6715604720910014,0.86184,0.92323,-1.8154667343894815e-06,1.5753184547939725e-06
151_Stock_id_3_Finance_tr_500_1st_62.csv,4.473628044128418,0.062751006532642,0.5911441621764317,0.8698560589428713,0.9300305035294788,0.1151757036687258,0.1145173549531289,0.1140530717514355,0.1017989081759917,0.6727765258730036,0.86986,0.93003,-3.941057128642456e-06,5.035294787791855e-07
152_Stock_id_4_Finance_tr_500_1st_2.csv,8.15706753730774,0.1700793913182763,0.5631881216294575,0.9208843101101476,0.9422832010915702,0.255870179279218,0.2562112858212511,0.2555061291349338,0.1295751229371282,0.6863049169795415,0.92088,0.94228,4.310110147565105e-06,3.2010915701485843e-06
155_Stock_id_7_Finance_tr_500_1st_18.csv,23.172768115997314,0.0677413292857034,0.604585434956362,0.9370578993706176,0.9648302803460052,0.1226153549392424,0.123054114158636,0.1216984484188082,0.0700493286104645,0.6728096536925305,0.93706,0.96483,-2.1006293824399336e-06,2.803460051881146e-07
156_Stock_id_8_Finance_tr_500_1st_24.csv,27.29661464691162,0.058123038996111,0.5737728274942983,0.1630525628950145,0.5558870362554338,0.1084525248220501,0.1071370243344765,0.1071898803875764,0.1070624894452962,0.67405871489161,0.16305,0.55589,2.562895014490696e-06,-2.963744566208959e-06
160_Stock_id_12_Finance_tr_500_1st_14.csv,8.20078730583191,0.0685166981745458,0.5934095680594956,0.6868269437278771,0.8255422962188824,0.1208318433890944,0.1204250295159386,0.1207141753905957,0.093769874120249,0.6712833074598976,0.68683,0.82554,-3.0562721229365764e-06,2.2962188823694163e-06
161_Stock_id_13_Finance_tr_500_1st_3.csv,4.268637657165527,0.0690593958191385,0.606976880401955,0.2012334667876176,0.598095473477316,0.1204799732937843,0.1200539568345323,0.1193702034196981,0.0959693543517393,0.6720694592382399,0.20123,0.5981,3.4667876176175394e-06,-4.52652268401188e-06
162_Stock_id_14_Finance_tr_500_1st_4.csv,4.430139780044556,0.1639598549161104,0.5629783701536702,0.9491410707128926,0.9646551426740702,0.2546239293637276,0.2546146101353619,0.2538318299378535,0.1349705515671707,0.6875258351245696,0.94914,0.96466,1.0707128925702136e-06,-4.857325929807921e-06
165_Stock_id_17_Finance_tr_500_1st_7.csv,31.20791959762573,0.1675800232725823,0.5614099533283985,0.974767092493983,0.9821188808510388,0.2552898591615936,0.2550834043589431,0.2543129299371364,0.1184151398103661,0.6864304237553852,0.97477,0.98212,-2.907506017058026e-06,-1.1191489611706018e-06
166_Stock_id_18_Finance_tr_500_1st_18.csv,8.096454381942749,0.1694120268527244,0.5688978302813252,0.8803942907597164,0.915765253277068,0.2609792187999618,0.2606301621290914,0.2596823454433032,0.1178087384930594,0.6864956270636391,0.88039,0.91577,4.2907597164187905e-06,-4.7467229319364534e-06
169_Daphnet_id_1_HumanActivity_tr_9693_1st_20732.csv,15.449734210968018,0.5481682517064534,0.9575738132427236,0.5460403793290294,0.9585612570223184,0.5767377658109225,0.7729966503478485,0.6939080602964988,0.5392522067658626,0.9693087117690082,0.54604,0.95856,3.793290294096252e-07,1.257022318457146e-06
170_MITDB_id_1_Medical_tr_17675_1st_17775.csv,218.7999212741852,0.0505897767508532,0.5898584636254591,0.0627295955435667,0.6492902991730708,0.1167922503187325,0.6003418188360169,0.1175945136007375,0.1150146474414156,0.710508395187785,0.06273,0.64929,-4.0445643328945735e-07,2.9917307076132715e-07
171_MITDB_id_2_Medical_tr_50000_1st_88864.csv,253.371235370636,0.0455200121338993,0.5822514760425628,0.0503257543931495,0.6373795597919523,0.0875087082670967,0.8825084800085468,0.5362053162236475,0.2080071417171018,0.8039433623220001,0.05033,0.63738,-4.24560685050035e-06,-4.402080476806347e-07
172_MITDB_id_3_Medical_tr_27274_1st_27374.csv,254.0731251239777,0.0289476004634779,0.4168795304580053,0.0312926389070994,0.4571690723526489,0.0645017725124403,0.6690720695716532,0.1860465116279065,0.0716095922384142,0.6805320522090614,0.03129,0.45717,2.6389070994017882e-06,-9.276473511010686e-07
173_MITDB_id_4_Medical_tr_13620_1st_13720.csv,254.1947400569916,0.0699466759328656,0.3255395407445332,0.1052100180023642,0.4535096316362508,0.1861914488986323,0.316708848670073,0.1860855806139689,0.1158912457898531,0.7328608244412326,0.10521,0.45351,1.8002364196578746e-08,-3.683637492257752e-07
174_MITDB_id_5_Medical_tr_50000_1st_539948.csv,254.0459671020508,0.1731807204899793,0.6990017536901604,0.0113415737065704,0.7874118396038723,0.2806990552908213,0.6666666666666666,0.6666666666666662,0.3120805369127516,0.9312163462190588,0.01134,0.78741,1.5737065704006514e-06,1.839603872233475e-06
175_MITDB_id_6_Medical_tr_27274_1st_27374.csv,254.819260597229,0.0469477580873079,0.5301130553735304,0.0422721624058994,0.5685640511100812,0.0775893228584023,0.8156430501828202,0.5112781954887213,0.1383861816261367,0.7167396538152686,0.04227,0.56856,2.1624058993974238e-06,4.051110081282339e-06
176_MITDB_id_7_Medical_tr_6232_1st_6332.csv,253.38067436218265,0.2835073844865736,0.5690222397785193,0.2858863933738397,0.6483305531505744,0.3378511157255825,0.8738239318409434,0.8245251579910098,0.3369457852488817,0.8770213427305741,0.28589,0.64833,-3.6066261602796246e-06,5.531505744560405e-07
177_MITDB_id_8_Medical_tr_17675_1st_17775.csv,254.58002614974976,0.0648226307480466,0.6637274502402188,0.0830773559075919,0.7143109194092837,0.1201012034859777,0.8549776539931343,0.1726245601037227,0.1194100608771109,0.7230650347243535,0.08308,0.71431,-2.6440924081050365e-06,9.194092837061518e-07
178_SMD_id_1_Facility_tr_6000_1st_10609.csv,9.912546634674072,0.3105652428537319,0.7386092790038538,0.1163639775682422,0.7889558826000458,0.4444409876812069,0.8428184281842819,0.3999999999999996,0.2276677589400199,0.71080838381964,0.11636,0.78896,3.9775682421916425e-06,-4.117399954206569e-06
179_SMD_id_2_Facility_tr_5925_1st_17580.csv,9.56130838394165,0.9033465392796788,0.9995815592695176,0.9705243197588924,0.999879919884197,0.9044894276562248,1.0,0.9999999999999996,0.899441340782123,0.9994388499077748,0.97052,0.99988,4.319758892368242e-06,-8.011580299172039e-08
180_SMD_id_3_Facility_tr_5925_1st_17580.csv,9.526456356048584,0.9985963776229902,0.9999891828058324,0.9409599676338524,0.9997604892594756,0.9907070743765644,1.0,0.9999999999999996,0.9882674089981996,0.9999361935726242,0.94096,0.99976,-3.2366147650897403e-08,4.89259475600079e-07
181_SMD_id_4_Facility_tr_5000_1st_15144.csv,8.288655281066895,0.6907969734980632,0.978502770263348,0.7473579071962868,0.9844248716369812,0.6053681721296301,1.0,0.9999999999999996,0.6504376465080013,0.9622343989352083,0.74736,0.98442,-2.0928037132161847e-06,4.871636981262917e-06
182_SMD_id_5_Facility_tr_7174_1st_21230.csv,11.51946473121643,0.6846347572187298,0.9663231727762572,0.8855451457677298,0.9960155738276832,0.7990604485417245,0.920863309352518,0.7330447330447324,0.6707472749105299,0.989161695617074,0.88555,0.99602,-4.8542322701461416e-06,-4.42617231677378e-06
183_SMD_id_6_Facility_tr_5925_1st_17580.csv,9.555039644241331,0.9368195082830072,0.9995900019576482,0.9702528530278566,0.999875208496223,0.8994363913695782,1.0,0.9999999999999996,0.89196675900277,0.9993456219782176,0.97025,0.99988,2.8530278566307743e-06,-4.791503776968575e-06
184_SMD_id_7_Facility_tr_7119_1st_15849.csv,11.55718445777893,0.6778421009404453,0.9530024923418038,0.6668893339498304,0.9535724348925604,0.6501201804733091,0.9882309672673776,0.8526285550129268,0.6860812748213077,0.9609129826943514,0.66689,0.95357,-6.660501695732179e-07,2.4348925603545624e-06
185_SMD_id_8_Facility_tr_5000_1st_15144.csv,8.11471939086914,0.6504128786839164,0.964360721237578,0.7248821204612119,0.9763213998032392,0.5823602945480404,1.0,0.9999999999999996,0.6929053714155772,0.9546320175196632,0.72488,0.97632,2.120461211951863e-06,1.3998032392104065e-06
186_SMD_id_9_Facility_tr_5925_1st_17580.csv,9.58588457107544,0.9091813636552776,0.9994427825833676,0.8326525112955924,0.999265517702132,0.8944395001816517,1.0,0.9999999999999996,0.89196675900277,0.9992325457256804,0.83265,0.99927,2.5112955923667357e-06,-4.482297867980378e-06
187_SMD_id_10_Facility_tr_5000_1st_15849.csv,8.305616617202759,0.4062438971779177,0.745110617143414,0.4281897296353501,0.7858512998691791,0.3717957726426815,0.8825307273826315,0.8304914744232692,0.4418566687737163,0.8608023993215078,0.42819,0.78585,-2.7036464989027564e-07,1.2998691790722106e-06
188_SMD_id_11_Facility_tr_500_1st_392.csv,9.559492826461792,0.5883003625217014,0.942320410750705,0.3895412564681727,0.8617705193361026,0.6246159828673258,0.544839255499154,0.2708585247883915,0.1859444119856439,0.6701964566949797,0.38954,0.86177,1.2564681727278426e-06,5.193361025668253e-07
189_SMD_id_12_Facility_tr_5925_1st_17580.csv,9.534265279769896,0.9158005539003196,0.9994638893036948,0.8516716580145457,0.9993473246849256,0.8944395001816517,1.0,0.9999999999999996,0.8797814207650273,0.9992902198776874,0.85167,0.99935,1.6580145456579487e-06,-2.675315074363027e-06
190_SMD_id_13_Facility_tr_7119_1st_15849.csv,11.545762777328491,0.7183937394062443,0.9312864690154538,0.7221918604621594,0.9477935007873975,0.6921595081738202,0.998699126556402,0.7692307692307687,0.5489379429972232,0.9283276017695704,0.72219,0.94779,1.8604621594420223e-06,3.5007873975256842e-06
191_SMD_id_14_Facility_tr_4596_1st_4696.csv,9.172902822494509,0.8453515224692381,0.9989289024453945,0.86204668263944,0.9990105127901022,0.7987170672665728,0.922509225092251,0.7738419618528605,0.6296060076123855,0.9979679008146102,0.86205,0.99901,-3.317360560028959e-06,5.127901022694559e-07
192_SMD_id_15_Facility_tr_5925_1st_17580.csv,9.546634435653688,0.9944888816350678,0.9999617440694074,0.9425708478556608,0.9997670206880792,0.9597473220553971,1.0,0.9999999999999996,0.963441664643828,0.9999741226887215,0.94257,0.99977,8.478556607904864e-07,-2.979311920836558e-06
193_SMD_id_16_Facility_tr_5925_1st_17580.csv,9.72176957130432,0.9631512885732216,0.9997984308208772,0.978734010060468,0.9999146322795694,0.947053837569502,1.0,0.9999999999999996,0.8797814207650273,0.9996400975502024,0.97873,0.99991,4.010060468018217e-06,4.632279569483089e-06
194_SMD_id_17_Facility_tr_5925_1st_17580.csv,9.5844624042511,0.8405274617063899,0.998422272655558,0.8482199185432928,0.9990517572014186,0.8607544955025049,1.0,0.9999999999999996,0.8491360063856103,0.9994075848645074,0.84822,0.99905,-8.145670715720144e-08,1.7572014185951446e-06
195_SMD_id_18_Facility_tr_5925_1st_17580.csv,9.530940294265749,0.948298985950763,0.9996884120411728,0.929339912568408,0.9997028093286924,0.8944395001816517,1.0,0.9999999999999996,0.8944444444444445,0.9996120004760264,0.92934,0.9997,-8.743159207735829e-08,2.8093286923436267e-06
196_SMD_id_19_Facility_tr_7174_1st_21230.csv,11.632203340530396,0.7053190954203844,0.9908523438230892,0.8867410432744962,0.999112527680304,0.799092154181289,0.9014084507042254,0.8478964401294493,0.7844764837559554,0.997084118258312,0.88674,0.99911,1.043274496237423e-06,2.5276803039542273e-06
197_SMD_id_20_Facility_tr_5000_1st_15144.csv,8.134340047836304,0.6998150477959354,0.9819943265671164,0.7463910900514394,0.9873512124789604,0.6656637067153574,0.9961601755348328,0.9815303430079152,0.6490888070703876,0.9703285087761736,0.74639,0.98735,1.0900514394451832e-06,1.2124789604550656e-06
198_SMD_id_21_Facility_tr_5925_1st_17580.csv,9.744812250137327,0.7921002608477669,0.9983953615871408,0.8812814856050712,0.9992643045564136,0.8538632247971983,1.0,0.9999999999999996,0.8519120440171527,0.9990803956536216,0.88128,0.99926,1.4856050712941382e-06,4.304556413536886e-06
199_SMD_id_22_Facility_tr_5925_1st_17580.csv,9.561287879943848,0.8398404398719934,0.9991240711064302,0.7831939466887775,0.999023363059023,0.8944395001816517,1.0,0.9999999999999996,0.8895027624309393,0.9991843043546864,0.78319,0.99902,3.9466887774564086e-06,3.363059022931658e-06
200_SMD_id_23_Facility_tr_7174_1st_21230.csv,11.477090120315552,0.7048407730821507,0.9804393503425014,0.5012503425367814,0.8802513251248821,0.8448637501789329,0.962406015037594,0.7272727272727266,0.6949453485579605,0.9782678594466564,0.50125,0.88025,3.4253678138362886e-07,1.3251248821566364e-06
201_SMD_id_24_Facility_tr_7174_1st_21230.csv,11.606866598129272,0.7053888220534554,0.9866857571433332,0.8977883788444199,0.9987444047092328,0.7927878512604091,0.8868360277136259,0.7016645326504476,0.6282478945609403,0.9893001338348614,0.89779,0.99874,-1.6211555801115551e-06,4.4047092327970105e-06
202_SMD_id_25_Facility_tr_6250_1st_21230.csv,10.101009368896484,0.5139636672741122,0.9989870227096505,0.8659078063269522,0.9997225039297208,0.8249951531534752,0.8407643312101911,0.8311688311688306,0.825,0.9994669509091452,0.86591,0.99972,-2.1936730477678523e-06,2.50392972078739e-06
203_SMD_id_26_Facility_tr_7174_1st_21230.csv,12.256935834884644,0.622642211494816,0.9756778962337248,0.8489143996366005,0.992644944594424,0.8490516256076857,0.9121140142517816,0.7272727272727266,0.7076048290733289,0.9789557770420622,0.84891,0.99264,4.399636600482815e-06,4.944594424016735e-06
204_SMD_id_27_Facility_tr_5000_1st_15144.csv,8.430009603500366,0.7029512119506988,0.9658819894579552,0.7686079177974126,0.9802574488222172,0.6541347754282073,1.0,0.9999999999999996,0.7393490500248711,0.976719899541457,0.76861,0.98026,-2.0822025874611683e-06,-2.5511777828057802e-06
205_SMD_id_28_Facility_tr_5925_1st_17580.csv,9.676995515823364,0.9273499990814184,0.9995063665783526,0.9649135857672132,0.999846717038686,0.8919618173860532,1.0,0.9999999999999996,0.8893854593527388,0.9993610516800032,0.96491,0.99985,3.5857672131545115e-06,-3.282961314021726e-06
206_SMD_id_29_Facility_tr_6250_1st_21230.csv,10.720365762710571,0.5123861468426822,0.9989797307315555,0.8697727915984544,0.9997303356393608,0.820507938885059,0.8407643312101911,0.8311688311688306,0.8226746506986029,0.9994669509091452,0.86977,0.99973,2.7915984543991357e-06,3.3563936074898493e-07
207_SMD_id_30_Facility_tr_7174_1st_21230.csv,11.989487409591677,0.6175243002249527,0.9739044242693622,0.8638239058862888,0.9955791625419949,0.8544102895580792,0.9121140142517816,0.7302904564315347,0.707252507389588,0.9885919388930234,0.86382,0.99558,3.9058862887353385e-06,-8.374580051651037e-07
208_SMD_id_31_Facility_tr_5000_1st_15144.csv,8.139304161071777,0.54418532858564,0.9405529774216383,0.6208390192002322,0.959798312558818,0.5032132759394002,0.9912663755458516,0.9636363636363632,0.6646809109168906,0.9400116340828608,0.62084,0.9598,-9.80799767735796e-07,-1.6874411820078095e-06
209_SMD_id_32_Facility_tr_5925_1st_17580.csv,9.594011545181274,0.4915790145751313,0.986173779015804,0.3552138797817259,0.9863626225958024,0.4882592202002604,1.0,0.9999999999999996,0.4953271028037383,0.9991751327402928,0.35521,0.98636,3.879781725890652e-06,2.622595802415084e-06
210_SMD_id_33_Facility_tr_5925_1st_17580.csv,9.705443620681764,0.9390311816517948,0.9996076788359222,0.9640407564414945,0.9998435706934098,0.8919618173860532,1.0,0.9999999999999996,0.8895027624309393,0.999506036088832,0.96404,0.99984,7.564414944427611e-07,3.570693409837844e-06
211_SMD_id_34_Facility_tr_5925_1st_17580.csv,9.572706937789915,0.8929894949759893,0.9993393596537652,0.8601704156693543,0.9993791238815872,0.8919618173860532,1.0,0.9999999999999996,0.8895027624309393,0.9991738074716436,0.86017,0.99938,4.1566935427006513e-07,-8.761184128180943e-07
212_SMD_id_35_Facility_tr_5925_1st_17580.csv,9.612080574035645,0.9202660039710326,0.999444365587392,0.9257109593713778,0.9996511038860691,0.8919618173860532,1.0,0.9999999999999996,0.8893854593527388,0.9993933893544202,0.92571,0.99965,9.59371377784457e-07,1.1038860691092722e-06
213_SMD_id_36_Facility_tr_5925_1st_17580.csv,9.714823007583618,0.8517692535015677,0.999118002924336,0.9334096646491752,0.9997210034374008,0.88949782350656,1.0,0.9999999999999996,0.8869204152249136,0.9991511555724952,0.93341,0.99972,-3.353508247760928e-07,1.0034374007261704e-06
214_SMD_id_37_Facility_tr_5925_1st_17580.csv,9.7380850315094,0.9033465392796788,0.9995815592695176,0.9705243197588924,0.999879919884197,0.9044894276562248,1.0,0.9999999999999996,0.899441340782123,0.9994388499077748,0.97052,0.99988,4.319758892368242e-06,-8.011580299172039e-08
215_SMD_id_38_Facility_tr_5925_1st_17580.csv,9.799653768539429,0.8743554031779331,0.9992121916637952,0.8547170270955421,0.9993414456345496,0.8726238074321965,1.0,0.9999999999999996,0.8631150297007509,0.9990981800970424,0.85472,0.99934,-2.9729044579429598e-06,1.4456345496238754e-06
216_LTDB_id_1_Medical_tr_500_1st_266.csv,39.90622138977051,0.1169871907027806,0.3083705561858224,0.1547514771664659,0.4203833745701629,0.2587020494871929,0.4559896710452453,0.258691393496147,0.4492299369378729,0.6867271143037326,0.15475,0.42038,1.4771664658963513e-06,3.374570162917312e-06
217_LTDB_id_2_Medical_tr_500_1st_266.csv,39.28062129020691,0.6770979680693875,0.8497167324306607,0.693961095512482,0.88679571519508,0.6445157082283554,0.8940054772289279,0.8508753486677033,0.4831961716029602,0.8876446211057265,0.69396,0.8868,1.0955124819522766e-06,-4.2848049199850635e-06
218_LTDB_id_3_Medical_tr_500_1st_266.csv,39.47763252258301,0.0846102953907906,0.1516463545295249,0.1198279950660436,0.2735884641942014,0.2587020494871929,0.2626890801944437,0.258691393496147,0.5376619784267932,0.6867300253543115,0.11983,0.27359,-2.0049339564121027e-06,-1.535805798591472e-06
219_LTDB_id_4_Medical_tr_3618_1st_3718.csv,39.2551474571228,0.3453174763642986,0.5026212219997526,0.4436738146168208,0.6642593320873617,0.3902267017496126,0.9436250952838632,0.8234414549868607,0.3881280493141869,0.8270778788634202,0.44367,0.66426,3.814616820807526e-06,-6.679126383080103e-07
220_LTDB_id_5_Medical_tr_500_1st_26.csv,39.38490915298462,0.640331471040547,0.6969945905743546,0.6675119760443209,0.7393361500646185,0.5802287478177024,0.9667716434218138,0.9359283654174944,0.5326301500937923,0.91011020660087,0.66751,0.73934,1.9760443208394207e-06,-3.849935381494696e-06
221_LTDB_id_6_Medical_tr_500_1st_26.csv,40.09887361526489,0.3029923681199162,0.4051187864421177,0.3630394364834449,0.5029674040925596,0.4798479381101513,0.8627621392818631,0.592951016456921,0.4116756305483659,0.7675361281985859,0.36304,0.50297,-5.635165550854637e-07,-2.5959074404502402e-06
222_LTDB_id_7_Medical_tr_3618_1st_3718.csv,39.62868785858154,0.8764653568037214,0.9001733487452898,0.9293014478163888,0.969312943106892,0.8555881757890732,0.9881819105346924,0.98140880688796,0.7237769923217611,0.9674367913058236,0.9293,0.96931,1.4478163887776674e-06,2.9431068919727466e-06
223_LTDB_id_8_Medical_tr_4456_1st_4556.csv,39.639594078063965,0.1348097200812831,0.2394174082540589,0.1739215703203394,0.3731373526427636,0.278219696969697,0.7655476226644387,0.4846066366110225,0.3885544651704921,0.7319485766536059,0.17392,0.37314,1.5703203394001886e-06,-2.647357236429393e-06
224_LTDB_id_9_Medical_tr_4456_1st_4556.csv,39.52276158332825,0.3043086524809597,0.4568804294574723,0.3617942988555137,0.5777432395101975,0.318435307823052,0.960863946834041,0.906533885742521,0.3821207969143991,0.8676817355492972,0.36179,0.57774,4.298855513673594e-06,3.239510197428075e-06
225_MGAB_id_1_Synthetic_tr_25000_1st_38478.csv,39.51899099349976,0.0022212097543329,0.4747812625250501,0.0039133288299588,0.5320142835792121,0.0134838435911898,0.0412371134020618,0.013344453711426,0.0131771595900439,0.6688919921896224,0.00391,0.53201,3.3288299587999615e-06,4.283579212116528e-06
226_MGAB_id_2_Synthetic_tr_20000_1st_45134.csv,31.64835023880005,0.0019078997595857,0.5410814461021073,0.0038757803904898,0.5806252178706974,0.0058680561489516,0.0412371134020618,0.0055240141169249,0.009501187648456,0.6996526607788999,0.00388,0.58063,-4.219609510200308e-06,-4.78212930254962e-06
227_MGAB_id_3_Synthetic_tr_25000_1st_44340.csv,39.47079539299011,0.0016083835244872,0.4364903306613226,0.0030921502115057,0.5334296627650642,0.0041054608755009,0.0084977238239757,0.0041038794485411,0.0071208333760739,0.673456039638294,0.00309,0.53343,2.1502115057003487e-06,-3.3723493575443797e-07
228_MGAB_id_4_Synthetic_tr_25000_1st_38948.csv,40.03965330123901,0.0039497912517653,0.6422129759519037,0.0069496409493929,0.7014533480984547,0.0160991722150629,0.0605143721633888,0.0163170163170162,0.0189290161892901,0.6713276333326331,0.00695,0.70145,-3.590506070993635e-07,3.3480984547029635e-06
229_MGAB_id_5_Synthetic_tr_25000_1st_33098.csv,39.9880051612854,0.0021065717143286,0.514635871743487,0.0044480670818903,0.5780084033781789,0.0058034411069991,0.0206664944458796,0.0057195895943606,0.0054440870806008,0.6698385967623854,0.00445,0.57801,-1.932918109699873e-06,-1.5966218210872185e-06
230_MGAB_id_6_Synthetic_tr_25000_1st_42441.csv,39.50241208076477,0.0018936965415452,0.4697912324649299,0.0036757391674562,0.4911673102783189,0.0050490868454734,0.0177541056369285,0.0048543689320388,0.0074713229619927,0.6918799663707345,0.00368,0.49117,-4.260832543800247e-06,-2.6897216811039293e-06
231_MGAB_id_7_Synthetic_tr_25000_1st_35544.csv,39.59728240966797,0.0014697748442014,0.3689256513026052,0.0025586223060771,0.4275757691680587,0.0040497128838531,0.0180995475113122,0.0040485829959514,0.0068796068796068,0.6673576345791972,0.00256,0.42758,-1.3776939229003665e-06,-4.230831941343105e-06
232_MGAB_id_8_Synthetic_tr_25000_1st_32708.csv,39.29826760292053,0.0018937929557244,0.5049346693386774,0.0036127282830395,0.5720612661716284,0.0055628527822163,0.0312744331508991,0.00515729757607,0.0094936708860759,0.6714038571578425,0.00361,0.57206,2.728283039500276e-06,1.2661716284334545e-06
233_MGAB_id_9_Synthetic_tr_25000_1st_41300.csv,39.248295307159424,0.0016594410542007,0.452624749498998,0.0048451966784295,0.6184650514158966,0.004625177383988,0.0069312077629526,0.0046155748176435,0.0091513804083983,0.6695691698953843,0.00485,0.61847,-4.803321570500535e-06,-4.948584103381393e-06
234_SED_id_1_Medical_tr_3740_1st_3840.csv,8.14609146118164,0.0254844686618356,0.1100735661011607,0.0419007013345977,0.260524214965955,0.0916065499120226,0.1325737959606421,0.0915207329293314,0.5285147079555346,0.6701226348783984,0.0419,0.26052,7.013345977024965e-07,4.214965955040562e-06
235_SED_id_2_Medical_tr_2499_1st_3840.csv,4.242289304733276,0.0201651923684037,0.0958466046975212,0.0319838449839794,0.23799500268635,0.0739663492347818,0.1361702127659574,0.0737886523456313,0.4766807105297466,0.669779515043625,0.03198,0.238,3.844983979400807e-06,-4.997313650001445e-06
236_SED_id_3_Medical_tr_3740_1st_3840.csv,15.97879147529602,0.0200896008190224,0.1390332750126675,0.0352560787887367,0.2954183577518534,0.0709886813734256,0.1749231294841134,0.0709445609973714,0.523723740100369,0.6687265124292819,0.03526,0.29542,-3.921211263302471e-06,-1.64224814663827e-06
237_SVDB_id_1_Medical_tr_11587_1st_11687.csv,51.7573139667511,0.662623638833445,0.7874449705628369,0.6647125931510643,0.8049875769569469,0.7003658576132669,1.0,0.9999999999999996,0.6236114291869582,0.9849776583180404,0.66471,0.80499,2.593151064322896e-06,-2.423043053090268e-06
238_SVDB_id_2_Medical_tr_25000_1st_71963.csv,39.65903449058533,0.6882987597111805,0.7936328873123141,0.6580429241099616,0.8053880471898983,0.781273363116942,1.0,0.9999999999999996,0.4802158273381295,0.999909536935517,0.65804,0.80539,2.9241099616106325e-06,-1.952810101735203e-06
239_SVDB_id_3_Medical_tr_50000_1st_106634.csv,89.9551522731781,0.3547529595594536,0.6672013934784402,0.3016985227900907,0.7060194221852738,0.461796588278034,0.9528149345876818,0.8935010318912809,0.6034534979953261,0.898620528311529,0.3017,0.70602,-1.4772099093396385e-06,-5.778147261770172e-07
240_SVDB_id_4_Medical_tr_18462_1st_18562.csv,51.3419771194458,0.4420209411457449,0.6608771518688497,0.4454161129462465,0.7410129421330408,0.5068630680779636,0.9512277730736663,0.9081164235039968,0.4917056797709123,0.8922093259317563,0.44542,0.74101,-3.887053753481862e-06,2.942133040861883e-06
241_SVDB_id_5_Medical_tr_11587_1st_11687.csv,51.27742123603821,0.0906958282405068,0.4227649862185046,0.0823528836286221,0.4420265545091774,0.1756430069564182,0.8529500887407472,0.9039130434782604,0.3339967966940903,0.9002579667606748,0.08235,0.44203,2.8836286220940144e-06,-3.4454908225955982e-06
242_SVDB_id_6_Medical_tr_10726_1st_10826.csv,70.45305848121643,0.6043162243320368,0.8858504743874749,0.5962543508154712,0.9438699907978556,0.671110200838461,0.8785896037804435,0.8385136174796117,0.6223786958140693,0.9115552961013188,0.59625,0.94387,4.350815471232394e-06,-9.20214437982736e-09
243_SVDB_id_7_Medical_tr_11393_1st_11493.csv,70.95799088478088,0.1801990969750785,0.5317644745302864,0.1677438395491781,0.6250511606671164,0.2126644810705306,0.9301529981944312,0.8893973214285709,0.3774176180480946,0.8921934192453435,0.16774,0.62505,3.839549178097368e-06,1.160667116417713e-06
244_SVDB_id_8_Medical_tr_17803_1st_17903.csv,51.374807357788086,0.0697149055265171,0.3251984516500117,0.0523677375833045,0.4299556064981533,0.1204395073063069,0.774657441324108,0.434224598930481,0.245308221358298,0.762902086138699,0.05237,0.42996,-2.2624166955004243e-06,-4.39350184672227e-06
245_SVDB_id_9_Medical_tr_12607_1st_12707.csv,70.7159903049469,0.4413597919197906,0.7622432972309958,0.4835968537491361,0.8586506207076856,0.4272182498355559,0.7809710505128294,0.6900820678592158,0.3660263175410058,0.7883933837882934,0.4836,0.85865,-3.1462508638946396e-06,6.207076855835325e-07
246_SVDB_id_10_Medical_tr_20100_1st_68460.csv,31.731664896011356,0.0145947043268076,0.5450232313758439,0.0160802907584261,0.5251953071012574,0.0771035328351828,0.5671378091872792,0.1204819277108431,0.1371939370384765,0.7716663328685391,0.01608,0.5252,2.9075842609971314e-07,-4.692898742608698e-06
247_SVDB_id_11_Medical_tr_20100_1st_23611.csv,31.80154037475586,0.648495587319046,0.867032705278253,0.6184898454173853,0.9437487733535012,0.707230004130782,0.9516616314199396,0.9206611570247928,0.7103439694541682,0.9691209996897686,0.61849,0.94375,-1.5458261470868706e-07,-1.2266464988197612e-06
248_SVDB_id_12_Medical_tr_18462_1st_18562.csv,51.06316232681274,0.5789948190471861,0.7277382312667253,0.5745976973309349,0.7866166928144968,0.6375396910456739,0.9597994149603007,0.9354119368346698,0.6840849309055638,0.961554211694388,0.5746,0.78662,-2.30266906509069e-06,-3.3071855032318354e-06
249_SVDB_id_13_Medical_tr_50000_1st_54982.csv,90.06623673439026,0.3896632613205882,0.6483806243297852,0.3253487454455837,0.7002828071914994,0.462912012678401,0.7765234039743844,0.7476127366024393,0.3576163934522098,0.8289182526399248,0.32535,0.70028,-1.2545544162967381e-06,2.80719149936548e-06
250_SVDB_id_14_Medical_tr_50000_1st_107354.csv,90.37009620666504,0.5878740306993919,0.8968613900683841,0.5572258393303657,0.9085246209366036,0.5727890463894625,0.9694728560188828,0.8690457475239737,0.2901177941086422,0.9267714806648716,0.55723,0.90852,-4.160669634267755e-06,4.620936603583203e-06
251_SVDB_id_15_Medical_tr_5421_1st_5521.csv,89.99430084228516,0.64315867488291,0.7025451764766477,0.6698671310448879,0.7924480811362902,0.7418679927707322,1.0,0.9999999999999996,0.772050872589856,0.9940602610040123,0.66987,0.79245,-2.8689551120342216e-06,-1.9188637098155326e-06
252_SVDB_id_16_Medical_tr_12167_1st_12267.csv,90.15792417526244,0.0351344947713962,0.4803107309531427,0.0369051496499756,0.5640397127073733,0.0679738130503382,0.2191568905504705,0.1180800721099672,0.5413747213938939,0.6834119877756871,0.03691,0.56404,-4.850350024399042e-06,-2.872926266883624e-07
253_SVDB_id_17_Medical_tr_17803_1st_17903.csv,51.18331432342529,0.1194631425671898,0.4002849549497493,0.109952267546132,0.516416280983008,0.1637096008982335,0.8984784889821616,0.830412623053829,0.4442923127877218,0.8888536665974356,0.10995,0.51642,2.267546131987097e-06,-3.7190169920320315e-06
254_SVDB_id_18_Medical_tr_30824_1st_30924.csv,90.46401810646056,0.2774185082281939,0.6508408593245681,0.2878898987362041,0.722724052636835,0.3669935133183311,0.9852470337120974,0.9335970613167556,0.449108266507988,0.9551694592612848,0.28789,0.72272,-1.0126379590413848e-07,4.052636835005785e-06
255_SVDB_id_19_Medical_tr_50000_1st_54982.csv,90.05324101448059,0.3706164665714129,0.6151058583730096,0.2879904081535766,0.6711359525112729,0.4346781096257114,0.7107705908354207,0.7120309525271752,0.3875790091352231,0.8040687121099475,0.28799,0.67114,4.081535766031763e-07,-4.04748872706584e-06
256_SVDB_id_20_Medical_tr_6264_1st_6364.csv,90.04241609573364,0.1673579461762354,0.5268748062373174,0.1461777360797334,0.6017108359529721,0.2255497632990201,0.9267705477161774,0.8181955113721942,0.3031505590780873,0.8835090636895178,0.14618,0.60171,-2.2639202666152602e-06,8.359529721779779e-07
257_TAO_id_1_Environment_tr_500_1st_3.csv,4.255814552307129,0.1219819837533584,0.5815509223530698,0.9049769619625802,0.9404924776157142,0.194747872552398,0.1946463978849966,0.1938564743818109,0.121583831202287,0.6780414234068021,0.90498,0.94049,-3.0380374198557547e-06,2.4776157141470634e-06
258_TAO_id_2_Environment_tr_500_1st_4.csv,4.253913164138794,0.1705104950669713,0.5752135243283231,0.9495877383937223,0.964843483516107,0.2609134142067869,0.2614660390047074,0.2603025631396846,0.1585071625835205,0.6880889354664064,0.94959,0.96484,-2.261606277698114e-06,3.483516107016804e-06
259_TAO_id_3_Environment_tr_500_1st_7.csv,4.252362966537476,0.0774968421351137,0.6304620393222021,0.4322807857847146,0.7062265598970427,0.1430986635945358,0.14214463840399,0.1416109005056243,0.1057983792896655,0.6733058638769764,0.43228,0.70623,7.857847146297559e-07,-3.4401029572750375e-06
260_IOPS_id_1_WebService_tr_5000_1st_11804.csv,8.289149522781372,0.4051217090950223,0.9992744921445011,0.2085823126086208,0.9983711258754552,0.521734366773173,0.5490196078431373,0.4651162790697671,0.3511053315994798,0.9993040356640908,0.20858,0.99837,2.3126086208247187e-06,1.1258754551990435e-06
261_IOPS_id_2_WebService_tr_2178_1st_2278.csv,3.754242420196533,0.091160067826066,0.9918736234525708,0.7788830579350249,0.9976778786114356,0.2857102041399409,0.2857142857142857,0.2222222222222218,0.2767295597484276,0.978281202340111,0.77888,0.99768,3.057935024863845e-06,-2.1213885643689423e-06
262_IOPS_id_3_WebService_tr_7028_1st_7128.csv,49.09323835372925,0.3100088836995169,0.9131034905109452,0.1690817902363181,0.8600175659130425,0.3753784377212107,0.7702240789973415,0.3233078063241101,0.2086641428346235,0.8484932326763213,0.16908,0.86002,1.790236318105487e-06,-2.4340869575478763e-06
263_IOPS_id_4_WebService_tr_3482_1st_3582.csv,58.58028483390808,0.1796409438561374,0.9844446300988702,0.667217493042358,0.992554255044392,0.3086129136138097,0.3049787899084617,0.2866856131696066,0.2514219102943604,0.9066942105111592,0.66722,0.99255,-2.5069576420344575e-06,4.25504439194313e-06
264_IOPS_id_5_WebService_tr_11665_1st_11765.csv,23.788767337799072,0.4383713525606811,0.8879987847100707,0.4625493357439231,0.8938143788928302,0.5794606619368812,0.95042194092827,0.8191126279863475,0.7157120336311089,0.9980795438361404,0.46255,0.89381,-6.642560769209993e-07,4.378892830225745e-06
265_IOPS_id_6_WebService_tr_6453_1st_6553.csv,50.55815267562866,0.1342237446154761,0.9970680029989024,0.1646793556597041,0.9965812090216646,0.2327241835120811,0.2310756972111553,0.212195121951219,0.2548584432562801,0.9480360928953376,0.16468,0.99658,-6.443402958966615e-07,1.2090216645610496e-06
266_IOPS_id_7_WebService_tr_4010_1st_4110.csv,35.09424710273743,0.0499419250572072,0.5877425049892809,0.0400046840522592,0.5936439456268473,0.1550545123994586,0.167487684729064,0.2002861230329036,0.2219774084367875,0.7859485643867374,0.04,0.59364,4.684052259201765e-06,3.945626847356998e-06
267_IOPS_id_8_WebService_tr_1534_1st_1882.csv,2.75046443939209,0.0359550501652501,0.8682159966512146,0.3042033410903937,0.9602899261663708,0.0993500245318498,0.1634980988593156,0.0971659919028338,0.1202722426289393,0.8839757999942143,0.3042,0.96029,3.3410903936825775e-06,-7.383362921054015e-08
268_IOPS_id_9_WebService_tr_6216_1st_6316.csv,11.636066436767578,0.2665240697044613,0.9354563551340702,0.3235809560500118,0.943943686004217,0.4505890093581006,0.7628169014084507,0.5073790397907711,0.5121169273440689,0.9401414517494744,0.32358,0.94394,9.560500118244164e-07,3.686004216962857e-06
269_IOPS_id_10_WebService_tr_1216_1st_1728.csv,2.418284177780152,0.6341985132702157,0.9933229675511474,0.4902685476078948,0.9845429126953522,0.7326682717721261,0.9347826086956522,0.6666666666666662,0.5469390914015944,0.9885688638913794,0.49027,0.98454,-1.4523921051945443e-06,2.912695352241812e-06
270_IOPS_id_11_WebService_tr_5638_1st_5738.csv,23.6409649848938,0.0161277290419939,0.8306768502054674,0.4207699057497889,0.9660636600842564,0.0616312260509517,0.0676246830092984,0.0762711864406777,0.1577066187908149,0.8338228344601945,0.42077,0.96606,-9.425021108011578e-08,3.6600842563405678e-06
271_IOPS_id_12_WebService_tr_500_1st_341.csv,3.922106266021729,0.1554458468507711,0.893111106248906,0.4619603071371336,0.8569571339691843,0.3365648898339846,0.5328467153284672,0.2713043478260864,0.2196712437892242,0.7947424986432456,0.46196,0.85696,3.071371336149653e-07,-2.866030815784626e-06
272_IOPS_id_13_WebService_tr_3442_1st_3542.csv,58.4895486831665,0.148286516496946,0.9789443731562196,0.6138392484687304,0.9884674473444152,0.2850758651267241,0.290356394129979,0.2364822217546807,0.2365636698736548,0.9197963860197432,0.61384,0.98847,-7.515312696604326e-07,-2.5526555847976695e-06
273_IOPS_id_14_WebService_tr_5569_1st_5669.csv,58.629794120788574,0.0547474362825752,0.7883863667023578,0.5687704373634771,0.981884463044006,0.1757843286200214,0.1832941679128391,0.1799796758192554,0.1968091689464696,0.943144120262705,0.56877,0.98188,4.373634771015489e-07,4.463044006031147e-06
274_IOPS_id_15_WebService_tr_4591_1st_4691.csv,58.41851258277893,0.2782285279802762,0.9244257453098742,0.5887252838803091,0.9496173167524784,0.4489308707156178,0.6606883485948848,0.5158362129999947,0.4889730446825807,0.8151772367499205,0.58873,0.94962,-4.716119690884035e-06,-2.6832475216176377e-06
275_IOPS_id_16_WebService_tr_1482_1st_1582.csv,3.922266721725464,0.0423935839303765,0.8533016069560945,0.1758471188681934,0.8498670156729077,0.1328882848749052,0.2145748987854251,0.1285008237232287,0.10408042578356,0.739879977818406,0.17585,0.84987,-2.881131806603543e-06,-2.9843270923368692e-06
276_IOPS_id_17_WebService_tr_19197_1st_19297.csv,36.22985315322876,0.373587822834549,0.8211930985453524,0.3759075151620699,0.8562937945221402,0.5075438014778811,0.8914436486995854,0.5708007812499994,0.2876459437614157,0.8071133595692707,0.37591,0.85629,-2.4848379301389834e-06,3.7945221401658458e-06
277_NEK_id_1_WebService_tr_500_1st_17.csv,0.7669174671173096,0.1921397379912663,0.8121827411167513,0.3365396254347749,0.8405696274728296,0.3223416184530906,0.3217550274223035,0.3217550274223031,0.1749502982107356,0.8258202959545679,0.33654,0.84057,-3.745652251141429e-07,-3.7252717044466976e-07
278_NEK_id_2_WebService_tr_500_1st_64.csv,0.7498869895935059,0.1403653303001893,0.7131028693528695,0.2025164219234113,0.6263710850129212,0.3568032710063417,0.3636363636363636,0.3377777777777773,0.4252873563218391,0.6743704176023217,0.20252,0.62637,-3.578076588711676e-06,1.0850129211759096e-06
279_NEK_id_3_WebService_tr_500_1st_974.csv,1.6580181121826172,0.7575253112019639,0.9838354110248204,0.7968639942114016,0.986385893345862,0.8699950405282718,1.0,0.9999999999999996,0.7982456140350876,0.9880240775951444,0.79686,0.98639,3.994211401625591e-06,-4.106654137969734e-06
280_NEK_id_4_WebService_tr_500_1st_231.csv,1.0944700241088867,0.2115622072327107,0.8803443155131925,0.2654096553272989,0.8111414087113198,0.4045767481785233,0.452991452991453,0.3803827751196167,0.4354046020037432,0.7893293968088716,0.26541,0.81114,-3.446727011024997e-07,1.4087113198169021e-06
281_NEK_id_5_WebService_tr_500_1st_974.csv,0.738675594329834,0.7817116794684605,0.9852676511305952,0.8350449244501125,0.988961517645622,0.8557164704127143,1.0,0.9999999999999996,0.7822222222222222,0.9879989690692712,0.83504,0.98896,4.924450112464562e-06,1.517645622062247e-06
282_NEK_id_6_WebService_tr_500_1st_64.csv,0.7402865886688232,0.1136948387490446,0.7508879459374509,0.2205961942178644,0.7426647184713044,0.2545413674209981,0.2659574468085106,0.238741182854042,0.3782648993876652,0.7793093676630385,0.2206,0.74266,-3.8057821356018984e-06,4.7184713044545745e-06
283_NEK_id_7_WebService_tr_500_1st_777.csv,0.7457044124603271,0.7375177306592569,0.9716465547394194,0.7248722609159782,0.961179276247664,0.7818880049092689,0.8837209302325582,0.7450980392156857,0.7050909029751594,0.9357412023378175,0.72487,0.96118,2.2609159782138732e-06,-7.237523360625886e-07
284_NEK_id_8_WebService_tr_500_1st_976.csv,0.7476804256439209,0.6549792074576974,0.9736971316342375,0.7171532034960657,0.9788854089524148,0.7876058450442136,0.9888888888888888,0.8455284552845523,0.7876106194690266,0.9809572004935732,0.71715,0.97889,3.20349606575121e-06,-4.591047585211783e-06
285_NEK_id_9_WebService_tr_500_1st_780.csv,0.7551107406616211,0.7280269644273188,0.971353866820188,0.6928053394347751,0.9567097736984485,0.7853831288239628,0.8923076923076924,0.6983050847457621,0.6820893063107596,0.9260479638976232,0.69281,0.95671,-4.6605652249676055e-06,-2.2630155149805375e-07
286_CATSv2_id_1_Sensor_tr_17792_1st_17892.csv,117.15060424804688,0.4573863531843454,0.6898922643190175,0.346167142368203,0.7072382103260819,0.5399269140975798,0.5511240029006527,0.2713502006059115,0.0797501644246567,0.6778045071355293,0.34617,0.70724,-2.85763179697085e-06,-1.7896739180622845e-06
287_TODS_id_1_Synthetic_tr_500_1st_11.csv,2.304940223693848,0.0798576219097752,0.5883558537253846,0.8615607979061571,0.9229013058063906,0.1254725243852265,0.1239048811013767,0.1239717313546167,0.1070725415862645,0.671910897193966,0.86156,0.9229,7.979061571461443e-07,1.3058063905724282e-06
288_TODS_id_2_Synthetic_tr_500_1st_65.csv,2.319141626358032,0.4863327042982713,0.8405489174719947,0.7706098106187053,0.8855028507933876,0.5419684905708292,0.7434944237918215,0.2824085167562382,0.1616639387364572,0.6719897997708489,0.77061,0.8855,-1.8938129475731813e-07,2.850793387687567e-06
289_TODS_id_3_Synthetic_tr_500_1st_26.csv,2.2851903438568115,0.1025105348635766,0.6958436300174522,0.7263828424399569,0.8784830825232758,0.222844750532336,0.263063063063063,0.1688133735269932,0.1158499125312265,0.6756405372076206,0.72638,0.87848,2.842439956851628e-06,3.082523275743654e-06
290_TODS_id_4_Synthetic_tr_500_1st_26.csv,2.286662340164185,0.1789147463006349,0.4978854733831763,0.6842193920718683,0.8424693835793887,0.2933283443070773,0.5790349417637272,0.2227755209015851,0.5760575184470611,0.6729848896515672,0.68422,0.84247,-6.079281317239449e-07,-6.1642061133238e-07
291_TODS_id_5_Synthetic_tr_500_1st_11.csv,2.277005672454834,0.0706137635149166,0.5926586189918335,0.8608993913356406,0.9280121532636626,0.1327336286893685,0.1327367636092468,0.1306272048380443,0.0942123980965082,0.6720034407583116,0.8609,0.92801,-6.086643593583574e-07,2.153263662596494e-06
292_TODS_id_6_Synthetic_tr_500_1st_11.csv,2.4633948802948,0.0635642070709735,0.564241934740585,0.8438083072534529,0.9221055277789698,0.1165534320336578,0.1162483487450462,0.115936440609887,0.1053377594341521,0.675441792340752,0.84381,0.92211,-1.6927465470439884e-06,-4.4722210301717524e-06
293_TODS_id_7_Synthetic_tr_500_1st_7.csv,2.294885873794556,0.118565668442842,0.7523487855275046,0.5865837592147841,0.8845419309991612,0.245858710928216,0.261519302615193,0.2449567723342935,0.2887135311405519,0.7856514334101399,0.58658,0.88454,3.7592147841269963e-06,1.930999161237068e-06
294_TODS_id_8_Synthetic_tr_500_1st_200.csv,2.292178153991699,0.2198550815784573,0.6176479322241146,0.5488029027973113,0.8512139825146756,0.3232108839390062,0.6330365974282888,0.398112045967576,0.4466109288111707,0.8112606511909688,0.5488,0.85121,2.9027973112993877e-06,3.982514675593407e-06
295_TODS_id_9_Synthetic_tr_1250_1st_2046.csv,2.290095090866089,0.2274443729442966,0.7225985872406696,0.5705814750011673,0.9110721957245648,0.3381039515994044,0.61054579093432,0.380619816673941,0.3524133609118868,0.8559079919930416,0.57058,0.91107,1.475001167317025e-06,2.1957245647241663e-06
296_TODS_id_10_Synthetic_tr_500_1st_26.csv,2.301969528198242,0.0699984216133944,0.6119238458519354,0.7566020331717568,0.8801206059119846,0.1464747779760341,0.1778523489932885,0.1160039342419555,0.1102061327435135,0.6698576019297573,0.7566,0.88012,2.0331717567323437e-06,6.059119845858163e-07
297_TODS_id_11_Synthetic_tr_500_1st_7.csv,2.3002023696899414,0.1307880604796746,0.7540501292366856,0.5285237780777022,0.8694180350391698,0.2026685781872914,0.2494887525562372,0.2063628546861561,0.1998008617950166,0.7924354832897034,0.52852,0.86942,3.7780777022433654e-06,-1.964960830158624e-06
298_TODS_id_12_Synthetic_tr_500_1st_0.csv,2.291187047958374,0.1689401440288316,0.7956316203571693,0.7100815020133682,0.8827532047641714,0.3161477409101219,0.75,0.298737674097379,0.3414064755658719,0.7336586336946137,0.71008,0.88275,1.502013368126498e-06,3.204764171371721e-06
299_TODS_id_13_Synthetic_tr_500_1st_65.csv,2.312997579574585,0.073332437063285,0.6573369942342387,0.7314406900115202,0.8706425923496218,0.150182695735831,0.2564102564102564,0.1482982171799025,0.1943684818834129,0.7018625866412339,0.73144,0.87064,6.900115202546075e-07,2.5923496218549502e-06
300_TODS_id_14_Synthetic_tr_1250_1st_2555.csv,2.2886803150177,0.471267830051908,0.666953804347826,0.651093705009136,0.8205538613020594,0.5499950617727337,0.97323600973236,0.8952380952380946,0.4457939684709605,0.9679007049224236,0.65109,0.82055,3.705009136045767e-06,3.861302059426919e-06
301_TODS_id_15_Synthetic_tr_500_1st_245.csv,2.4643566608428955,0.1609625619069478,0.516987087517934,0.473612987501732,0.8259720387548728,0.2518782349473923,0.4819277108433735,0.31590181430096,0.5816733912822569,0.7775451724448055,0.47361,0.82597,2.9875017319991315e-06,2.038754872812909e-06
302_Power_id_1_Facility_tr_7685_1st_7785.csv,13.922482967376707,0.0689274195331916,0.4238700530586766,0.0723055587980174,0.4406426368383072,0.1593037311428082,0.7531380753138075,0.1588814744200824,0.1967598325693249,0.7335093497080964,0.07231,0.44064,-4.441201982605114e-06,2.6368383072017387e-06
304_UCR_id_2_Medical_tr_2499_1st_7000.csv,4.240292310714722,0.0643067510961765,0.9357458785685564,0.0714857169475246,0.9429065998625208,0.1640593567496753,0.8130081300813008,0.1971830985915491,0.1768292682926829,0.9285729075011404,0.07149,0.94291,-4.283052475392846e-06,-3.400137479236953e-06
305_UCR_id_3_Medical_tr_3000_1st_5948.csv,5.170925378799439,0.0512929347344601,0.9220688693712532,0.1069414458290979,0.9516477579167152,0.1230726628693621,0.9782608695652174,0.5714285714285711,0.2965034965034965,0.9970877000153218,0.10694,0.95165,1.4458290979041388e-06,-2.2420832848091266e-06
307_UCR_id_5_Facility_tr_29895_1st_39240.csv,46.96529674530029,0.0009081006300222,0.5977409457891154,0.0010434970766527,0.6232424828089768,0.0028439104566495,0.0087066932704516,0.0026572187776793,0.0044440222233869,0.9285050314189514,0.00104,0.62324,3.4970766527001214e-06,2.482808976744799e-06
309_UCR_id_7_Medical_tr_3000_1st_5948.csv,5.006467342376709,0.0669050248468005,0.9468581253775732,0.1584964435399058,0.9696016861979022,0.1315741172133286,0.967741935483871,0.4444444444444441,0.2516556291390728,0.9962083315906138,0.1585,0.9696,-3.556460094200631e-06,1.6861979021953744e-06
310_UCR_id_8_HumanActivity_tr_2631_1st_8285.csv,4.445321083068848,0.0026693219313808,0.478076361095229,0.0030067865505602,0.4926684489558885,0.0091518308040759,0.0124172185430463,0.0089485458612975,0.0460096783278119,0.6666305543938026,0.00301,0.49267,-3.2134494398002207e-06,-1.5510441114807705e-06
311_UCR_id_9_HumanActivity_tr_16000_1st_38400.csv,25.459568738937374,0.036978826838987,0.6907597705696203,0.0414884576861679,0.7092768486398862,0.1135341168001864,0.8488063660477454,0.1598667776852621,0.063277916913125,0.741860201476427,0.04149,0.70928,-1.5423138320994068e-06,-3.1513601138621894e-06
312_UCR_id_10_Facility_tr_19948_1st_52000.csv,31.631078720092773,0.0074299088786068,0.5200246901005328,0.0082290362707018,0.540150068540168,0.0223651239101631,0.2288667404946474,0.022006182883176,0.0303466820320752,0.7433754541294757,0.00823,0.54015,-9.637292981996143e-07,6.854016798563123e-08
313_UCR_id_11_Sensor_tr_2827_1st_4711.csv,4.732113122940064,0.219501932927639,0.7235403885015201,0.3911552537731505,0.8508295411961071,0.4736793090688779,1.0,0.9999999999999996,0.398034398034398,0.9978617667711588,0.39116,0.85083,-4.746226849483559e-06,-4.588038928776683e-07
315_UCR_id_13_HumanActivity_tr_16000_1st_33070.csv,25.36470627784729,0.0191986750628794,0.9478350574140212,0.0233552126156189,0.960547747127596,0.0529976348414855,0.1342281879194631,0.0536723163841807,0.0270802785923753,0.8430703118484328,0.02336,0.96055,-4.787384381099019e-06,-2.252872403962769e-06
316_UCR_id_14_Sensor_tr_2833_1st_5988.csv,4.758106470108032,0.225648118951074,0.6355293493787552,0.1335286401071237,0.7303190772911822,0.2878748910077553,1.0,0.9999999999999996,0.4603174603174603,0.997970690999538,0.13353,0.73032,-1.3598928763070006e-06,-9.22708817796547e-07
319_UCR_id_17_Environment_tr_6166_1st_19280.csv,9.949841737747192,0.4745067748371976,0.9778162871832538,0.4129324195514327,0.98781143651631,0.4332294341459392,1.0,0.9999999999999996,0.4732824427480916,0.9987749344419372,0.41293,0.98781,2.4195514326530443e-06,1.4365163100160672e-06
323_UCR_id_21_HumanActivity_tr_48812_1st_128430.csv,76.58492279052734,2.0444462617300105e-05,0.7494891139007114,8.49408074212078e-05,0.7742938582471537,4.088768043114181e-05,3.985572228532711e-05,3.985572228532707e-05,6.741951795044665e-05,0.6666644056280059,8e-05,0.77429,4.9408074212077915e-06,3.858247153654126e-06
326_UCR_id_24_Medical_tr_1875_1st_4187.csv,3.273724317550659,0.002873478212824,0.7102861975341612,0.0495127808060158,0.9291008625114616,0.009921356425362,0.0126116657908565,0.009848173984407,0.0064619943438423,0.6941574011764052,0.04951,0.9291,2.7808060158035497e-06,8.625114615856688e-07
331_UCR_id_29_Facility_tr_50000_1st_837400.csv,351.95028042793274,0.0017405133779003,0.4939317671942427,0.0018184296216818,0.5008529469246085,0.0041331242886282,0.1939753537197626,0.0037706596103577,0.0065859223644077,0.7172532621674348,0.00182,0.50085,-1.5703783181999012e-06,2.946924608449031e-06
332_UCR_id_30_Facility_tr_13750_1st_52600.csv,21.68676972389221,0.0027344551644275,0.3815277372262774,0.0039171895591374,0.475867918274556,0.007948414592176,0.0165727543917799,0.0072492317390276,0.0241172977664093,0.9695727265055828,0.00392,0.47587,-2.8104408625996904e-06,-2.0817254440252952e-06
334_UCR_id_32_HumanActivity_tr_1671_1st_2764.csv,2.954963207244873,0.0184257945586299,0.1114485493843931,0.0226213807611565,0.1813661194991319,0.0668106340386436,0.110052405907575,0.0665412990018804,0.3372709279162457,0.8620476951360159,0.02262,0.18137,1.380761156497684e-06,-3.8805008681086495e-06
339_UCR_id_37_Sensor_tr_2750_1st_5400.csv,4.633044958114624,0.0603074602213417,0.4971041666666666,0.0444118709231127,0.5857245134192332,0.0804666141608039,1.0,0.9999999999999996,0.3660130718954248,0.9949335514022956,0.04441,0.58572,1.8709231127053694e-06,4.513419233131977e-06
341_UCR_id_39_HumanActivity_tr_48812_1st_128430.csv,76.39901208877563,1.844133810349279e-05,0.7222777069280766,5.5781619875433616e-05,0.7625469012247622,3.688162724415532e-05,3.46092614383609e-05,3.460926143836086e-05,4.653218864149275e-05,0.7030254997271527,6e-05,0.76255,-4.218380124566385e-06,-3.0987752377420463e-06
344_UCR_id_42_Sensor_tr_2851_1st_5365.csv,4.985413312911987,0.0014060337039947,0.5408773007930238,0.0048439159756062,0.7867424114618874,0.0043221006557136,0.0108303249097472,0.0042289258528333,0.0135080020229375,0.936612276483722,0.00484,0.78674,3.915975606200162e-06,2.4114618873971594e-06
346_UCR_id_44_Medical_tr_7456_1st_17390.csv,11.962517023086548,0.0030504889387593,0.3336515148375331,0.0033505537652433,0.3638880133033242,0.0087259166119471,0.076673547626069,0.0087172265808355,0.0820189274447949,0.8536451610871573,0.00335,0.36389,5.537652433000757e-07,-1.986696675781996e-06
347_UCR_id_45_Sensor_tr_2851_1st_5365.csv,4.7940673828125,0.0018445793678412,0.6513329236531764,0.0100148972304556,0.855213569593556,0.0056295178921784,0.0198807157057654,0.0055679287305122,0.0040532836949566,0.8289811170790313,0.01001,0.85521,4.897230455601018e-06,3.569593555963202e-06
349_UCR_id_47_Facility_tr_29954_1st_74900.csv,47.273855209350586,0.0006738438931797,0.4545844017718678,0.0008067878401104,0.4936436477161454,0.002224052437997,0.0113502009931425,0.0021485686382225,0.0032940360610263,0.722068599151247,0.00081,0.49364,-3.2121598895999822e-06,3.6477161453607465e-06
355_UCR_id_53_HumanActivity_tr_48750_1st_143411.csv,76.47253251075745,0.419474143137113,0.9984564905079528,0.133779652431133,0.9980467704547944,0.4137888228742462,1.0,0.9999999999999996,0.4588744588744589,0.9998804600708872,0.13378,0.99805,-3.475688670206978e-07,-3.2295452055963736e-06
358_UCR_id_56_Facility_tr_10500_1st_29080.csv,16.69516921043396,0.0010036042566035,0.3499570815450644,0.0012093609345353,0.4133282881963761,0.0030326468152232,0.0028531348819515,0.0028531348819515,0.0035414945106835,0.782179042955264,0.00121,0.41333,-6.390654646998284e-07,-1.7118036238494838e-06
361_UCR_id_59_Medical_tr_3000_1st_7175.csv,5.071186304092407,0.0344276418317838,0.5488225868317567,0.0410200401260631,0.6499482583535451,0.0846785431277873,0.9281045751633988,0.2173913043478258,0.3756970373812303,0.9461247779686142,0.04102,0.64995,4.012606309722333e-08,-1.7416464549446786e-06
364_UCR_id_62_Sensor_tr_2833_1st_5988.csv,4.787560701370239,0.2291701275603073,0.5989032916845949,0.1432542544206685,0.6950745802322228,0.2968713293910877,1.0,0.9999999999999996,0.4796238244514106,0.998047400992749,0.14325,0.69507,4.254420668509118e-06,4.580232222828329e-06
369_UCR_id_67_Sensor_tr_2750_1st_5400.csv,4.683177947998047,0.0687783053073611,0.5019550925925926,0.0535873943514278,0.5958217286580629,0.1062872752484515,1.0,0.9999999999999996,0.3660130718954248,0.9949335514022956,0.05359,0.59582,-2.6056485721986933e-06,1.7286580629161108e-06
371_UCR_id_69_Medical_tr_1853_1st_6200.csv,3.279548406600952,0.0554515591110151,0.7208841797588601,0.0969017717028438,0.7935681650062537,0.1693615440268565,0.5564648117839607,0.1881331403762661,0.0933206667024362,0.9697231535784432,0.0969,0.79357,1.771702843794687e-06,-1.834993746285818e-06
373_UCR_id_71_Sensor_tr_2827_1st_5988.csv,4.812170505523682,0.0108901711169104,0.5935711152614286,0.0141426539632874,0.6700367831554835,0.0285807339259824,0.3180327868852459,0.0289548022598869,0.029510255336961,0.8636805778565871,0.01414,0.67004,2.65396328739953e-06,-3.2168445164293402e-06
381_UCR_id_79_HumanActivity_tr_16000_1st_31200.csv,25.63949227333069,0.0265394322175675,0.6564899884645741,0.0297971963146272,0.6766397566923411,0.0930199720624358,0.6429277942631059,0.1097424412094063,0.0509393757411511,0.7075245099052452,0.0298,0.67664,-2.8036853727993194e-06,-2.433076589092309e-07
382_UCR_id_80_Medical_tr_7500_1st_11800.csv,12.1113703250885,0.6432798283715506,0.8759523007856342,0.585993484219601,0.907362551873782,0.7321723857899048,1.0,0.9999999999999996,0.475609756097561,0.9995461274264752,0.58599,0.90736,3.484219600946581e-06,2.5518737819529846e-06
385_UCR_id_83_Environment_tr_2046_1st_6006.csv,3.7599050998687744,0.7946088792738845,0.9987324852507374,0.824330020011988,0.99923478741121,0.8155290037064961,1.0,0.9999999999999996,0.6638467280418014,0.9991873386100838,0.82433,0.99923,2.001198795564818e-08,4.787411210016579e-06
386_UCR_id_84_Environment_tr_2046_1st_5703.csv,3.531238079071045,0.0971117249959307,0.9866013071895424,0.1532378059793103,0.9876409257925176,0.2696605883297414,0.3243243243243243,0.2666666666666664,0.3692129629629629,0.7608794093427832,0.15324,0.98764,-2.194020689683107e-06,9.257925176475723e-07
387_UCR_id_85_Environment_tr_2046_1st_5549.csv,3.560758352279663,0.0633127232136317,0.959657182071452,0.0734342911770636,0.9615320645053934,0.1599984698218175,0.3392226148409894,0.1584158415841582,0.1140939597315436,0.6759616092687591,0.07343,0.96153,4.29117706360338e-06,2.064505393417626e-06
391_UCR_id_89_Medical_tr_1875_1st_5759.csv,3.4674317836761475,0.0251235443563069,0.567545129427793,0.0279548794359367,0.6033489482882778,0.0588097380469268,0.9221902017291066,0.1428571428571427,0.2095238095238095,0.8546478295084408,0.02795,0.60335,4.8794359366992335e-06,-1.0517117222663686e-06
393_UCR_id_91_Environment_tr_2046_1st_4852.csv,3.570974111557007,0.6317114421629868,0.9985481194690266,0.7852950602962158,0.9990891511830096,0.817386440860696,0.9504950495049505,0.8333333333333327,0.8067226890756303,0.9989187674026644,0.7853,0.99909,-4.939703784234695e-06,-8.488169904730114e-07
396_UCR_id_94_Medical_tr_1875_1st_5607.csv,3.2922537326812744,0.2666187505427032,0.994965262291995,0.760039779389858,0.9989550369869096,0.4576235895129961,0.8307692307692308,0.4736842105263154,0.3405797101449275,0.9966974086164778,0.76004,0.99896,-2.206101420432205e-07,-4.963013090386603e-06
400_UCR_id_98_Environment_tr_2046_1st_5391.csv,3.559349775314331,0.0008598452278589,0.8579982891360137,0.0015788990404641,0.859634318710172,0.0017181958912214,0.001669449081803,0.001669449081803,0.0113636363636363,0.667412313899308,0.00158,0.85963,-1.1009595358999272e-06,4.318710172035445e-06
401_UCR_id_99_HumanActivity_tr_1671_1st_5920.csv,2.9710607528686523,0.0590655158930762,0.8225007994883274,0.1037000634984709,0.9323409521225784,0.2004749073263827,0.36875,0.2019230769230767,0.2783505154639175,0.9413524597648144,0.1037,0.93234,6.349847089803795e-08,9.52122578445902e-07
405_UCR_id_103_Sensor_tr_2827_1st_5988.csv,5.037542343139648,0.010115259378565,0.5647113889432966,0.0130646998928964,0.6473577492327129,0.0238468759676497,0.3439716312056737,0.0240680950983269,0.0353238015138772,0.924157044721538,0.01306,0.64736,4.699892896399549e-06,-2.2507672871041606e-06
406_UCR_id_104_Facility_tr_20000_1st_67950.csv,31.96797513961792,0.0095599371566521,0.7504207147335423,0.0121049861563058,0.8106988117283722,0.0390671958899691,0.2346316283435007,0.0404420409122971,0.0249566151557722,0.7117742030962699,0.0121,0.8107,4.986156305800127e-06,-1.1882716277611394e-06
411_UCR_id_109_Environment_tr_2046_1st_4852.csv,3.608112335205078,0.7124755460783143,0.9988835627663062,0.8071274557735328,0.999196812646031,0.8190426558123891,0.979591836734694,0.8723404255319144,0.8,0.9990966437521068,0.80713,0.9992,-2.544226467171562e-06,-3.187353968980844e-06
415_UCR_id_113_Medical_tr_3000_1st_8612.csv,5.06180477142334,0.5613158498925038,0.9878554847136723,0.6248445666589203,0.9960107376094512,0.5619785698125704,1.0,0.9999999999999996,0.4049079754601227,0.9983988828295226,0.62484,0.99601,4.566658920346356e-06,7.376094512956399e-07
417_UCR_id_115_Sensor_tr_2750_1st_5400.csv,4.666545867919922,0.0630440481627838,0.5008888888888888,0.0439730575232374,0.5904102982835217,0.0761895691717955,1.0,0.9999999999999996,0.3722473245354724,0.994996682347002,0.04397,0.59041,3.057523237398607e-06,2.982835216602808e-07
419_UCR_id_117_Facility_tr_3000_1st_6168.csv,5.0419838428497314,0.0025811652687137,0.332240944067642,0.0085092120470196,0.6545252936470913,0.0075926767342143,0.0353130016051364,0.0075187969924811,0.0575738881722842,0.6857594661660855,0.00851,0.65453,-7.879529803998114e-07,-4.70635290861221e-06
420_UCR_id_118_Facility_tr_13750_1st_52600.csv,22.12821936607361,0.3286923845919622,0.7552359489051095,0.2463570487574331,0.8041914054641107,0.5424791319955908,0.9876543209876544,0.9150326797385616,0.455562870309414,0.9990333747730892,0.24636,0.80419,-2.9512425668842823e-06,1.4054641107597021e-06
421_UCR_id_119_HumanActivity_tr_48750_1st_130700.csv,77.51363372802734,0.0307979538241531,0.6724119224721872,0.0211067446948946,0.6891952453204966,0.0703935876377978,1.0,0.9999999999999996,0.3384961982540129,0.9992349627534362,0.02111,0.6892,-3.255305105399897e-06,-4.754679503449211e-06
426_UCR_id_124_Sensor_tr_2827_1st_4711.csv,4.77827787399292,0.1905251949470604,0.7288153798539934,0.3499109714479534,0.8554633095800118,0.4321985335219613,0.98,0.5421686746987948,0.3340122199592668,0.9924602352846654,0.34991,0.85546,9.714479534128628e-07,3.3095800118232432e-06
429_UCR_id_127_Medical_tr_14825_1st_29000.csv,23.717316150665283,0.0009806457719804,0.1766970710448971,0.0012149929648605,0.2092880024807775,0.0033766905299204,0.0067051092932814,0.0033669466843992,0.020214317059015,0.8563146772928071,0.00121,0.20929,4.992964860499978e-06,-1.997519222501909e-06
430_UCR_id_128_HumanActivity_tr_12500_1st_46500.csv,20.11921525001526,0.0060322300257809,0.5149352112676057,0.0090249121185805,0.6051126704206613,0.0172871255316678,0.1473477406679764,0.01704420497031,0.0211905017985396,0.7828158848318646,0.00902,0.60511,4.912118580500599e-06,2.670420661265993e-06
432_UCR_id_130_Facility_tr_23000_1st_26970.csv,36.60066318511963,0.005153945083303,0.6633187204652853,0.0074980062941379,0.7260005968831098,0.0176630105050388,0.2336448598130841,0.0160603080957063,0.0235912847483095,0.7316431001673511,0.0075,0.726,-1.9937058621001535e-06,5.968831098268623e-07
436_UCR_id_134_Medical_tr_1875_1st_4526.csv,3.292813777923584,0.0494220575302209,0.6285057778967563,0.0551923399920261,0.7841522628338826,0.2142807399113949,0.8571428571428571,0.3749999999999996,0.3043478260869565,0.7431273879302396,0.05519,0.78415,2.339992026097193e-06,2.262833882604731e-06
437_UCR_id_135_Medical_tr_2499_1st_8000.csv,4.300732135772705,0.0013660859849055,0.1078752632106687,0.0016124925987719,0.1209703156017308,0.0049909663857785,0.0093248787765759,0.00499051801577,0.4959016393442623,0.8629665764653727,0.00161,0.12097,2.49259877189989e-06,3.1560173080480425e-07
439_UCR_id_137_HumanActivity_tr_48750_1st_110800.csv,77.64044737815857,0.0434782608695652,0.9998871789086096,0.5787034654856505,0.9992196970368836,0.0833325347298755,0.0833333333333333,0.0833333333333332,0.0799999999999999,0.9999666663444988,0.5787,0.99922,3.4654856505555998e-06,-3.0296311637201256e-07
445_UCR_id_143_Environment_tr_6166_1st_19280.csv,10.04074501991272,0.4470003787912826,0.97570235034888,0.3702381204901331,0.9854002277131206,0.4415541838082267,1.0,0.9999999999999996,0.4790874524714829,0.9987749344419372,0.37024,0.9854,-1.8795098669088794e-06,2.2771312058189608e-07
449_UCR_id_147_Sensor_tr_2847_1st_9330.csv,4.848739862442017,0.0281848738407528,0.9841799964844438,0.3071398743652199,0.9942425088888344,0.0847449511712302,0.1111111111111111,0.0766283524904213,0.0841121495327102,0.995544356921364,0.30714,0.99424,-1.256347801348312e-07,2.5088888343516302e-06
452_UCR_id_150_Facility_tr_10000_1st_35774.csv,16.051414012908936,0.9424933517067752,0.97164335839599,0.1814094992651128,0.9885616664348676,0.9637255765514168,1.0,0.9999999999999996,0.9711934156378602,0.9999938749624836,0.18141,0.98856,-5.00734887193266e-07,1.666434867653166e-06
459_UCR_id_157_HumanActivity_tr_50000_1st_110260.csv,79.2706778049469,0.0003868228104409,0.0448881281352775,0.0005845481863272,0.0807047796601443,0.0015188305005146,0.0020668602081817,0.0015088683487384,0.0402024372215982,0.8544674994075251,0.00058,0.0807,4.548186327200032e-06,4.779660144310638e-06
463_UCR_id_161_Environment_tr_2046_1st_6006.csv,3.5482728481292725,0.7444987932203945,0.9980155072107506,0.8032847072574616,0.9989490308118024,0.7719249492459345,1.0,0.9999999999999996,0.6177015755329007,0.99903487094349,0.80328,0.99895,4.707257461600278e-06,-9.691881975859573e-07
467_UCR_id_165_Environment_tr_6166_1st_19280.csv,10.021153688430786,0.4142342426009365,0.9777724221650956,0.3412316948342407,0.9877420293199914,0.4549311131615312,1.0,0.9999999999999996,0.4674329501915709,0.998734947453956,0.34123,0.98774,1.6948342407285821e-06,2.029319991492251e-06
471_UCR_id_169_Facility_tr_10000_1st_35774.csv,16.225823163986206,0.0124008947467841,0.837660902255639,0.0131578174488178,0.8622718971821831,0.0397132408683688,0.6872852233676976,0.0493827160493826,0.1123110151187905,0.6666583936307318,0.01316,0.86227,-2.182551182200454e-06,1.897182183130397e-06
473_UCR_id_171_HumanActivity_tr_2617_1st_7290.csv,4.439804315567017,0.0012129060535134,0.7307876123112216,0.001743620659054,0.7512860808152236,0.0039813803052688,0.0043731778425655,0.0037974683544303,0.0069410014873574,0.6666528669443362,0.00174,0.75129,3.620659053999928e-06,-3.919184776379758e-06
474_UCR_id_172_Environment_tr_2046_1st_6520.csv,3.533876895904541,0.4386453753404098,0.9982843137254902,0.4796390650965228,0.998142862995443,0.6764660207920847,0.8135593220338984,0.6779661016949147,0.5783132530120482,0.9983918461459376,0.47964,0.99814,-9.349034771899412e-07,2.862995442942662e-06
493_UCR_id_191_Sensor_tr_2847_1st_9330.csv,4.782436370849609,0.0403651509239318,0.9889875197750044,0.341350694149282,0.9957875940722486,0.125784984782218,0.1282051282051282,0.1123595505617976,0.0363437628091269,0.9957578189903818,0.34135,0.99579,6.94149281998957e-07,-2.4059277513588384e-06
494_UCR_id_192_Facility_tr_22500_1st_72150.csv,36.21920228004456,0.0046053773760953,0.5358134038775046,0.0049405795896829,0.5814899496768873,0.0193499037039948,0.9274193548387096,0.0615384615384614,0.1055816064135531,0.7935425871613506,0.00494,0.58149,5.795896829002833e-07,-5.0323112676942117e-08
495_UCR_id_193_Environment_tr_2046_1st_6520.csv,3.728607654571533,0.3580846124417725,0.9976358251633988,0.466725287095682,0.9980234065931942,0.6315746260683479,0.7619047619047619,0.6086956521739125,0.6,0.9983367683474552,0.46673,0.99802,-4.712904317971667e-06,3.4065931941995586e-06
496_UCR_id_194_Environment_tr_2046_1st_5391.csv,3.5550789833068848,0.0021321961620469,0.9428082610289624,0.0070545858605834,0.9419164012340624,0.0042552766867071,0.0039292730844793,0.0039292730844793,0.0141843971631205,0.6674346527943577,0.00705,0.94192,4.585860583400207e-06,-3.5987659375846803e-06
499_UCR_id_197_Environment_tr_2046_1st_5703.csv,3.523699283599853,0.1005357344549227,0.987173202614379,0.1527280797480043,0.9884115605459748,0.2806993413565392,0.3404255319148936,0.2774566473988436,0.4330508474576271,0.783620831083437,0.15273,0.98841,-1.920251995718436e-06,1.5605459747769501e-06
500_UCR_id_198_Facility_tr_7482_1st_23357.csv,12.108572483062744,0.0079211271534411,0.3179209924137387,0.0099449749571809,0.4002042471326286,0.0247590402064529,0.1127642913077525,0.0246955925227233,0.0630722402797131,0.7012682533360357,0.00994,0.4002,4.974957180900116e-06,4.247132628587558e-06
504_UCR_id_202_Environment_tr_2046_1st_5549.csv,3.594806671142578,0.0467553132830452,0.943630162241888,0.0550445316029615,0.9454207254835904,0.1318360513840947,0.2217090069284064,0.1298342541436462,0.1332683877252801,0.668555123491296,0.05504,0.94542,4.531602961502235e-06,7.254835903136581e-07
506_UCR_id_204_Environment_tr_2046_1st_5549.csv,3.53713321685791,0.0732424294662565,0.9626889749262536,0.0910900004766534,0.9672188437594448,0.1755695263023993,0.3779527559055118,0.1908713692946056,0.1703107019562715,0.6679357171514959,0.09109,0.96722,4.766533973077358e-10,-1.1562405551890365e-06
516_UCR_id_214_HumanActivity_tr_2108_1st_4702.csv,3.971434116363525,0.0008386531299416,0.5787350183932597,0.0012078891965206,0.6118823582363615,0.0027601159643953,0.002801905295601,0.0026274303730951,0.0045269352648257,0.6666556445831575,0.00121,0.61188,-2.110803479399813e-06,2.3582363615215485e-06
517_UCR_id_215_Facility_tr_7482_1st_24005.csv,12.192888736724854,0.9846238379024242,0.9999544153819246,0.8023395147029342,0.999599349074828,0.9565167486082682,1.0,0.9999999999999996,0.9595375722543352,0.9999914153670028,0.80234,0.9996,-4.852970658664191e-07,-6.509251720965281e-07
525_UCR_id_223_Facility_tr_50000_1st_250720.csv,117.7818124294281,0.0032070397404325,0.6589727989467241,0.0034968016345688,0.6823911288244315,0.0093809220030894,0.0402252614641995,0.0092645882171282,0.0137700537219818,0.6971471017321785,0.0035,0.68239,-3.1983654311998864e-06,1.128824431484432e-06
526_UCR_id_224_Sensor_tr_2827_1st_4711.csv,4.748523950576782,0.1461711403883842,0.7057091882247993,0.2955040443119496,0.8303148435843614,0.3983691903544575,0.9289099526066352,0.4895833333333329,0.3358778625954198,0.9921980204251172,0.2955,0.83031,4.044311949613633e-06,4.843584361369224e-06
530_UCR_id_228_HumanActivity_tr_16250_1st_38500.csv,25.729121446609497,0.0042707402492676,0.4922598660484287,0.0049759601410814,0.538602372051215,0.0111120869117905,0.436046511627907,0.0108549156740611,0.0279972709032541,0.7419018187462401,0.00498,0.5386,-4.039858918600259e-06,2.3720512150049444e-06
531_SMAP_id_1_Sensor_tr_1811_1st_4510.csv,3.3100101947784424,0.8475884471467311,0.9986728782857032,0.9614750876150844,0.9997458844027584,0.8901049505164834,1.0,0.9999999999999996,0.8901098901098902,0.9989368587204244,0.96148,0.99975,-4.912384915622958e-06,-4.1155972416717646e-06
532_SMAP_id_2_Sensor_tr_2075_1st_5550.csv,3.564718246459961,0.5694023538127246,0.8907109464272086,0.5848747948253264,0.916473408370998,0.5162045540919972,1.0,0.9999999999999996,0.6060365369340747,0.990633752713059,0.58487,0.91647,4.794825326448482e-06,3.408370997992627e-06
533_SMAP_id_3_Sensor_tr_2052_1st_5300.csv,3.5117626190185547,0.9999556431149365,0.9999928262616212,0.999928135535203,0.9999938407263188,0.997759863706718,1.0,0.9999999999999996,0.998212689901698,0.9999986416404674,0.99993,0.99999,-1.8644647969967565e-06,3.84072631876009e-06
534_SMAP_id_4_Sensor_tr_1968_1st_4370.csv,3.3828086853027344,0.4318191056842876,0.9963656688547846,0.8346862271385762,0.999053616409354,0.7391257750766352,0.816,0.7391304347826081,0.7391304347826086,0.9980898948710892,0.83469,0.99905,-3.7728614238341507e-06,3.616409353979222e-06
535_SMAP_id_5_Sensor_tr_1113_1st_1890.csv,2.039847612380981,0.6745285746753419,0.997816376622515,0.7362512728044901,0.9981825552634208,0.8199951620285441,0.9761904761904762,0.8799999999999994,0.8039215686274509,0.9983566338084772,0.73625,0.99818,1.27280449013778e-06,2.55526342085588e-06
536_SMAP_id_6_Sensor_tr_2160_1st_5600.csv,3.672298192977905,0.9621670871285976,0.988985307946417,0.9930436220926496,0.99924928193705,0.9640975705715576,1.0,0.9999999999999996,0.9714867617107944,0.999971923487492,0.99304,0.99925,3.6220926495911243e-06,-7.180629499892177e-07
537_SMAP_id_7_Sensor_tr_2077_1st_5394.csv,3.5390584468841557,1.0,1.0,0.9989796334430994,0.9999808621442264,0.999995000025,1.0,0.9999999999999996,1.0,0.9999999999999996,0.99898,0.99998,-3.66556900610604e-07,8.621442264544754e-07
538_SMAP_id_8_Sensor_tr_2007_1st_3650.csv,3.63303804397583,0.9401251125485812,0.9978355228111474,0.9369436602525276,0.9981914068121354,0.8652196841376236,0.9640287769784172,0.95049504950495,0.8583527515591657,0.9948040473675598,0.93694,0.99819,3.660252527626362e-06,1.4068121353405516e-06
539_SMAP_id_9_Sensor_tr_1857_1st_4270.csv,3.2153878211975098,0.5421446364718372,0.9970883288475656,0.9269831927395088,0.9995610517962562,0.8079422043179875,0.9104477611940298,0.8027210884353736,0.8026315789473685,0.9983174276804369,0.92698,0.99956,3.192739508772746e-06,1.0517962562017757e-06
540_SMAP_id_10_Sensor_tr_2051_1st_4575.csv,3.506261110305786,0.8013873260469596,0.981936717500238,0.8500284631155511,0.9896620152666246,0.7745615022538376,1.0,0.9999999999999996,0.7533512064343163,0.9985699997194784,0.85003,0.98966,-1.536884448816167e-06,2.0152666245776274e-06
541_SMAP_id_11_Sensor_tr_1832_1st_5300.csv,3.165666103363037,0.4214326864571293,0.5212671359041947,0.4230433680436624,0.564416916869805,0.5190044212565169,1.0,0.9999999999999996,0.6457073760580411,0.9929647091758346,0.42304,0.56442,3.3680436623551024e-06,-3.0831301950362544e-06
542_SMAP_id_12_Sensor_tr_1908_1st_4690.csv,3.299156904220581,0.2596308100163937,0.9946781196022596,0.6922885097982584,0.9982373114913408,0.5299106348449062,0.62,0.5299145299145295,0.5299145299145299,0.9975333607234654,0.69229,0.99824,-1.4902017415607816e-06,-2.688508659254296e-06
543_SMAP_id_13_Sensor_tr_2020_1st_4550.csv,3.46805477142334,0.325830478415763,0.9393053487670128,0.6406999189796726,0.9752541313990212,0.6190426354142706,0.9327731092436976,0.7950310559006206,0.6624636009010495,0.995735164099072,0.6407,0.97525,-8.102032744705667e-08,4.131399021223281e-06
544_SMAP_id_14_Sensor_tr_1978_1st_4450.csv,3.402217149734497,0.0194419245102773,0.6682899739416464,0.0843237550775123,0.7687472823716313,0.0558384431109409,0.4733475479744136,0.0555047270509301,0.0512723955577342,0.9839527836595028,0.08432,0.76875,3.755077512296312e-06,-2.717628368786862e-06
545_SMAP_id_15_Sensor_tr_1173_1st_2750.csv,2.34222674369812,0.4054428965967819,0.9931402117072594,0.7527492717102894,0.9974704039802892,0.7285667969682192,0.816,0.7285714285714281,0.7285714285714285,0.9961883338019804,0.75275,0.99747,-7.282897106497543e-07,4.0398028922083995e-07
546_SMAP_id_16_Sensor_tr_2117_1st_4770.csv,3.618132591247559,0.0122494981506708,0.3557995778669212,0.0463612729245378,0.557298040497063,0.0486923293609675,0.510548523206751,0.061111111111111,0.2186234817813765,0.9732136284691988,0.04636,0.5573,1.2729245378040321e-06,-1.9595029370211847e-06
547_SMAP_id_17_Sensor_tr_2133_1st_5400.csv,3.713364362716675,0.1235782017520037,0.6191822429574614,0.1494877103151508,0.655179561299167,0.2047296907469011,0.9446550416982562,0.3965517241379306,0.3042215769488496,0.9332954607930556,0.14949,0.65518,-2.2896848492215405e-06,-4.3870083299424323e-07
548_SMAP_id_18_Sensor_tr_2094_1st_5600.csv,3.6264357566833496,0.3865114891062936,0.9965967782053344,0.8313433595654826,0.999254464062472,0.6776814698745792,0.8541666666666666,0.6776859504132227,0.6212121212121212,0.9981115910630256,0.83134,0.99925,3.359565482585758e-06,4.464062472009367e-06
549_SMAP_id_19_Sensor_tr_1998_1st_2098.csv,3.6717512607574463,0.8578169023137969,0.98184996245177,0.9632789198811098,0.9976354341847296,0.8871745031180722,1.0,0.9999999999999996,0.8909403909955945,0.9982713676880296,0.96328,0.99764,-1.0801188902176406e-06,-4.5658152704186605e-06
550_SWaT_id_1_Sensor_tr_43700_1st_43800.csv,164.7623336315155,0.1018514253773254,0.1867406186210992,0.0952596706939913,0.1788760756689088,0.2157465695915877,0.8610455568726821,0.2515911643579181,0.1001121258967733,0.690394127422205,0.09526,0.17888,-3.2930600869784943e-07,-3.924331091198496e-06
551_YAHOO_id_1_Synthetic_tr_500_1st_893.csv,0.8926472663879395,0.0232558139534883,0.9704225352112676,0.4744484393738114,0.9959420988234028,0.0454541012440105,0.0454545454545454,0.0454545454545454,0.0298507462686567,0.9857076458284912,0.47445,0.99594,-1.5606261885570127e-06,2.0988234027408126e-06
552_YAHOO_id_2_Synthetic_tr_500_1st_893.csv,0.8760638236999512,0.0128205128205128,0.945774647887324,0.2488997365309692,0.982767539410257,0.0253162057387281,0.0240963855421686,0.0240963855421686,0.0222222222222222,0.9840623368277296,0.2489,0.98277,-2.6346903081453377e-07,-2.460589743069619e-06
555_YAHOO_id_5_WebService_tr_500_1st_730.csv,0.9933137893676758,0.0317345758238579,0.9562947494033412,0.2824877166282739,0.9716166823543072,0.0720713773299662,0.0677966101694915,0.0677966101694914,0.1573569482288828,0.9700251683844272,0.28249,0.97162,-2.283371726141681e-06,-3.317645692835214e-06
558_YAHOO_id_8_WebService_tr_500_1st_1125.csv,0.878300666809082,0.0306353212434533,0.1015682999257609,0.0365179430877474,0.1520130565585873,0.1061701957208407,0.1358234295415959,0.1049833887043188,0.4409009695088016,0.6673772790488517,0.03652,0.15201,-2.0569122526001293e-06,3.0565585872888157e-06
560_YAHOO_id_10_Synthetic_tr_500_1st_893.csv,0.8781783580780029,0.0175438596491228,0.96056338028169,0.4591309234636072,0.9859405852902364,0.034482419741737,0.0327868852459016,0.0327868852459016,0.0689655172413793,0.9507258938696328,0.45913,0.98594,9.234636071941971e-07,5.852902363878698e-07
562_YAHOO_id_12_Synthetic_tr_500_1st_893.csv,0.8698973655700684,0.0140845070422535,0.9507042253521129,0.370074455578508,0.9860099169269696,0.0277775038607258,0.0224719101123595,0.0224719101123595,0.0224719101123595,0.984257980667695,0.37007,0.98601,4.455578507978064e-06,-8.307303045462788e-08
568_YAHOO_id_18_WebService_tr_500_1st_333.csv,0.979623317718506,0.0040264578844376,0.7471675611210495,0.0461104333084476,0.8529082878761366,0.0101693903486078,0.0101694915254237,0.0101694915254237,0.0132788906357806,0.8760243720842241,0.04611,0.85291,4.333084476018656e-07,-1.7121238633510671e-06
570_YAHOO_id_20_Synthetic_tr_500_1st_658.csv,0.8814079761505127,0.0241471840427724,0.927487649964714,0.5010847464312059,0.987563709471042,0.0597003698139408,0.0666666666666666,0.0512820512820511,0.0454545454545454,0.9677474637522568,0.50108,0.98756,4.746431205959745e-06,3.7094710420015886e-06
571_YAHOO_id_21_Synthetic_tr_500_1st_623.csv,0.8723552227020264,0.2712576834601188,0.945310040919106,0.5613499720986634,0.959312973183294,0.3749950781895987,0.4,0.3636363636363631,0.3529411764705882,0.9372072803643872,0.56135,0.95931,-2.7901336574487345e-08,2.973183294008308e-06
573_YAHOO_id_23_Synthetic_tr_500_1st_623.csv,0.905665159225464,0.1919356434300972,0.9514479068303432,0.5262291583142039,0.9621505170915428,0.3529361938419693,0.3529411764705882,0.3529411764705877,0.3529411764705882,0.938197768749462,0.52623,0.96215,-8.416857960602542e-07,5.17091542806547e-07
579_YAHOO_id_29_WebService_tr_500_1st_1342.csv,1.0038437843322754,0.0142857142857142,0.958904109589041,0.1108734288229767,0.9815289554887486,0.028168736364571,0.0277777777777777,0.0277777777777777,0.0327868852459016,0.9895910161026862,0.11087,0.98153,3.4288229767004408e-06,-1.0445112513801647e-06
583_YAHOO_id_33_WebService_tr_500_1st_1616.csv,0.9814414978027344,0.0133333333333333,0.9559261465157832,0.0453070542713574,0.9584120308064552,0.0263155297809561,0.0256410256410256,0.0256410256410256,0.1538461538461538,0.9832560016138788,0.04531,0.95841,-2.9457286426018414e-06,2.030806455222134e-06
603_YAHOO_id_53_Synthetic_tr_500_1st_893.csv,0.8920233249664307,0.0131578947368421,0.9471830985915494,0.3151973772099962,0.9868014119126018,0.0259737696095467,0.0256410256410256,0.0256410256410256,0.0219780219780219,0.9839822121463132,0.3152,0.9868,-2.6227900037922858e-06,1.4119126018341532e-06
643_YAHOO_id_93_WebService_tr_500_1st_1038.csv,0.980243444442749,0.0009708737864077,0.3871351995235259,0.0050505418727566,0.3886013234490491,0.0019398448298722,0.0019305019305019,0.0019305019305019,0.1052631578947368,0.7914317925591877,0.00505,0.3886,5.418727566002327e-07,1.323449049073222e-06
644_YAHOO_id_94_WebService_tr_500_1st_1078.csv,0.8812482357025146,0.0272900484359958,0.024656862745098,0.0305261838929785,0.0281926064304435,0.0994026339073756,0.099403578528827,0.0994035785288269,0.2433554334903925,0.8753137932848083,0.03053,0.02819,-3.816107021503007e-06,2.606430443499036e-06
645_YAHOO_id_95_WebService_tr_500_1st_1047.csv,0.9833133220672609,0.0133333333333333,0.9559261465157832,0.0484518907447466,0.976565569092996,0.0263155297809561,0.0263157894736842,0.0263157894736841,0.0217391304347826,0.9870242631807432,0.04845,0.97657,1.8907447466021132e-06,-4.430907004082663e-06
649_YAHOO_id_99_WebService_tr_500_1st_1386.csv,1.002976655960083,0.0185185185185185,0.9684335914234664,0.5838875136399518,0.9965216213945224,0.0363632793423482,0.0363636363636363,0.0363636363636363,0.0384615384615384,0.9865959640595074,0.58389,0.99652,-2.4863600481817016e-06,1.6213945224219373e-06
657_YAHOO_id_107_WebService_tr_500_1st_1260.csv,0.9015369415283204,0.0217391304347826,0.9687282835302292,0.4246700331071584,0.9946352005194068,0.0425527750153934,0.0425531914893617,0.0425531914893616,0.0425531914893616,0.9872558173374232,0.42467,0.99464,3.3107158403655745e-08,-4.799480593176142e-06
658_YAHOO_id_108_Synthetic_tr_500_1st_893.csv,0.8843903541564941,0.0166666666666666,0.958450704225352,0.3790325011305842,0.9882517307468754,0.0327865627551204,0.0259740259740259,0.0259740259740259,0.0229885057471264,0.98463737048946,0.37903,0.98825,2.501130584198208e-06,1.7307468754834687e-06
672_YAHOO_id_122_WebService_tr_500_1st_857.csv,0.9852406978607178,0.0120481927710843,0.9511614055985704,0.0225504869121185,0.9569837336829664,0.0238092885510774,0.0224719101123595,0.0224719101123595,0.0952380952380952,0.9769623769636456,0.02255,0.95698,4.86912118499716e-07,3.7336829663559e-06
680_YAHOO_id_130_Synthetic_tr_500_1st_893.csv,0.8790435791015625,0.0169491525423728,0.9591549295774648,0.3641686569511853,0.9891893775871918,0.0333330055587786,0.0317460317460317,0.0317460317460317,0.0357142857142857,0.9846416382252554,0.36417,0.98919,-1.3430488147170294e-06,-6.224128081822045e-07
689_YAHOO_id_139_WebService_tr_500_1st_1073.csv,0.9872021675109864,0.0204081632653061,0.9714115544967242,0.0535248839946367,0.9818072939139167,0.0399996080038415,0.0363636363636363,0.0363636363636363,0.0217391304347826,0.9875009826271516,0.05352,0.98181,4.883994636703526e-06,-2.706086083215098e-06
693_YAHOO_id_143_WebService_tr_500_1st_1003.csv,0.8830459117889404,0.0136180626825609,0.8985964912280703,0.1464770128839191,0.9375033588811718,0.0363629355506966,0.032258064516129,0.0322580645161289,0.024390243902439,0.9430308760149672,0.14648,0.9375,-2.9871160809047392e-06,3.3588811717555345e-06
701_YAHOO_id_151_Synthetic_tr_500_1st_893.csv,0.8977479934692383,0.0149253731343283,0.9535211267605634,0.4643544809199732,0.9908708435631788,0.02941147491635,0.0285714285714285,0.0285714285714285,0.0224719101123595,0.9840623368277296,0.46435,0.99087,4.480919973237629e-06,8.435631787540032e-07
723_YAHOO_id_173_WebService_tr_500_1st_1214.csv,0.8731904029846191,0.0347222222222222,0.9710860366713682,0.0954988183833267,0.9783833017430428,0.0851055681381773,0.0784313725490196,0.0784313725490195,0.0399999999999999,0.970530617089182,0.0955,0.97838,-1.1816166732986355e-06,3.3017430427495498e-06
724_YAHOO_id_174_WebService_tr_500_1st_1030.csv,0.9891953468322754,0.0269549939921343,0.9190447761194028,0.1924335814826242,0.9390765416173866,0.0769213387966714,0.0769230769230769,0.0769230769230767,0.1428571428571428,0.9218064117945676,0.19243,0.93908,3.5814826242208664e-06,-3.4583826133971485e-06
734_YAHOO_id_184_WebService_tr_500_1st_768.csv,0.8979580402374268,0.5946842157994757,0.9411266786643554,0.6753034694007792,0.9501165465668696,0.7779703206604948,0.8919449901768173,0.7905759162303659,0.6820985165933556,0.9436275040152626,0.6753,0.95012,3.46940077922131e-06,-3.453433130351513e-06
741_YAHOO_id_191_WebService_tr_500_1st_1114.csv,0.973120927810669,0.0122968818620992,0.930274135876043,0.0399500637563825,0.9380694075962808,0.0285711469415515,0.0277777777777777,0.0277777777777777,0.0625,0.9649780273883658,0.03995,0.93807,6.375638249983551e-08,-5.924037191906706e-07
755_YAHOO_id_205_Synthetic_tr_500_1st_893.csv,0.8833630084991455,0.0136986301369863,0.9492957746478874,0.3818833940208813,0.9888535215419804,0.0270267604116878,0.0227272727272727,0.0227272727272727,0.0224719101123595,0.9842911720001638,0.38188,0.98885,3.394020881286597e-06,3.5215419803558135e-06
762_YAHOO_id_212_WebService_tr_500_1st_1055.csv,0.9755876064300536,0.001390827717336,0.3763408820023837,0.0063306201210019,0.3969779684829325,0.0033030223505035,0.0032894736842105,0.0032894736842105,0.0143651779445914,0.8207138504295796,0.00633,0.39698,6.201210019001271e-07,-2.0315170675133665e-06
780_YAHOO_id_230_Synthetic_tr_500_1st_893.csv,0.8795263767242432,0.015625,0.9556338028169014,0.4524385609068953,0.9893084885470323,0.0307689278136338,0.0298507462686567,0.0298507462686566,0.0224719101123595,0.983500505403934,0.45244,0.98931,-1.4390931046825983e-06,-1.511452967672966e-06
788_YAHOO_id_238_WebService_tr_500_1st_973.csv,1.0059900283813477,0.0018484288354898,0.6783799880881478,0.003050161140946,0.7021134199595632,0.0036900000684495,0.003683241252302,0.003683241252302,0.0147058823529411,0.6925444175454428,0.00305,0.70211,1.6114094599992135e-07,3.4199595632111723e-06
797_YAHOO_id_247_Synthetic_tr_500_1st_893.csv,0.8789520263671875,0.0015847860538827,0.5563380281690141,0.4438451920502949,0.9488317719584276,0.0031645253668432,0.0031545741324921,0.0031545741324921,0.1111111111111111,0.9496800623892024,0.44385,0.94883,-4.807949705143422e-06,1.7719584276543188e-06
806_YAHOO_id_256_Synthetic_tr_500_1st_893.csv,0.8748674392700195,0.0056497175141242,0.876056338028169,0.3371707435207968,0.9630631955351292,0.0112358433289736,0.0103626943005181,0.0103626943005181,0.0165289256198347,0.9586154828841672,0.33717,0.96306,7.435207967643187e-07,3.195535129174587e-06
807_YAHOO_id_257_WebService_tr_500_1st_1210.csv,0.8812036514282227,0.0769384104224685,0.9161127137422131,0.3582581895213197,0.9545346664434128,0.1691526803933734,0.1666666666666666,0.168067226890756,0.1434563312981152,0.8267829015467647,0.35826,0.95453,-1.8104786803085915e-06,4.666443412792987e-06
810_Exathlon_id_1_Facility_tr_10766_1st_12590.csv,17.226208686828613,0.1033968354619951,0.4478726978470623,0.1039393555083036,0.447680059781416,0.2537190712095695,0.7164818057987935,0.255435457820847,0.2300120866667564,0.6908569166447807,0.10394,0.44768,-6.44491696399907e-07,5.978141598417253e-08
811_Exathlon_id_2_Facility_tr_10766_1st_12590.csv,17.06972336769104,0.9994625536749356,0.9999176494803802,0.9992826383512914,0.9999225527676252,0.9915729733896846,1.0,0.9999999999999996,0.9930173075329836,0.9999630270952254,0.99928,0.99992,2.6383512914396334e-06,2.5527676251746456e-06
812_Exathlon_id_3_Facility_tr_10766_1st_12590.csv,17.268075466156006,0.999499376670952,0.9999222098456936,0.9998269063257108,0.9999844341408513,0.991252936900397,1.0,0.9999999999999996,0.9923140913051596,0.9999544446055392,0.99983,0.99998,-3.0936742891896074e-06,4.434140851272694e-06
813_Exathlon_id_4_Facility_tr_10766_1st_12590.csv,17.04128336906433,0.388104090303452,0.805065791627876,0.3851386589680297,0.8051702949101037,0.4973219531917651,0.998714180749449,0.959044368600682,0.3555507612455644,0.9730317747927866,0.38514,0.80517,-1.3410319703033302e-06,2.9491010367088677e-07
814_Exathlon_id_5_Facility_tr_10766_1st_12590.csv,17.32786536216736,0.9994625536749356,0.9999176494803802,0.9992826383512914,0.9999225527676252,0.9915729733896846,1.0,0.9999999999999996,0.9930173075329836,0.9999630270952254,0.99928,0.99992,2.6383512914396334e-06,2.5527676251746456e-06
815_Exathlon_id_6_Facility_tr_10766_1st_12590.csv,17.049126386642456,0.999499376670952,0.9999222098456936,0.9998269063257108,0.9999844341408513,0.991252936900397,1.0,0.9999999999999996,0.9923140913051596,0.9999544446055392,0.99983,0.99998,-3.0936742891896074e-06,4.434140851272694e-06
816_Exathlon_id_7_Facility_tr_10766_1st_12590.csv,17.230740070343018,0.9240133220869904,0.9953246479831772,0.9285572837017172,0.9955314615377424,0.9672571756506116,0.99972418865496,0.987341772151898,0.5311354459821862,0.9957074532952088,0.92856,0.99553,-2.7162982828565774e-06,1.4615377423865539e-06
817_Exathlon_id_8_Facility_tr_10766_1st_12590.csv,17.05349349975586,0.5733157765148097,0.859589353131634,0.5751977329679078,0.8600775215919628,0.5771833735692233,0.9999080459770114,0.9971014492753616,0.502407024398516,0.9916485720496986,0.5752,0.86008,-2.2670320922735243e-06,-2.4784080371320627e-06
818_Exathlon_id_9_Facility_tr_11665_1st_13484.csv,18.700880527496334,0.8486291838419839,0.9932578896472756,0.917341034490328,0.9960876917493208,0.908549613543814,1.0,0.9999999999999996,0.9032855159648312,0.9939097824629506,0.91734,0.99609,1.0344903279557727e-06,-2.3082506792615476e-06
819_Exathlon_id_10_Facility_tr_10766_1st_12590.csv,17.252059936523438,0.9772861153132648,0.9972712250093876,0.9839540232592108,0.9981750716985782,0.9561289648890574,1.0,0.9999999999999996,0.6222629320515275,0.9975852935155736,0.98395,0.99818,4.023259210783614e-06,-4.928301421736059e-06
820_Exathlon_id_11_Facility_tr_11665_1st_13484.csv,18.443275690078732,0.9347602746080268,0.996114146760272,0.9365220255202396,0.9965980762447314,0.9399590199877972,1.0,0.9999999999999996,0.797911672424517,0.99410296692973,0.93652,0.9966,2.0255202395347283e-06,-1.9237552686401926e-06
821_Exathlon_id_12_Facility_tr_6985_1st_7085.csv,18.62324619293213,0.4071830813554332,0.8172305720620153,0.4071195791958895,0.8202649240863151,0.4321909911822418,0.9960004102143368,0.8888888888888884,0.3479157926408051,0.9697193834817708,0.40712,0.82026,-4.2080411050138267e-07,4.924086315138965e-06
822_Exathlon_id_13_Facility_tr_10766_1st_12590.csv,17.138787984848022,0.5733157765148097,0.859589353131634,0.5751977329679078,0.8600775215919628,0.5771833735692233,0.9999080459770114,0.9971014492753616,0.502407024398516,0.9916485720496986,0.5752,0.86008,-2.2670320922735243e-06,-2.4784080371320627e-06
823_Exathlon_id_14_Facility_tr_10766_1st_12590.csv,17.286255598068237,0.8402130251369142,0.9894709572010792,0.8994729640225981,0.9928223328989226,0.9559355601011184,0.9880065418862438,0.9564505864169464,0.9567450647771444,0.9947636611933393,0.89947,0.99282,2.9640225981397705e-06,2.3328989225968044e-06
824_Exathlon_id_15_Facility_tr_10766_1st_12590.csv,17.259308338165283,0.9934606436786833,0.99745758900583,0.9938816430758785,0.9979143873935868,0.9835265646580416,1.0,0.9999999999999996,0.9851302570843083,0.9996219505429124,0.99388,0.99791,1.643075878465794e-06,4.387393586879895e-06
825_Exathlon_id_16_Facility_tr_10766_1st_12590.csv,17.072821140289307,0.9994625536749356,0.9999176494803802,0.9992826383512914,0.9999225527676252,0.9915729733896846,1.0,0.9999999999999996,0.9930173075329836,0.9999630270952254,0.99928,0.99992,2.6383512914396334e-06,2.5527676251746456e-06
826_Exathlon_id_17_Facility_tr_11665_1st_13484.csv,18.692020177841187,0.9347602746080268,0.996114146760272,0.9365220255202396,0.9965980762447314,0.9399590199877972,1.0,0.9999999999999996,0.797911672424517,0.99410296692973,0.93652,0.9966,2.0255202395347283e-06,-1.9237552686401926e-06
827_Exathlon_id_18_Facility_tr_10766_1st_12590.csv,17.079580545425415,0.9934606436786833,0.99745758900583,0.9938816430758785,0.9979143873935868,0.9835265646580416,1.0,0.9999999999999996,0.9851302570843083,0.9996219505429124,0.99388,0.99791,1.643075878465794e-06,4.387393586879895e-06
828_Exathlon_id_19_Facility_tr_11663_1st_13482.csv,18.63730502128601,0.849482784031921,0.991114647467894,0.8536407158064737,0.9916194690661786,0.8553486465324641,0.9930941552972882,0.974151039026862,0.7014434385935492,0.997166360548652,0.85364,0.99162,7.158064737611269e-07,-5.309338213521642e-07
829_Exathlon_id_20_Facility_tr_10766_1st_12590.csv,17.049878120422363,0.9240133220869904,0.9953246479831772,0.9285572837017172,0.9955314615377424,0.9672571756506116,0.99972418865496,0.987341772151898,0.5311354459821862,0.9957074532952088,0.92856,0.99553,-2.7162982828565774e-06,1.4615377423865539e-06
830_Exathlon_id_21_Facility_tr_10766_1st_12590.csv,17.323455810546875,0.9638318329943912,0.9947300310902052,0.9641649202780914,0.994993307987434,0.9574398966637208,0.9990812201396544,0.9922326229834688,0.7403567671482519,0.9981651162910126,0.96416,0.99499,4.920278091402608e-06,3.3079874339758675e-06
831_Exathlon_id_22_Facility_tr_11665_1st_13484.csv,18.690378427505493,0.9347602746080268,0.996114146760272,0.9365220255202396,0.9965980762447314,0.9399590199877972,1.0,0.9999999999999996,0.797911672424517,0.99410296692973,0.93652,0.9966,2.0255202395347283e-06,-1.9237552686401926e-06
832_Exathlon_id_23_Facility_tr_10766_1st_12590.csv,17.086702585220337,0.9240133220869904,0.9953246479831772,0.9285572837017172,0.9955314615377424,0.9672571756506116,0.99972418865496,0.987341772151898,0.5311354459821862,0.9957074532952088,0.92856,0.99553,-2.7162982828565774e-06,1.4615377423865539e-06
833_Exathlon_id_24_Facility_tr_10766_1st_12590.csv,17.26428246498108,0.999499376670952,0.9999222098456936,0.9998269063257108,0.9999844341408513,0.991252936900397,1.0,0.9999999999999996,0.9923140913051596,0.9999544446055392,0.99983,0.99998,-3.0936742891896074e-06,4.434140851272694e-06
834_Exathlon_id_25_Facility_tr_11665_1st_13484.csv,18.488566637039185,0.9347602746080268,0.996114146760272,0.9365220255202396,0.9965980762447314,0.9399590199877972,1.0,0.9999999999999996,0.797911672424517,0.99410296692973,0.93652,0.9966,2.0255202395347283e-06,-1.9237552686401926e-06
835_Exathlon_id_26_Facility_tr_10766_1st_12590.csv,17.375659465789795,0.3726421962897751,0.8016505936762259,0.3655453031286952,0.8029967436279768,0.4262678182084912,0.9804345866017492,0.7999999999999995,0.3194893397095227,0.9241538464678486,0.36555,0.803,-4.696871304776806e-06,-3.256372023252574e-06
836_Exathlon_id_27_Facility_tr_10766_1st_12590.csv,17.07767915725708,0.999499376670952,0.9999222098456936,0.9998269063257108,0.9999844341408513,0.991252936900397,1.0,0.9999999999999996,0.9923140913051596,0.9999544446055392,0.99983,0.99998,-3.0936742891896074e-06,4.434140851272694e-06
837_Exathlon_id_28_Facility_tr_8898_1st_8998.csv,18.68345832824707,0.1359641897539934,0.2052472594349343,0.1935207818477681,0.297276086167146,0.2116978489377693,0.997564414818613,0.862985685071574,0.339127264883295,0.9706974551655038,0.19352,0.29728,7.818477681109659e-07,-3.913832853974508e-06
838_Exathlon_id_29_Facility_tr_10766_1st_12590.csv,17.269622564315796,0.5733157765148097,0.859589353131634,0.5751977329679078,0.8600775215919628,0.5771833735692233,0.9999080459770114,0.9971014492753616,0.502407024398516,0.9916485720496986,0.5752,0.86008,-2.2670320922735243e-06,-2.4784080371320627e-06
839_Exathlon_id_30_Facility_tr_10766_1st_12590.csv,17.180555820465088,0.9240133220869904,0.9953246479831772,0.9285572837017172,0.9955314615377424,0.9672571756506116,0.99972418865496,0.987341772151898,0.5311354459821862,0.9957074532952088,0.92856,0.99553,-2.7162982828565774e-06,1.4615377423865539e-06
840_Exathlon_id_31_Facility_tr_10766_1st_12590.csv,17.257580041885376,0.9934606436786833,0.99745758900583,0.9938816430758785,0.9979143873935868,0.9835265646580416,1.0,0.9999999999999996,0.9851302570843083,0.9996219505429124,0.99388,0.99791,1.643075878465794e-06,4.387393586879895e-06
841_Exathlon_id_32_Facility_tr_11663_1st_13482.csv,18.5473792552948,0.9176025842290464,0.9972128605625612,0.9671912540593938,0.9989868934710866,0.9627035441647476,1.0,0.9999999999999996,0.9609578443312502,0.9978663366504472,0.96719,0.99899,1.2540593937737654e-06,-3.1065289134435403e-06
842_OPPORTUNITY_id_1_HumanActivity_tr_7295_1st_27516.csv,11.857515811920166,0.0073348214229534,0.2966085014851132,0.0079693014342403,0.3241235406009465,0.0229722755264096,0.1050788091068301,0.0223645420351733,0.0512104712207783,0.7130316084615751,0.00797,0.32412,-6.985657596998707e-07,3.540600946483341e-06
843_OPPORTUNITY_id_2_HumanActivity_tr_808_1st_908.csv,3.878583669662476,0.0860402631889456,0.2432686169712565,0.0876611877095373,0.2505929421515001,0.226097075111932,0.8142602495543672,0.2239654834281229,0.1869919166310811,0.6749797361096149,0.08766,0.25059,1.1877095373036273e-06,2.942151500096024e-06
844_OPPORTUNITY_id_3_HumanActivity_tr_500_1st_566.csv,6.475471258163452,0.0515160248503088,0.4599697550136388,0.0548789748090186,0.4716030631202123,0.1414990384239223,0.3096315449256626,0.1163728262831697,0.1268509762565766,0.8532157158684908,0.05488,0.4716,-1.0251909813990823e-06,3.063120212254411e-06
845_OPPORTUNITY_id_4_HumanActivity_tr_7295_1st_27516.csv,11.703074216842651,0.0141748952545272,0.4612916913485332,0.01615855397717,0.4683817974339966,0.0704391050641129,0.7847800237812128,0.132930513595166,0.2592592592592592,0.984716486876997,0.01616,0.46838,-1.4460228300004763e-06,1.797433996586495e-06
846_OPPORTUNITY_id_5_HumanActivity_tr_2085_1st_2185.csv,9.127310514450071,0.0241612674764917,0.2886070386732647,0.0272672257905233,0.3134479264795171,0.0710926569483624,0.7314487632508834,0.0710126032159929,0.1394807299466161,0.9376352556856892,0.02727,0.31345,-2.774209476700401e-06,-2.0735204829258613e-06
847_OPPORTUNITY_id_6_HumanActivity_tr_808_1st_908.csv,3.8745992183685294,0.0697270320727947,0.1314386769230428,0.0712797841422532,0.1352488649912009,0.2239415352108202,0.5117633878557024,0.2237913111699517,0.3713777351813905,0.6754964412751655,0.07128,0.13525,-2.158577468019951e-07,-1.135008799113546e-06
848_OPPORTUNITY_id_7_HumanActivity_tr_1477_1st_1577.csv,7.3456878662109375,0.0412381115713727,0.591433494754528,0.0492674041059396,0.6216188201028967,0.1458026474749041,0.5420944558521561,0.176190476190476,0.3586727240674777,0.783498294906601,0.04927,0.62162,-2.59589406040317e-06,-1.179897103242844e-06
849_OPPORTUNITY_id_8_HumanActivity_tr_1100_1st_1200.csv,10.176172971725464,0.0293514967757642,0.4276000171219516,0.0237993798942584,0.4402751254041281,0.0532874268831107,0.3721552878179384,0.6666666666666662,0.2052937378954163,0.886367687547726,0.0238,0.44028,-6.201057416027611e-07,-4.874595871895426e-06
850_OPPORTUNITY_id_9_HumanActivity_tr_895_1st_995.csv,6.087630748748779,0.0364900582653647,0.5497558339370888,0.043742555653303,0.5944208364375863,0.103793706414815,0.5547815072830906,0.1124317378734338,0.1491533538193583,0.8539701917923493,0.04374,0.59442,2.5556533029963413e-06,8.364375863045836e-07
851_OPPORTUNITY_id_10_HumanActivity_tr_6213_1st_7311.csv,9.988019227981567,0.0182640678708193,0.0846223152321123,0.0201720014568286,0.1173938152282678,0.0677959551916193,0.1487039563437926,0.0677241272062824,0.0948319702971886,0.808550224898199,0.02017,0.11739,2.0014568286007284e-06,3.8152282678116656e-06
852_OPPORTUNITY_id_11_HumanActivity_tr_500_1st_566.csv,6.458624601364136,0.0443017302476342,0.2596160847107481,0.0522563083349436,0.3092705060607438,0.1169416973641494,0.6602343211578222,0.3999999999999995,0.1701316701316701,0.7668427411849463,0.05226,0.30927,-3.6916650563989517e-06,5.060607438100995e-07
853_OPPORTUNITY_id_12_HumanActivity_tr_808_1st_908.csv,3.898531436920166,0.0722950506881128,0.1303163095631894,0.0745946218934663,0.1345371884171213,0.2239415352108202,0.8811728395061729,0.2237913111699517,0.333307216947459,0.7574837437370361,0.07459,0.13454,4.621893466297267e-06,-2.811582878681218e-06
854_OPPORTUNITY_id_13_HumanActivity_tr_1477_1st_1577.csv,7.536751508712768,0.068258434685594,0.6673761457894299,0.0789914411223235,0.6893972080033097,0.173102398667077,0.7046263345195729,0.4999999999999994,0.2713656387665198,0.8816005754228255,0.07899,0.6894,1.4411223234894743e-06,-2.7919966902878457e-06
855_OPPORTUNITY_id_14_HumanActivity_tr_808_1st_908.csv,3.869505882263184,0.0677203674772146,0.0891651998632581,0.0704367358375391,0.0997206636939732,0.2239415352108202,0.6568881219442048,0.2237913111699517,0.3664204888225585,0.8729546793521085,0.07044,0.09972,-3.2641624609086595e-06,6.636939731963221e-07
856_OPPORTUNITY_id_15_HumanActivity_tr_808_1st_908.csv,3.868243932723999,0.0710941597257645,0.1490647676218313,0.0732957744894812,0.1561130783743222,0.2239415352108202,0.5206291315249602,0.2237913111699517,0.3721538590248845,0.6886057081126457,0.0733,0.15611,-4.225510518804376e-06,3.0783743222018156e-06
857_OPPORTUNITY_id_16_HumanActivity_tr_500_1st_566.csv,6.421555757522583,0.0394116756862597,0.2249868709775865,0.0630495640433877,0.3351920770302015,0.1169841393309165,0.5967294045047825,0.1163728262831697,0.1664499947926234,0.890139653390989,0.06305,0.33519,-4.3595661229633986e-07,2.0770302014971875e-06
858_OPPORTUNITY_id_17_HumanActivity_tr_808_1st_908.csv,3.85973596572876,0.0699691877777361,0.1386023566948742,0.0720182396041149,0.147069027362795,0.2239415352108202,0.7878578820282857,0.2237913111699517,0.3580835448303587,0.7376601426538274,0.07202,0.14707,-1.7603958851059032e-06,-9.726372049989607e-07
859_OPPORTUNITY_id_18_HumanActivity_tr_895_1st_995.csv,6.241152286529541,0.0209966317913734,0.3499473767660845,0.0216766730902251,0.3587469614343381,0.05770694946255,0.2978578714722883,0.0576771135106662,0.0994690712143418,0.7780008926404782,0.02168,0.35875,-3.326909774902659e-06,-3.0385656619169588e-06
860_OPPORTUNITY_id_19_HumanActivity_tr_808_1st_908.csv,3.859678030014038,0.0724529135329575,0.173111861691594,0.0751752904617614,0.1828998636861661,0.2239415352108202,0.729945669542985,0.2237913111699517,0.3749461822362034,0.6736477337649401,0.07518,0.1829,-4.709538238598099e-06,-1.3631383391499163e-07
861_OPPORTUNITY_id_20_HumanActivity_tr_2085_1st_2185.csv,8.952944993972778,0.0274601222408606,0.3878502545642212,0.0286767106164118,0.3967338063307253,0.0712040486858849,0.2540396809163428,0.0710964321411498,0.1010872262548542,0.7962076932878147,0.02868,0.39673,-3.289383588199468e-06,3.8063307252755862e-06
862_OPPORTUNITY_id_21_HumanActivity_tr_500_1st_566.csv,6.428596019744873,0.0514759429997665,0.4040839885639138,0.0609417651459302,0.4459164417364537,0.1208793720344235,0.6588720770288858,0.3703703703703699,0.1724257083621285,0.7965704614135194,0.06094,0.44592,1.7651459301992745e-06,-3.558263546310503e-06
863_OPPORTUNITY_id_22_HumanActivity_tr_808_1st_908.csv,4.032164096832275,0.0798090864829425,0.1566345795354096,0.0811913257243264,0.1624114526323827,0.2239415352108202,0.350575594781274,0.2237913111699517,0.3225838982535354,0.6736477337649401,0.08119,0.16241,1.3257243264008789e-06,1.452632382714647e-06
864_OPPORTUNITY_id_23_HumanActivity_tr_895_1st_995.csv,6.067744016647339,0.0187202262649122,0.2739341601832736,0.0193867893923745,0.2834260930560864,0.0589932991094124,0.2856211281382458,0.0576771135106662,0.1204505146761457,0.7692610468591189,0.01939,0.28343,-3.2106076255020155e-06,-3.906943913611904e-06
865_OPPORTUNITY_id_24_HumanActivity_tr_2085_1st_2185.csv,8.972975492477417,0.0327521079598513,0.3925294276971729,0.0380874352342712,0.4168345743514007,0.0839485707108509,0.7012430347192457,0.1075630252100838,0.1786743843947118,0.7604998977474916,0.03809,0.41683,-2.564765728796381e-06,4.574351400721266e-06
866_OPPORTUNITY_id_25_HumanActivity_tr_6213_1st_7311.csv,10.05073356628418,0.0227385882903698,0.165014208132159,0.0312517081375653,0.2115693529692445,0.0677959551916193,0.9954337899543378,0.4444444444444441,0.2875816993464052,0.968278790874236,0.03125,0.21157,1.70813756530247e-06,-6.470307555017651e-07
867_OPPORTUNITY_id_26_HumanActivity_tr_808_1st_908.csv,4.023242473602295,0.0771001714294874,0.2084518853448361,0.0854023493947286,0.2453531758118259,0.2239415352108202,0.8570356472795497,0.2237913111699517,0.3710103530706365,0.8570375945980363,0.0854,0.24535,2.349394728595744e-06,3.1758118258784496e-06
868_OPPORTUNITY_id_27_HumanActivity_tr_2085_1st_2185.csv,8.974170207977295,0.0234861038021552,0.2880941585655096,0.0251058063865482,0.309430821254637,0.0710926569483624,0.6064453125,0.0710126032159929,0.1346547988989919,0.7042878614940525,0.02511,0.30943,-4.193613451799333e-06,8.212546370178764e-07
869_OPPORTUNITY_id_28_HumanActivity_tr_500_1st_566.csv,6.427730321884155,0.0419646611562507,0.2172561336018333,0.0738379544216103,0.3387167437141891,0.1168851559568206,0.6584192439862543,0.3199999999999995,0.2137691695352587,0.8708220987116662,0.07384,0.33872,-2.0455783897033175e-06,-3.2562858109375092e-06
870_OPPORTUNITY_id_29_HumanActivity_tr_1477_1st_1577.csv,7.333575963973999,0.1168944789928726,0.577163488418101,0.1765003531425106,0.6383431192489775,0.3181770182542285,0.8646288209606987,0.561497326203208,0.3538021175149641,0.9652825668630592,0.1765,0.63834,3.531425106229058e-07,3.1192489774456433e-06
